year;iso;cc;hlo
1945;4;Afghanistan;330.237952
1945;8;Albania;433.5734349
1945;12;Algeria;330.0898517
1945;24;Angola;338.5205211
1945;28;Antigua and Barbuda;377.9344429
1945;31;Azerbaijan;383.8223755
1945;32;Argentina;370.9535681
1945;36;Australia;450.4789501
1945;40;Austria;476.0176309
1945;44;Bahamas;336.1181777
1945;48;Bahrain;394.3744361
1945;50;Bangladesh;314.737863
1945;51;Armenia;383.8223755
1945;52;Barbados;363.1337419
1945;56;Belgium;479.1131846
1945;64;Bhutan;372.1603885
1945;68;Bolivia (Plurinational State of);352.1083524
1945;70;Bosnia and Herzegovina;433.5734349
1945;72;Botswana;317.8883037
1945;76;Brazil;354.6418629
1945;84;Belize;345.1733756
1945;90;Solomon Islands;445.0601721
1945;96;Brunei Darussalam;478.4946622
1945;100;Bulgaria;465.6001047
1945;104;Myanmar;415.8504369
1945;108;Burundi;354.9404335
1945;112;Belarus;465.6001047
1945;116;Cambodia;474.5062515
1945;120;Cameroon;315.1497165
1945;124;Canada;486.0662694
1945;132;Cape Verde;273.0748927
1945;140;Central African Republic;283.270251
1945;144;Sri Lanka;345.4965252
1945;148;Chad;282.3213963
1945;152;Chile;354.3138379
1945;156;China;532.901838
1945;158;Taiwan Province of China;520.570878
1945;170;Colombia;337.8212078
1945;174;Comoros;342.8823078
1945;175;Mayotte;NA
1945;178;Congo;290.8382219
1945;180;Democratic Republic of the Congo;333.6130549
1945;188;Costa Rica;358.3332339
1945;191;Croatia;433.5734349
1945;192;Cuba;372.6977966
1945;196;Cyprus;381.1183081
1945;203;Czech Republic;465.6001047
1945;204;Benin;262.6118704
1945;208;Denmark;479.3381535
1945;214;Dominican Republic;303.3716333
1945;218;Ecuador;330.5622019
1945;222;El Salvador;345.1733756
1945;226;Equatorial Guinea;300.8231764
1945;231;Ethiopia;328.7163431
1945;232;Eritrea;337.5359719
1945;233;Estonia;476.6163887
1945;242;Fiji;450.153077
1945;246;Finland;473.4931373
1945;250;France;471.19153
1945;254;French Guiana;362.8627788
1945;258;French Polynesia;450.967487
1945;262;Djibouti;353.6085853
1945;266;Gabon;323.3983595
1945;268;Georgia;383.8223755
1945;270;Gambia;300.6768809
1945;275;Occupied Palestinian Territory;383.8223755
1945;276;Germany;473.218866
1945;288;Ghana;296.0225922
1945;296;Kiribati;437.2327337
1945;300;Greece;413.4334712
1945;308;Grenada;354.3710542
1945;312;Guadeloupe;366.1641501
1945;316;Guam;NA
1945;320;Guatemala;341.888357
1945;324;Guinea;269.2715992
1945;328;Guyana;352.5039979
1945;332;Haiti;327.5031774
1945;340;Honduras;343.7309948
1945;344;Hong Kong Special Administrative Region of China;526.6527788
1945;348;Hungary;465.6001047
1945;352;Iceland;478.2016655
1945;356;India;327.1191796
1945;360;Indonesia;451.9364206
1945;364;Iran (Islamic Republic of);349.9604736
1945;368;Iraq;393.9349453
1945;372;Ireland;474.1918463
1945;376;Israel;389.655225
1945;380;Italy;442.0905889
1945;384;Cote d'Ivoire;271.5924887
1945;388;Jamaica;331.3301815
1945;392;Japan;520.570878
1945;398;Kazakhstan;432.9596352
1945;400;Jordan;358.2396135
1945;404;Kenya;340.354568
1945;408;Democratic People's Republic of Korea;520.570878
1945;410;Republic of Korea;478.9204149
1945;414;Kuwait;399.611153
1945;417;Kyrgyzstan;432.9596352
1945;418;Lao People's Democratic Republic;437.0297945
1945;422;Lebanon;383.8223755
1945;426;Lesotho;292.7309295
1945;428;Latvia;476.6163887
1945;430;Liberia;276.4295786
1945;434;Libyan Arab Jamahiriya;359.9632486
1945;440;Lithuania;476.6163887
1945;442;Luxembourg;473.2714787
1945;446;Macao Special Administrative Region of China;534.0934555
1945;450;Madagascar;288.4248716
1945;454;Malawi;337.4621708
1945;458;Malaysia;453.5319894
1945;462;Maldives;342.3993875
1945;466;Mali;270.5772726
1945;470;Malta;442.7328773
1945;474;Martinique;377.873864
1945;478;Mauritania;310.656603
1945;480;Mauritius;364.6904394
1945;484;Mexico;322.2115168
1945;496;Mongolia;530.2859252
1945;498;Republic of Moldova;465.6001047
1945;499;Montenegro;433.5734349
1945;504;Morocco;340.6358747
1945;508;Mozambique;285.4523292
1945;512;Oman;380.3221982
1945;516;Namibia;306.6398455
1945;524;Nepal;371.2520158
1945;528;Netherlands;463.7605729
1945;531;Curaçao;363.1337419
1945;533;Aruba;363.1337419
1945;540;New Caledonia;456.718843
1945;548;Vanuatu;451.4904263
1945;554;New Zealand;458.5356087
1945;558;Nicaragua;337.4937622
1945;562;Niger;267.732189
1945;566;Nigeria;286.0031428
1945;578;Norway;481.1864853
1945;583;Micronesia (Federated States of);465.952653
1945;586;Pakistan;328.2306834
1945;591;Panama;367.3824079
1945;598;Papua New Guinea;439.5430348
1945;600;Paraguay;346.1030947
1945;604;Peru;337.0371884
1945;608;Philippines;456.6473707
1945;616;Poland;465.6001047
1945;620;Portugal;427.4819775
1945;624;Guinea-Bissau;253.4373306
1945;626;Timor-Leste;451.2706011
1945;630;Puerto Rico;366.8215568
1945;634;Qatar;398.3510804
1945;638;Reunion;369.4529245
1945;642;Romania;465.6001047
1945;643;Russian Federation;465.6001047
1945;646;Rwanda;309.9382204
1945;662;Saint Lucia;365.0118647
1945;670;Saint Vincent and the Grenadines;390.6710919
1945;678;Sao Tome and Principe;352.7175849
1945;682;Saudi Arabia;383.8223755
1945;686;Senegal;264.0744368
1945;688;Serbia;433.5734349
1945;690;Seychelles;379.2204715
1945;694;Sierra Leone;290.8943341
1945;702;Singapore;448.5024424
1945;703;Slovakia;465.6001047
1945;704;Viet Nam;451.2706011
1945;705;Slovenia;433.5734349
1945;706;Somalia;325.1407314
1945;710;South Africa;306.6398455
1945;716;Zimbabwe;341.4975557
1945;724;Spain;421.221963
1945;728;South Sudan;336.9768122
1945;729;Sudan;325.1936761
1945;732;Western Sahara;NA
1945;740;Suriname;342.574931
1945;748;Swaziland;309.300281
1945;752;Sweden;479.4248444
1945;756;Switzerland;473.218866
1945;760;Syrian Arab Republic;363.7013126
1945;762;Tajikistan;432.9596352
1945;764;Thailand;444.9359884
1945;768;Togo;225.9568371
1945;776;Tonga;448.0317514
1945;780;Trinidad and Tobago;360.6509837
1945;784;United Arab Emirates;396.1367027
1945;788;Tunisia;317.3701718
1945;792;Turkey;366.6010259
1945;795;Turkmenistan;432.9596352
1945;800;Uganda;357.1612768
1945;804;Ukraine;465.6001047
1945;807;The former Yugoslav Republic of Macedonia;433.5734349
1945;818;Egypt;335.0016474
1945;826;United Kingdom of Great Britain and Northern Ireland;470.4785829
1945;830;Channel Islands;NA
1945;834;United Republic of Tanzania;328.1981286
1945;840;United States of America;479.593485
1945;850;United States Virgin Islands;NA
1945;854;Burkina Faso;259.7760867
1945;858;Uruguay;358.1413969
1945;860;Uzbekistan;432.9596352
1945;862;Venezuela (Bolivarian Republic of);343.6577453
1945;882;Samoa;450.2711737
1945;887;Yemen;383.8223755
1945;894;Zambia;330.970161
1950;4;Afghanistan;330.237952
1950;8;Albania;433.5734349
1950;12;Algeria;330.0898517
1950;24;Angola;338.5205211
1950;28;Antigua and Barbuda;377.9344429
1950;31;Azerbaijan;383.8223755
1950;32;Argentina;370.9535681
1950;36;Australia;450.4789501
1950;40;Austria;476.0176309
1950;44;Bahamas;336.1181777
1950;48;Bahrain;394.3744361
1950;50;Bangladesh;314.737863
1950;51;Armenia;383.8223755
1950;52;Barbados;363.1337419
1950;56;Belgium;479.1131846
1950;64;Bhutan;372.1603885
1950;68;Bolivia (Plurinational State of);352.1083524
1950;70;Bosnia and Herzegovina;433.5734349
1950;72;Botswana;317.8883037
1950;76;Brazil;354.6418629
1950;84;Belize;345.1733756
1950;90;Solomon Islands;445.0601721
1950;96;Brunei Darussalam;478.4946622
1950;100;Bulgaria;465.6001047
1950;104;Myanmar;415.8504369
1950;108;Burundi;354.9404335
1950;112;Belarus;465.6001047
1950;116;Cambodia;474.5062515
1950;120;Cameroon;315.1497165
1950;124;Canada;486.0662694
1950;132;Cape Verde;273.0748927
1950;140;Central African Republic;283.270251
1950;144;Sri Lanka;345.4965252
1950;148;Chad;282.3213963
1950;152;Chile;354.3138379
1950;156;China;532.901838
1950;158;Taiwan Province of China;520.570878
1950;170;Colombia;337.8212078
1950;174;Comoros;342.8823078
1950;175;Mayotte;NA
1950;178;Congo;290.8382219
1950;180;Democratic Republic of the Congo;333.6130549
1950;188;Costa Rica;358.3332339
1950;191;Croatia;433.5734349
1950;192;Cuba;372.6977966
1950;196;Cyprus;381.1183081
1950;203;Czech Republic;465.6001047
1950;204;Benin;262.6118704
1950;208;Denmark;479.3381535
1950;214;Dominican Republic;303.3716333
1950;218;Ecuador;330.5622019
1950;222;El Salvador;345.1733756
1950;226;Equatorial Guinea;300.8231764
1950;231;Ethiopia;328.7163431
1950;232;Eritrea;337.5359719
1950;233;Estonia;476.6163887
1950;242;Fiji;450.153077
1950;246;Finland;473.4931373
1950;250;France;471.19153
1950;254;French Guiana;362.8627788
1950;258;French Polynesia;450.967487
1950;262;Djibouti;353.6085853
1950;266;Gabon;323.3983595
1950;268;Georgia;383.8223755
1950;270;Gambia;300.6768809
1950;275;Occupied Palestinian Territory;383.8223755
1950;276;Germany;473.218866
1950;288;Ghana;296.0225922
1950;296;Kiribati;437.2327337
1950;300;Greece;413.4334712
1950;308;Grenada;354.3710542
1950;312;Guadeloupe;366.1641501
1950;316;Guam;NA
1950;320;Guatemala;341.888357
1950;324;Guinea;269.2715992
1950;328;Guyana;352.5039979
1950;332;Haiti;327.5031774
1950;340;Honduras;343.7309948
1950;344;Hong Kong Special Administrative Region of China;526.6527788
1950;348;Hungary;465.6001047
1950;352;Iceland;478.2016655
1950;356;India;327.1191796
1950;360;Indonesia;451.9364206
1950;364;Iran (Islamic Republic of);349.9604736
1950;368;Iraq;393.9349453
1950;372;Ireland;474.1918463
1950;376;Israel;389.655225
1950;380;Italy;442.0905889
1950;384;Cote d'Ivoire;271.5924887
1950;388;Jamaica;331.3301815
1950;392;Japan;520.570878
1950;398;Kazakhstan;432.9596352
1950;400;Jordan;358.2396135
1950;404;Kenya;340.354568
1950;408;Democratic People's Republic of Korea;520.570878
1950;410;Republic of Korea;478.9204149
1950;414;Kuwait;399.611153
1950;417;Kyrgyzstan;432.9596352
1950;418;Lao People's Democratic Republic;437.0297945
1950;422;Lebanon;383.8223755
1950;426;Lesotho;292.7309295
1950;428;Latvia;476.6163887
1950;430;Liberia;276.4295786
1950;434;Libyan Arab Jamahiriya;359.9632486
1950;440;Lithuania;476.6163887
1950;442;Luxembourg;473.2714787
1950;446;Macao Special Administrative Region of China;534.0934555
1950;450;Madagascar;288.4248716
1950;454;Malawi;337.4621708
1950;458;Malaysia;453.5319894
1950;462;Maldives;342.3993875
1950;466;Mali;270.5772726
1950;470;Malta;442.7328773
1950;474;Martinique;377.873864
1950;478;Mauritania;310.656603
1950;480;Mauritius;364.6904394
1950;484;Mexico;322.2115168
1950;496;Mongolia;530.2859252
1950;498;Republic of Moldova;465.6001047
1950;499;Montenegro;433.5734349
1950;504;Morocco;340.6358747
1950;508;Mozambique;285.4523292
1950;512;Oman;380.3221982
1950;516;Namibia;306.6398455
1950;524;Nepal;371.2520158
1950;528;Netherlands;463.7605729
1950;531;Curaçao;363.1337419
1950;533;Aruba;363.1337419
1950;540;New Caledonia;456.718843
1950;548;Vanuatu;451.4904263
1950;554;New Zealand;458.5356087
1950;558;Nicaragua;337.4937622
1950;562;Niger;267.732189
1950;566;Nigeria;286.0031428
1950;578;Norway;481.1864853
1950;583;Micronesia (Federated States of);465.952653
1950;586;Pakistan;328.2306834
1950;591;Panama;367.3824079
1950;598;Papua New Guinea;439.5430348
1950;600;Paraguay;346.1030947
1950;604;Peru;337.0371884
1950;608;Philippines;456.6473707
1950;616;Poland;465.6001047
1950;620;Portugal;427.4819775
1950;624;Guinea-Bissau;253.4373306
1950;626;Timor-Leste;451.2706011
1950;630;Puerto Rico;366.8215568
1950;634;Qatar;398.3510804
1950;638;Reunion;369.4529245
1950;642;Romania;465.6001047
1950;643;Russian Federation;465.6001047
1950;646;Rwanda;309.9382204
1950;662;Saint Lucia;365.0118647
1950;670;Saint Vincent and the Grenadines;390.6710919
1950;678;Sao Tome and Principe;352.7175849
1950;682;Saudi Arabia;383.8223755
1950;686;Senegal;264.0744368
1950;688;Serbia;433.5734349
1950;690;Seychelles;379.2204715
1950;694;Sierra Leone;290.8943341
1950;702;Singapore;448.5024424
1950;703;Slovakia;465.6001047
1950;704;Viet Nam;451.2706011
1950;705;Slovenia;433.5734349
1950;706;Somalia;325.1407314
1950;710;South Africa;306.6398455
1950;716;Zimbabwe;341.4975557
1950;724;Spain;421.221963
1950;728;South Sudan;336.9768122
1950;729;Sudan;325.1936761
1950;732;Western Sahara;NA
1950;740;Suriname;342.574931
1950;748;Swaziland;309.300281
1950;752;Sweden;479.4248444
1950;756;Switzerland;473.218866
1950;760;Syrian Arab Republic;363.7013126
1950;762;Tajikistan;432.9596352
1950;764;Thailand;444.9359884
1950;768;Togo;225.9568371
1950;776;Tonga;448.0317514
1950;780;Trinidad and Tobago;360.6509837
1950;784;United Arab Emirates;396.1367027
1950;788;Tunisia;317.3701718
1950;792;Turkey;366.6010259
1950;795;Turkmenistan;432.9596352
1950;800;Uganda;357.1612768
1950;804;Ukraine;465.6001047
1950;807;The former Yugoslav Republic of Macedonia;433.5734349
1950;818;Egypt;335.0016474
1950;826;United Kingdom of Great Britain and Northern Ireland;470.4785829
1950;830;Channel Islands;NA
1950;834;United Republic of Tanzania;328.1981286
1950;840;United States of America;479.593485
1950;850;United States Virgin Islands;NA
1950;854;Burkina Faso;259.7760867
1950;858;Uruguay;358.1413969
1950;860;Uzbekistan;432.9596352
1950;862;Venezuela (Bolivarian Republic of);343.6577453
1950;882;Samoa;450.2711737
1950;887;Yemen;383.8223755
1950;894;Zambia;330.970161
1955;4;Afghanistan;330.237952
1955;8;Albania;433.5734349
1955;12;Algeria;330.0898517
1955;24;Angola;338.5205211
1955;28;Antigua and Barbuda;377.9344429
1955;31;Azerbaijan;383.8223755
1955;32;Argentina;370.9535681
1955;36;Australia;450.4789501
1955;40;Austria;476.0176309
1955;44;Bahamas;336.1181777
1955;48;Bahrain;394.3744361
1955;50;Bangladesh;314.737863
1955;51;Armenia;383.8223755
1955;52;Barbados;363.1337419
1955;56;Belgium;479.1131846
1955;64;Bhutan;372.1603885
1955;68;Bolivia (Plurinational State of);352.1083524
1955;70;Bosnia and Herzegovina;433.5734349
1955;72;Botswana;317.8883037
1955;76;Brazil;354.6418629
1955;84;Belize;345.1733756
1955;90;Solomon Islands;445.0601721
1955;96;Brunei Darussalam;478.4946622
1955;100;Bulgaria;465.6001047
1955;104;Myanmar;415.8504369
1955;108;Burundi;354.9404335
1955;112;Belarus;465.6001047
1955;116;Cambodia;474.5062515
1955;120;Cameroon;315.1497165
1955;124;Canada;486.0662694
1955;132;Cape Verde;273.0748927
1955;140;Central African Republic;283.270251
1955;144;Sri Lanka;345.4965252
1955;148;Chad;282.3213963
1955;152;Chile;354.3138379
1955;156;China;532.901838
1955;158;Taiwan Province of China;520.570878
1955;170;Colombia;337.8212078
1955;174;Comoros;342.8823078
1955;175;Mayotte;NA
1955;178;Congo;290.8382219
1955;180;Democratic Republic of the Congo;333.6130549
1955;188;Costa Rica;358.3332339
1955;191;Croatia;433.5734349
1955;192;Cuba;372.6977966
1955;196;Cyprus;381.1183081
1955;203;Czech Republic;465.6001047
1955;204;Benin;262.6118704
1955;208;Denmark;479.3381535
1955;214;Dominican Republic;303.3716333
1955;218;Ecuador;330.5622019
1955;222;El Salvador;345.1733756
1955;226;Equatorial Guinea;300.8231764
1955;231;Ethiopia;328.7163431
1955;232;Eritrea;337.5359719
1955;233;Estonia;476.6163887
1955;242;Fiji;450.153077
1955;246;Finland;473.4931373
1955;250;France;471.19153
1955;254;French Guiana;362.8627788
1955;258;French Polynesia;450.967487
1955;262;Djibouti;353.6085853
1955;266;Gabon;323.3983595
1955;268;Georgia;383.8223755
1955;270;Gambia;300.6768809
1955;275;Occupied Palestinian Territory;383.8223755
1955;276;Germany;473.218866
1955;288;Ghana;296.0225922
1955;296;Kiribati;437.2327337
1955;300;Greece;413.4334712
1955;308;Grenada;354.3710542
1955;312;Guadeloupe;366.1641501
1955;316;Guam;NA
1955;320;Guatemala;341.888357
1955;324;Guinea;269.2715992
1955;328;Guyana;352.5039979
1955;332;Haiti;327.5031774
1955;340;Honduras;343.7309948
1955;344;Hong Kong Special Administrative Region of China;526.6527788
1955;348;Hungary;465.6001047
1955;352;Iceland;478.2016655
1955;356;India;327.1191796
1955;360;Indonesia;451.9364206
1955;364;Iran (Islamic Republic of);349.9604736
1955;368;Iraq;393.9349453
1955;372;Ireland;474.1918463
1955;376;Israel;389.655225
1955;380;Italy;442.0905889
1955;384;Cote d'Ivoire;271.5924887
1955;388;Jamaica;331.3301815
1955;392;Japan;520.570878
1955;398;Kazakhstan;432.9596352
1955;400;Jordan;358.2396135
1955;404;Kenya;340.354568
1955;408;Democratic People's Republic of Korea;520.570878
1955;410;Republic of Korea;478.9204149
1955;414;Kuwait;399.611153
1955;417;Kyrgyzstan;432.9596352
1955;418;Lao People's Democratic Republic;437.0297945
1955;422;Lebanon;383.8223755
1955;426;Lesotho;292.7309295
1955;428;Latvia;476.6163887
1955;430;Liberia;276.4295786
1955;434;Libyan Arab Jamahiriya;359.9632486
1955;440;Lithuania;476.6163887
1955;442;Luxembourg;473.2714787
1955;446;Macao Special Administrative Region of China;534.0934555
1955;450;Madagascar;288.4248716
1955;454;Malawi;337.4621708
1955;458;Malaysia;453.5319894
1955;462;Maldives;342.3993875
1955;466;Mali;270.5772726
1955;470;Malta;442.7328773
1955;474;Martinique;377.873864
1955;478;Mauritania;310.656603
1955;480;Mauritius;364.6904394
1955;484;Mexico;322.2115168
1955;496;Mongolia;530.2859252
1955;498;Republic of Moldova;465.6001047
1955;499;Montenegro;433.5734349
1955;504;Morocco;340.6358747
1955;508;Mozambique;285.4523292
1955;512;Oman;380.3221982
1955;516;Namibia;306.6398455
1955;524;Nepal;371.2520158
1955;528;Netherlands;463.7605729
1955;531;Curaçao;363.1337419
1955;533;Aruba;363.1337419
1955;540;New Caledonia;456.718843
1955;548;Vanuatu;451.4904263
1955;554;New Zealand;458.5356087
1955;558;Nicaragua;337.4937622
1955;562;Niger;267.732189
1955;566;Nigeria;286.0031428
1955;578;Norway;481.1864853
1955;583;Micronesia (Federated States of);465.952653
1955;586;Pakistan;328.2306834
1955;591;Panama;367.3824079
1955;598;Papua New Guinea;439.5430348
1955;600;Paraguay;346.1030947
1955;604;Peru;337.0371884
1955;608;Philippines;456.6473707
1955;616;Poland;465.6001047
1955;620;Portugal;427.4819775
1955;624;Guinea-Bissau;253.4373306
1955;626;Timor-Leste;451.2706011
1955;630;Puerto Rico;366.8215568
1955;634;Qatar;398.3510804
1955;638;Reunion;369.4529245
1955;642;Romania;465.6001047
1955;643;Russian Federation;465.6001047
1955;646;Rwanda;309.9382204
1955;662;Saint Lucia;365.0118647
1955;670;Saint Vincent and the Grenadines;390.6710919
1955;678;Sao Tome and Principe;352.7175849
1955;682;Saudi Arabia;383.8223755
1955;686;Senegal;264.0744368
1955;688;Serbia;433.5734349
1955;690;Seychelles;379.2204715
1955;694;Sierra Leone;290.8943341
1955;702;Singapore;448.5024424
1955;703;Slovakia;465.6001047
1955;704;Viet Nam;451.2706011
1955;705;Slovenia;433.5734349
1955;706;Somalia;325.1407314
1955;710;South Africa;306.6398455
1955;716;Zimbabwe;341.4975557
1955;724;Spain;421.221963
1955;728;South Sudan;336.9768122
1955;729;Sudan;325.1936761
1955;732;Western Sahara;NA
1955;740;Suriname;342.574931
1955;748;Swaziland;309.300281
1955;752;Sweden;479.4248444
1955;756;Switzerland;473.218866
1955;760;Syrian Arab Republic;363.7013126
1955;762;Tajikistan;432.9596352
1955;764;Thailand;444.9359884
1955;768;Togo;225.9568371
1955;776;Tonga;448.0317514
1955;780;Trinidad and Tobago;360.6509837
1955;784;United Arab Emirates;396.1367027
1955;788;Tunisia;317.3701718
1955;792;Turkey;366.6010259
1955;795;Turkmenistan;432.9596352
1955;800;Uganda;357.1612768
1955;804;Ukraine;465.6001047
1955;807;The former Yugoslav Republic of Macedonia;433.5734349
1955;818;Egypt;335.0016474
1955;826;United Kingdom of Great Britain and Northern Ireland;470.4785829
1955;830;Channel Islands;NA
1955;834;United Republic of Tanzania;328.1981286
1955;840;United States of America;479.593485
1955;850;United States Virgin Islands;NA
1955;854;Burkina Faso;259.7760867
1955;858;Uruguay;358.1413969
1955;860;Uzbekistan;432.9596352
1955;862;Venezuela (Bolivarian Republic of);343.6577453
1955;882;Samoa;450.2711737
1955;887;Yemen;383.8223755
1955;894;Zambia;330.970161
1960;4;Afghanistan;330.237952
1960;8;Albania;433.5734349
1960;12;Algeria;330.0898517
1960;24;Angola;338.5205211
1960;28;Antigua and Barbuda;377.9344429
1960;31;Azerbaijan;383.8223755
1960;32;Argentina;370.9535681
1960;36;Australia;450.4789501
1960;40;Austria;476.0176309
1960;44;Bahamas;336.1181777
1960;48;Bahrain;394.3744361
1960;50;Bangladesh;314.737863
1960;51;Armenia;383.8223755
1960;52;Barbados;363.1337419
1960;56;Belgium;479.1131846
1960;64;Bhutan;372.1603885
1960;68;Bolivia (Plurinational State of);352.1083524
1960;70;Bosnia and Herzegovina;433.5734349
1960;72;Botswana;317.8883037
1960;76;Brazil;354.6418629
1960;84;Belize;345.1733756
1960;90;Solomon Islands;445.0601721
1960;96;Brunei Darussalam;478.4946622
1960;100;Bulgaria;465.6001047
1960;104;Myanmar;415.8504369
1960;108;Burundi;354.9404335
1960;112;Belarus;465.6001047
1960;116;Cambodia;474.5062515
1960;120;Cameroon;315.1497165
1960;124;Canada;486.0662694
1960;132;Cape Verde;273.0748927
1960;140;Central African Republic;283.270251
1960;144;Sri Lanka;345.4965252
1960;148;Chad;282.3213963
1960;152;Chile;354.3138379
1960;156;China;532.901838
1960;158;Taiwan Province of China;520.570878
1960;170;Colombia;337.8212078
1960;174;Comoros;342.8823078
1960;175;Mayotte;NA
1960;178;Congo;290.8382219
1960;180;Democratic Republic of the Congo;333.6130549
1960;188;Costa Rica;358.3332339
1960;191;Croatia;433.5734349
1960;192;Cuba;372.6977966
1960;196;Cyprus;381.1183081
1960;203;Czech Republic;465.6001047
1960;204;Benin;262.6118704
1960;208;Denmark;479.3381535
1960;214;Dominican Republic;303.3716333
1960;218;Ecuador;330.5622019
1960;222;El Salvador;345.1733756
1960;226;Equatorial Guinea;300.8231764
1960;231;Ethiopia;328.7163431
1960;232;Eritrea;337.5359719
1960;233;Estonia;476.6163887
1960;242;Fiji;450.153077
1960;246;Finland;473.4931373
1960;250;France;471.19153
1960;254;French Guiana;362.8627788
1960;258;French Polynesia;450.967487
1960;262;Djibouti;353.6085853
1960;266;Gabon;323.3983595
1960;268;Georgia;383.8223755
1960;270;Gambia;300.6768809
1960;275;Occupied Palestinian Territory;383.8223755
1960;276;Germany;473.218866
1960;288;Ghana;296.0225922
1960;296;Kiribati;437.2327337
1960;300;Greece;413.4334712
1960;308;Grenada;354.3710542
1960;312;Guadeloupe;366.1641501
1960;316;Guam;NA
1960;320;Guatemala;341.888357
1960;324;Guinea;269.2715992
1960;328;Guyana;352.5039979
1960;332;Haiti;327.5031774
1960;340;Honduras;343.7309948
1960;344;Hong Kong Special Administrative Region of China;526.6527788
1960;348;Hungary;465.6001047
1960;352;Iceland;478.2016655
1960;356;India;327.1191796
1960;360;Indonesia;451.9364206
1960;364;Iran (Islamic Republic of);349.9604736
1960;368;Iraq;393.9349453
1960;372;Ireland;474.1918463
1960;376;Israel;389.655225
1960;380;Italy;442.0905889
1960;384;Cote d'Ivoire;271.5924887
1960;388;Jamaica;331.3301815
1960;392;Japan;520.570878
1960;398;Kazakhstan;432.9596352
1960;400;Jordan;358.2396135
1960;404;Kenya;340.354568
1960;408;Democratic People's Republic of Korea;520.570878
1960;410;Republic of Korea;478.9204149
1960;414;Kuwait;399.611153
1960;417;Kyrgyzstan;432.9596352
1960;418;Lao People's Democratic Republic;437.0297945
1960;422;Lebanon;383.8223755
1960;426;Lesotho;292.7309295
1960;428;Latvia;476.6163887
1960;430;Liberia;276.4295786
1960;434;Libyan Arab Jamahiriya;359.9632486
1960;440;Lithuania;476.6163887
1960;442;Luxembourg;473.2714787
1960;446;Macao Special Administrative Region of China;534.0934555
1960;450;Madagascar;288.4248716
1960;454;Malawi;337.4621708
1960;458;Malaysia;453.5319894
1960;462;Maldives;342.3993875
1960;466;Mali;270.5772726
1960;470;Malta;442.7328773
1960;474;Martinique;377.873864
1960;478;Mauritania;310.656603
1960;480;Mauritius;364.6904394
1960;484;Mexico;322.2115168
1960;496;Mongolia;530.2859252
1960;498;Republic of Moldova;465.6001047
1960;499;Montenegro;433.5734349
1960;504;Morocco;340.6358747
1960;508;Mozambique;285.4523292
1960;512;Oman;380.3221982
1960;516;Namibia;306.6398455
1960;524;Nepal;371.2520158
1960;528;Netherlands;463.7605729
1960;531;Curaçao;363.1337419
1960;533;Aruba;363.1337419
1960;540;New Caledonia;456.718843
1960;548;Vanuatu;451.4904263
1960;554;New Zealand;458.5356087
1960;558;Nicaragua;337.4937622
1960;562;Niger;267.732189
1960;566;Nigeria;286.0031428
1960;578;Norway;481.1864853
1960;583;Micronesia (Federated States of);465.952653
1960;586;Pakistan;328.2306834
1960;591;Panama;367.3824079
1960;598;Papua New Guinea;439.5430348
1960;600;Paraguay;346.1030947
1960;604;Peru;337.0371884
1960;608;Philippines;456.6473707
1960;616;Poland;465.6001047
1960;620;Portugal;427.4819775
1960;624;Guinea-Bissau;253.4373306
1960;626;Timor-Leste;451.2706011
1960;630;Puerto Rico;366.8215568
1960;634;Qatar;398.3510804
1960;638;Reunion;369.4529245
1960;642;Romania;465.6001047
1960;643;Russian Federation;465.6001047
1960;646;Rwanda;309.9382204
1960;662;Saint Lucia;365.0118647
1960;670;Saint Vincent and the Grenadines;390.6710919
1960;678;Sao Tome and Principe;352.7175849
1960;682;Saudi Arabia;383.8223755
1960;686;Senegal;264.0744368
1960;688;Serbia;433.5734349
1960;690;Seychelles;379.2204715
1960;694;Sierra Leone;290.8943341
1960;702;Singapore;448.5024424
1960;703;Slovakia;465.6001047
1960;704;Viet Nam;451.2706011
1960;705;Slovenia;433.5734349
1960;706;Somalia;325.1407314
1960;710;South Africa;306.6398455
1960;716;Zimbabwe;341.4975557
1960;724;Spain;421.221963
1960;728;South Sudan;336.9768122
1960;729;Sudan;325.1936761
1960;732;Western Sahara;NA
1960;740;Suriname;342.574931
1960;748;Swaziland;309.300281
1960;752;Sweden;479.4248444
1960;756;Switzerland;473.218866
1960;760;Syrian Arab Republic;363.7013126
1960;762;Tajikistan;432.9596352
1960;764;Thailand;444.9359884
1960;768;Togo;225.9568371
1960;776;Tonga;448.0317514
1960;780;Trinidad and Tobago;360.6509837
1960;784;United Arab Emirates;396.1367027
1960;788;Tunisia;317.3701718
1960;792;Turkey;366.6010259
1960;795;Turkmenistan;432.9596352
1960;800;Uganda;357.1612768
1960;804;Ukraine;465.6001047
1960;807;The former Yugoslav Republic of Macedonia;433.5734349
1960;818;Egypt;335.0016474
1960;826;United Kingdom of Great Britain and Northern Ireland;470.4785829
1960;830;Channel Islands;NA
1960;834;United Republic of Tanzania;328.1981286
1960;840;United States of America;479.593485
1960;850;United States Virgin Islands;NA
1960;854;Burkina Faso;259.7760867
1960;858;Uruguay;358.1413969
1960;860;Uzbekistan;432.9596352
1960;862;Venezuela (Bolivarian Republic of);343.6577453
1960;882;Samoa;450.2711737
1960;887;Yemen;383.8223755
1960;894;Zambia;330.970161
1965;4;Afghanistan;330.237952
1965;8;Albania;433.5734349
1965;12;Algeria;330.0898517
1965;24;Angola;338.5205211
1965;28;Antigua and Barbuda;377.9344429
1965;31;Azerbaijan;383.8223755
1965;32;Argentina;370.9535681
1965;36;Australia;450.4789501
1965;40;Austria;476.0176309
1965;44;Bahamas;336.1181777
1965;48;Bahrain;394.3744361
1965;50;Bangladesh;314.737863
1965;51;Armenia;383.8223755
1965;52;Barbados;363.1337419
1965;56;Belgium;479.1131846
1965;64;Bhutan;372.1603885
1965;68;Bolivia (Plurinational State of);352.1083524
1965;70;Bosnia and Herzegovina;433.5734349
1965;72;Botswana;317.8883037
1965;76;Brazil;354.6418629
1965;84;Belize;345.1733756
1965;90;Solomon Islands;445.0601721
1965;96;Brunei Darussalam;478.4946622
1965;100;Bulgaria;465.6001047
1965;104;Myanmar;415.8504369
1965;108;Burundi;354.9404335
1965;112;Belarus;465.6001047
1965;116;Cambodia;474.5062515
1965;120;Cameroon;315.1497165
1965;124;Canada;486.0662694
1965;132;Cape Verde;273.0748927
1965;140;Central African Republic;283.270251
1965;144;Sri Lanka;345.4965252
1965;148;Chad;282.3213963
1965;152;Chile;354.3138379
1965;156;China;532.901838
1965;158;Taiwan Province of China;520.570878
1965;170;Colombia;337.8212078
1965;174;Comoros;342.8823078
1965;175;Mayotte;NA
1965;178;Congo;290.8382219
1965;180;Democratic Republic of the Congo;333.6130549
1965;188;Costa Rica;358.3332339
1965;191;Croatia;433.5734349
1965;192;Cuba;372.6977966
1965;196;Cyprus;381.1183081
1965;203;Czech Republic;465.6001047
1965;204;Benin;262.6118704
1965;208;Denmark;479.3381535
1965;214;Dominican Republic;303.3716333
1965;218;Ecuador;330.5622019
1965;222;El Salvador;345.1733756
1965;226;Equatorial Guinea;300.8231764
1965;231;Ethiopia;328.7163431
1965;232;Eritrea;337.5359719
1965;233;Estonia;476.6163887
1965;242;Fiji;450.153077
1965;246;Finland;473.4931373
1965;250;France;471.19153
1965;254;French Guiana;362.8627788
1965;258;French Polynesia;450.967487
1965;262;Djibouti;353.6085853
1965;266;Gabon;323.3983595
1965;268;Georgia;383.8223755
1965;270;Gambia;300.6768809
1965;275;Occupied Palestinian Territory;383.8223755
1965;276;Germany;473.218866
1965;288;Ghana;296.0225922
1965;296;Kiribati;437.2327337
1965;300;Greece;413.4334712
1965;308;Grenada;354.3710542
1965;312;Guadeloupe;366.1641501
1965;316;Guam;NA
1965;320;Guatemala;341.888357
1965;324;Guinea;269.2715992
1965;328;Guyana;352.5039979
1965;332;Haiti;327.5031774
1965;340;Honduras;343.7309948
1965;344;Hong Kong Special Administrative Region of China;526.6527788
1965;348;Hungary;465.6001047
1965;352;Iceland;478.2016655
1965;356;India;327.1191796
1965;360;Indonesia;451.9364206
1965;364;Iran (Islamic Republic of);349.9604736
1965;368;Iraq;393.9349453
1965;372;Ireland;474.1918463
1965;376;Israel;389.655225
1965;380;Italy;442.0905889
1965;384;Cote d'Ivoire;271.5924887
1965;388;Jamaica;331.3301815
1965;392;Japan;520.570878
1965;398;Kazakhstan;432.9596352
1965;400;Jordan;358.2396135
1965;404;Kenya;340.354568
1965;408;Democratic People's Republic of Korea;520.570878
1965;410;Republic of Korea;478.9204149
1965;414;Kuwait;399.611153
1965;417;Kyrgyzstan;432.9596352
1965;418;Lao People's Democratic Republic;437.0297945
1965;422;Lebanon;383.8223755
1965;426;Lesotho;292.7309295
1965;428;Latvia;476.6163887
1965;430;Liberia;276.4295786
1965;434;Libyan Arab Jamahiriya;359.9632486
1965;440;Lithuania;476.6163887
1965;442;Luxembourg;473.2714787
1965;446;Macao Special Administrative Region of China;534.0934555
1965;450;Madagascar;288.4248716
1965;454;Malawi;337.4621708
1965;458;Malaysia;453.5319894
1965;462;Maldives;342.3993875
1965;466;Mali;270.5772726
1965;470;Malta;442.7328773
1965;474;Martinique;377.873864
1965;478;Mauritania;310.656603
1965;480;Mauritius;364.6904394
1965;484;Mexico;322.2115168
1965;496;Mongolia;530.2859252
1965;498;Republic of Moldova;465.6001047
1965;499;Montenegro;433.5734349
1965;504;Morocco;340.6358747
1965;508;Mozambique;285.4523292
1965;512;Oman;380.3221982
1965;516;Namibia;306.6398455
1965;524;Nepal;371.2520158
1965;528;Netherlands;463.7605729
1965;531;Curaçao;363.1337419
1965;533;Aruba;363.1337419
1965;540;New Caledonia;456.718843
1965;548;Vanuatu;451.4904263
1965;554;New Zealand;458.5356087
1965;558;Nicaragua;337.4937622
1965;562;Niger;267.732189
1965;566;Nigeria;286.0031428
1965;578;Norway;481.1864853
1965;583;Micronesia (Federated States of);465.952653
1965;586;Pakistan;328.2306834
1965;591;Panama;367.3824079
1965;598;Papua New Guinea;439.5430348
1965;600;Paraguay;346.1030947
1965;604;Peru;337.0371884
1965;608;Philippines;456.6473707
1965;616;Poland;465.6001047
1965;620;Portugal;427.4819775
1965;624;Guinea-Bissau;253.4373306
1965;626;Timor-Leste;451.2706011
1965;630;Puerto Rico;366.8215568
1965;634;Qatar;398.3510804
1965;638;Reunion;369.4529245
1965;642;Romania;465.6001047
1965;643;Russian Federation;465.6001047
1965;646;Rwanda;309.9382204
1965;662;Saint Lucia;365.0118647
1965;670;Saint Vincent and the Grenadines;390.6710919
1965;678;Sao Tome and Principe;352.7175849
1965;682;Saudi Arabia;383.8223755
1965;686;Senegal;264.0744368
1965;688;Serbia;433.5734349
1965;690;Seychelles;379.2204715
1965;694;Sierra Leone;290.8943341
1965;702;Singapore;448.5024424
1965;703;Slovakia;465.6001047
1965;704;Viet Nam;451.2706011
1965;705;Slovenia;433.5734349
1965;706;Somalia;325.1407314
1965;710;South Africa;306.6398455
1965;716;Zimbabwe;341.4975557
1965;724;Spain;421.221963
1965;728;South Sudan;336.9768122
1965;729;Sudan;325.1936761
1965;732;Western Sahara;NA
1965;740;Suriname;342.574931
1965;748;Swaziland;309.300281
1965;752;Sweden;479.4248444
1965;756;Switzerland;473.218866
1965;760;Syrian Arab Republic;363.7013126
1965;762;Tajikistan;432.9596352
1965;764;Thailand;444.9359884
1965;768;Togo;225.9568371
1965;776;Tonga;448.0317514
1965;780;Trinidad and Tobago;360.6509837
1965;784;United Arab Emirates;396.1367027
1965;788;Tunisia;317.3701718
1965;792;Turkey;366.6010259
1965;795;Turkmenistan;432.9596352
1965;800;Uganda;357.1612768
1965;804;Ukraine;465.6001047
1965;807;The former Yugoslav Republic of Macedonia;433.5734349
1965;818;Egypt;335.0016474
1965;826;United Kingdom of Great Britain and Northern Ireland;470.4785829
1965;830;Channel Islands;NA
1965;834;United Republic of Tanzania;328.1981286
1965;840;United States of America;479.593485
1965;850;United States Virgin Islands;NA
1965;854;Burkina Faso;259.7760867
1965;858;Uruguay;358.1413969
1965;860;Uzbekistan;432.9596352
1965;862;Venezuela (Bolivarian Republic of);343.6577453
1965;882;Samoa;450.2711737
1965;887;Yemen;383.8223755
1965;894;Zambia;330.970161
1970;4;Afghanistan;330.237952
1970;8;Albania;433.5734349
1970;12;Algeria;330.0898517
1970;24;Angola;338.5205211
1970;28;Antigua and Barbuda;377.9344429
1970;31;Azerbaijan;383.8223755
1970;32;Argentina;370.9535681
1970;36;Australia;450.4789501
1970;40;Austria;476.0176309
1970;44;Bahamas;336.1181777
1970;48;Bahrain;394.3744361
1970;50;Bangladesh;314.737863
1970;51;Armenia;383.8223755
1970;52;Barbados;363.1337419
1970;56;Belgium;479.1131846
1970;64;Bhutan;372.1603885
1970;68;Bolivia (Plurinational State of);352.1083524
1970;70;Bosnia and Herzegovina;433.5734349
1970;72;Botswana;317.8883037
1970;76;Brazil;354.6418629
1970;84;Belize;345.1733756
1970;90;Solomon Islands;445.0601721
1970;96;Brunei Darussalam;478.4946622
1970;100;Bulgaria;465.6001047
1970;104;Myanmar;415.8504369
1970;108;Burundi;354.9404335
1970;112;Belarus;465.6001047
1970;116;Cambodia;474.5062515
1970;120;Cameroon;315.1497165
1970;124;Canada;486.0662694
1970;132;Cape Verde;273.0748927
1970;140;Central African Republic;283.270251
1970;144;Sri Lanka;345.4965252
1970;148;Chad;282.3213963
1970;152;Chile;354.3138379
1970;156;China;532.901838
1970;158;Taiwan Province of China;520.570878
1970;170;Colombia;337.8212078
1970;174;Comoros;342.8823078
1970;175;Mayotte;NA
1970;178;Congo;290.8382219
1970;180;Democratic Republic of the Congo;333.6130549
1970;188;Costa Rica;358.3332339
1970;191;Croatia;433.5734349
1970;192;Cuba;372.6977966
1970;196;Cyprus;381.1183081
1970;203;Czech Republic;465.6001047
1970;204;Benin;262.6118704
1970;208;Denmark;479.3381535
1970;214;Dominican Republic;303.3716333
1970;218;Ecuador;330.5622019
1970;222;El Salvador;345.1733756
1970;226;Equatorial Guinea;300.8231764
1970;231;Ethiopia;328.7163431
1970;232;Eritrea;337.5359719
1970;233;Estonia;476.6163887
1970;242;Fiji;450.153077
1970;246;Finland;473.4931373
1970;250;France;471.19153
1970;254;French Guiana;362.8627788
1970;258;French Polynesia;450.967487
1970;262;Djibouti;353.6085853
1970;266;Gabon;323.3983595
1970;268;Georgia;383.8223755
1970;270;Gambia;300.6768809
1970;275;Occupied Palestinian Territory;383.8223755
1970;276;Germany;473.218866
1970;288;Ghana;296.0225922
1970;296;Kiribati;437.2327337
1970;300;Greece;413.4334712
1970;308;Grenada;354.3710542
1970;312;Guadeloupe;366.1641501
1970;316;Guam;NA
1970;320;Guatemala;341.888357
1970;324;Guinea;269.2715992
1970;328;Guyana;352.5039979
1970;332;Haiti;327.5031774
1970;340;Honduras;343.7309948
1970;344;Hong Kong Special Administrative Region of China;526.6527788
1970;348;Hungary;465.6001047
1970;352;Iceland;478.2016655
1970;356;India;327.1191796
1970;360;Indonesia;451.9364206
1970;364;Iran (Islamic Republic of);349.9604736
1970;368;Iraq;393.9349453
1970;372;Ireland;474.1918463
1970;376;Israel;389.655225
1970;380;Italy;442.0905889
1970;384;Cote d'Ivoire;271.5924887
1970;388;Jamaica;331.3301815
1970;392;Japan;520.570878
1970;398;Kazakhstan;432.9596352
1970;400;Jordan;358.2396135
1970;404;Kenya;340.354568
1970;408;Democratic People's Republic of Korea;520.570878
1970;410;Republic of Korea;478.9204149
1970;414;Kuwait;399.611153
1970;417;Kyrgyzstan;432.9596352
1970;418;Lao People's Democratic Republic;437.0297945
1970;422;Lebanon;383.8223755
1970;426;Lesotho;292.7309295
1970;428;Latvia;476.6163887
1970;430;Liberia;276.4295786
1970;434;Libyan Arab Jamahiriya;359.9632486
1970;440;Lithuania;476.6163887
1970;442;Luxembourg;473.2714787
1970;446;Macao Special Administrative Region of China;534.0934555
1970;450;Madagascar;288.4248716
1970;454;Malawi;337.4621708
1970;458;Malaysia;453.5319894
1970;462;Maldives;342.3993875
1970;466;Mali;270.5772726
1970;470;Malta;442.7328773
1970;474;Martinique;377.873864
1970;478;Mauritania;310.656603
1970;480;Mauritius;364.6904394
1970;484;Mexico;322.2115168
1970;496;Mongolia;530.2859252
1970;498;Republic of Moldova;465.6001047
1970;499;Montenegro;433.5734349
1970;504;Morocco;340.6358747
1970;508;Mozambique;285.4523292
1970;512;Oman;380.3221982
1970;516;Namibia;306.6398455
1970;524;Nepal;371.2520158
1970;528;Netherlands;463.7605729
1970;531;Curaçao;363.1337419
1970;533;Aruba;363.1337419
1970;540;New Caledonia;456.718843
1970;548;Vanuatu;451.4904263
1970;554;New Zealand;458.5356087
1970;558;Nicaragua;337.4937622
1970;562;Niger;267.732189
1970;566;Nigeria;286.0031428
1970;578;Norway;481.1864853
1970;583;Micronesia (Federated States of);465.952653
1970;586;Pakistan;328.2306834
1970;591;Panama;367.3824079
1970;598;Papua New Guinea;439.5430348
1970;600;Paraguay;346.1030947
1970;604;Peru;337.0371884
1970;608;Philippines;456.6473707
1970;616;Poland;465.6001047
1970;620;Portugal;427.4819775
1970;624;Guinea-Bissau;253.4373306
1970;626;Timor-Leste;451.2706011
1970;630;Puerto Rico;366.8215568
1970;634;Qatar;398.3510804
1970;638;Reunion;369.4529245
1970;642;Romania;465.6001047
1970;643;Russian Federation;465.6001047
1970;646;Rwanda;309.9382204
1970;662;Saint Lucia;365.0118647
1970;670;Saint Vincent and the Grenadines;390.6710919
1970;678;Sao Tome and Principe;352.7175849
1970;682;Saudi Arabia;383.8223755
1970;686;Senegal;264.0744368
1970;688;Serbia;433.5734349
1970;690;Seychelles;379.2204715
1970;694;Sierra Leone;290.8943341
1970;702;Singapore;448.5024424
1970;703;Slovakia;465.6001047
1970;704;Viet Nam;451.2706011
1970;705;Slovenia;433.5734349
1970;706;Somalia;325.1407314
1970;710;South Africa;306.6398455
1970;716;Zimbabwe;341.4975557
1970;724;Spain;421.221963
1970;728;South Sudan;336.9768122
1970;729;Sudan;325.1936761
1970;732;Western Sahara;NA
1970;740;Suriname;342.574931
1970;748;Swaziland;309.300281
1970;752;Sweden;479.4248444
1970;756;Switzerland;473.218866
1970;760;Syrian Arab Republic;363.7013126
1970;762;Tajikistan;432.9596352
1970;764;Thailand;444.9359884
1970;768;Togo;225.9568371
1970;776;Tonga;448.0317514
1970;780;Trinidad and Tobago;360.6509837
1970;784;United Arab Emirates;396.1367027
1970;788;Tunisia;317.3701718
1970;792;Turkey;366.6010259
1970;795;Turkmenistan;432.9596352
1970;800;Uganda;357.1612768
1970;804;Ukraine;465.6001047
1970;807;The former Yugoslav Republic of Macedonia;433.5734349
1970;818;Egypt;335.0016474
1970;826;United Kingdom of Great Britain and Northern Ireland;470.4785829
1970;830;Channel Islands;NA
1970;834;United Republic of Tanzania;328.1981286
1970;840;United States of America;479.593485
1970;850;United States Virgin Islands;NA
1970;854;Burkina Faso;259.7760867
1970;858;Uruguay;358.1413969
1970;860;Uzbekistan;432.9596352
1970;862;Venezuela (Bolivarian Republic of);343.6577453
1970;882;Samoa;450.2711737
1970;887;Yemen;383.8223755
1970;894;Zambia;330.970161
1975;4;Afghanistan;334.3594546
1975;8;Albania;442.0568353
1975;12;Algeria;336.3480327
1975;24;Angola;316.7478819
1975;28;Antigua and Barbuda;378.9394423
1975;31;Azerbaijan;391.4409937
1975;32;Argentina;369.8701495
1975;36;Australia;459.9958595
1975;40;Austria;482.0238772
1975;44;Bahamas;377.8607345
1975;48;Bahrain;394.709769
1975;50;Bangladesh;309.4309257
1975;51;Armenia;391.4409937
1975;52;Barbados;371.1456317
1975;56;Belgium;481.2250185
1975;64;Bhutan;363.312485
1975;68;Bolivia (Plurinational State of);353.31636
1975;70;Bosnia and Herzegovina;442.0568353
1975;72;Botswana;326.6383802
1975;76;Brazil;353.31636
1975;84;Belize;342.8171975
1975;90;Solomon Islands;447.7910957
1975;96;Brunei Darussalam;471.6012978
1975;100;Bulgaria;459.1896781
1975;104;Myanmar;399.1825723
1975;108;Burundi;356.7175697
1975;112;Belarus;459.1896781
1975;116;Cambodia;443.8385638
1975;120;Cameroon;315.9466258
1975;124;Canada;485.8778834
1975;132;Cape Verde;264.2553891
1975;140;Central African Republic;275.5895118
1975;144;Sri Lanka;350.6458101
1975;148;Chad;316.7478819
1975;152;Chile;353.1556413
1975;156;China;531.0965064
1975;158;Taiwan Province of China;520.9767679
1975;170;Colombia;339.1873389
1975;174;Comoros;324.453198
1975;175;Mayotte;NA
1975;178;Congo;310.5702989
1975;180;Democratic Republic of the Congo;316.7478819
1975;188;Costa Rica;357.3145825
1975;191;Croatia;442.0568353
1975;192;Cuba;384.7405302
1975;196;Cyprus;385.3501434
1975;203;Czech Republic;459.1896781
1975;204;Benin;248.4515542
1975;208;Denmark;472.2759141
1975;214;Dominican Republic;318.8526659
1975;218;Ecuador;330.7104587
1975;222;El Salvador;338.7705541
1975;226;Equatorial Guinea;316.7478819
1975;231;Ethiopia;330.8872255
1975;232;Eritrea;335.2268783
1975;233;Estonia;471.7976612
1975;242;Fiji;445.9940948
1975;246;Finland;478.5190562
1975;250;France;471.6229741
1975;254;French Guiana;354.1194794
1975;258;French Polynesia;452.9659209
1975;262;Djibouti;346.0305043
1975;266;Gabon;321.040864
1975;268;Georgia;391.4409937
1975;270;Gambia;304.2807065
1975;275;Occupied Palestinian Territory;391.4409937
1975;276;Germany;475.1603022
1975;288;Ghana;297.9952023
1975;296;Kiribati;434.9315143
1975;300;Greece;417.5263588
1975;308;Grenada;361.7130573
1975;312;Guadeloupe;369.202435
1975;316;Guam;NA
1975;320;Guatemala;341.1448254
1975;324;Guinea;269.1199111
1975;328;Guyana;358.4442906
1975;332;Haiti;342.2521966
1975;340;Honduras;338.2929176
1975;344;Hong Kong Special Administrative Region of China;527.6630056
1975;348;Hungary;459.1896781
1975;352;Iceland;475.5852943
1975;356;India;323.9217708
1975;360;Indonesia;440.5893973
1975;364;Iran (Islamic Republic of);356.2707036
1975;368;Iraq;383.1593686
1975;372;Ireland;448.0491887
1975;376;Israel;421.4440001
1975;380;Italy;447.6662619
1975;384;Cote d'Ivoire;274.0524283
1975;388;Jamaica;341.8733037
1975;392;Japan;520.9767679
1975;398;Kazakhstan;438.1605456
1975;400;Jordan;367.6269327
1975;404;Kenya;340.525935
1975;408;Democratic People's Republic of Korea;520.9767679
1975;410;Republic of Korea;484.7716162
1975;414;Kuwait;402.0224088
1975;417;Kyrgyzstan;438.1605456
1975;418;Lao People's Democratic Republic;449.0291825
1975;422;Lebanon;391.4409937
1975;426;Lesotho;281.3367163
1975;428;Latvia;471.7976612
1975;430;Liberia;275.5971934
1975;434;Libyan Arab Jamahiriya;372.2028974
1975;440;Lithuania;471.7976612
1975;442;Luxembourg;475.0572096
1975;446;Macao Special Administrative Region of China;534.3198491
1975;450;Madagascar;308.5656764
1975;454;Malawi;331.8608645
1975;458;Malaysia;451.6338095
1975;462;Maldives;338.9689132
1975;466;Mali;267.1698767
1975;470;Malta;441.4484622
1975;474;Martinique;376.5335445
1975;478;Mauritania;276.5869516
1975;480;Mauritius;382.1855471
1975;484;Mexico;320.526897
1975;496;Mongolia;527.0328151
1975;498;Republic of Moldova;459.1896781
1975;499;Montenegro;442.0568353
1975;504;Morocco;338.5548604
1975;508;Mozambique;239.5242885
1975;512;Oman;388.6914311
1975;516;Namibia;313.7006572
1975;524;Nepal;343.9180371
1975;528;Netherlands;465.8724479
1975;531;Curaçao;369.9972361
1975;533;Aruba;369.9972361
1975;540;New Caledonia;459.8560312
1975;548;Vanuatu;452.3373956
1975;554;New Zealand;458.8087935
1975;558;Nicaragua;338.4159671
1975;562;Niger;272.5581786
1975;566;Nigeria;283.1711681
1975;578;Norway;472.5756629
1975;583;Micronesia (Federated States of);446.00698
1975;586;Pakistan;329.8921375
1975;591;Panama;365.254708
1975;598;Papua New Guinea;440.1853712
1975;600;Paraguay;351.8995329
1975;604;Peru;327.5727083
1975;608;Philippines;448.2619979
1975;616;Poland;459.1896781
1975;620;Portugal;440.9261866
1975;624;Guinea-Bissau;289.00336
1975;626;Timor-Leste;443.8385638
1975;630;Puerto Rico;380.4281663
1975;634;Qatar;398.1414294
1975;638;Reunion;369.681556
1975;642;Romania;459.1896781
1975;643;Russian Federation;459.1896781
1975;646;Rwanda;305.5020045
1975;662;Saint Lucia;361.5478018
1975;670;Saint Vincent and the Grenadines;392.3384885
1975;678;Sao Tome and Principe;360.5920645
1975;682;Saudi Arabia;401.3704294
1975;686;Senegal;268.3180783
1975;688;Serbia;442.0568353
1975;690;Seychelles;379.2882462
1975;694;Sierra Leone;290.7363242
1975;702;Singapore;448.282029
1975;703;Slovakia;459.1896781
1975;704;Viet Nam;436.450247
1975;705;Slovenia;442.0568353
1975;706;Somalia;345.5627537
1975;710;South Africa;332.5979635
1975;716;Zimbabwe;335.4270849
1975;724;Spain;439.9730583
1975;728;South Sudan;342.8511533
1975;729;Sudan;338.2793442
1975;732;Western Sahara;NA
1975;740;Suriname;350.4304229
1975;748;Swaziland;314.2295881
1975;752;Sweden;480.0479348
1975;756;Switzerland;475.1603022
1975;760;Syrian Arab Republic;373.7753018
1975;762;Tajikistan;438.1605456
1975;764;Thailand;449.5165348
1975;768;Togo;238.8785467
1975;776;Tonga;447.3599231
1975;780;Trinidad and Tobago;366.9123713
1975;784;United Arab Emirates;407.8785667
1975;788;Tunisia;331.3895222
1975;792;Turkey;373.1222234
1975;795;Turkmenistan;438.1605456
1975;800;Uganda;350.7040128
1975;804;Ukraine;459.1896781
1975;807;The former Yugoslav Republic of Macedonia;442.0568353
1975;818;Egypt;340.3322184
1975;826;United Kingdom of Great Britain and Northern Ireland;475.5306027
1975;830;Channel Islands;NA
1975;834;United Republic of Tanzania;322.5396728
1975;840;United States of America;479.4770443
1975;850;United States Virgin Islands;NA
1975;854;Burkina Faso;245.2797904
1975;858;Uruguay;358.536207
1975;860;Uzbekistan;438.1605456
1975;862;Venezuela (Bolivarian Republic of);352.2017755
1975;882;Samoa;457.5118436
1975;887;Yemen;391.4409937
1975;894;Zambia;329.4006783
1980;4;Afghanistan;331.8993074
1980;8;Albania;445.1973712
1980;12;Algeria;347.1399719
1980;24;Angola;348.8431789
1980;28;Antigua and Barbuda;371.5623455
1980;31;Azerbaijan;395.7010549
1980;32;Argentina;366.008084
1980;36;Australia;463.9299671
1980;40;Austria;491.2418551
1980;44;Bahamas;372.666252
1980;48;Bahrain;401.691621
1980;50;Bangladesh;298.7418827
1980;51;Armenia;395.7010549
1980;52;Barbados;377.8270139
1980;56;Belgium;481.4124975
1980;64;Bhutan;336.9192494
1980;68;Bolivia (Plurinational State of);356.8557485
1980;70;Bosnia and Herzegovina;445.1973712
1980;72;Botswana;325.6702274
1980;76;Brazil;356.8557485
1980;84;Belize;348.4678848
1980;90;Solomon Islands;454.5653254
1980;96;Brunei Darussalam;473.2492995
1980;100;Bulgaria;457.1700444
1980;104;Myanmar;398.5158081
1980;108;Burundi;335.0259107
1980;112;Belarus;457.1700444
1980;116;Cambodia;415.0365412
1980;120;Cameroon;308.9952166
1980;124;Canada;495.2949751
1980;132;Cape Verde;271.2610834
1980;140;Central African Republic;284.709884
1980;144;Sri Lanka;333.7474565
1980;148;Chad;316.076547
1980;152;Chile;358.6620212
1980;156;China;536.6911156
1980;158;Taiwan Province of China;523.3819824
1980;170;Colombia;345.2736928
1980;174;Comoros;340.8527046
1980;175;Mayotte;NA
1980;178;Congo;304.7509372
1980;180;Democratic Republic of the Congo;325.0193591
1980;188;Costa Rica;359.1387691
1980;191;Croatia;445.1973712
1980;192;Cuba;401.1798843
1980;196;Cyprus;393.6756595
1980;203;Czech Republic;454.0927436
1980;204;Benin;265.2345604
1980;208;Denmark;471.2744002
1980;214;Dominican Republic;315.2131233
1980;218;Ecuador;338.6608122
1980;222;El Salvador;348.4678848
1980;226;Equatorial Guinea;270.6546516
1980;231;Ethiopia;292.2072802
1980;232;Eritrea;339.3347943
1980;233;Estonia;470.3546442
1980;242;Fiji;450.7914866
1980;246;Finland;482.6990732
1980;250;France;474.5863687
1980;254;French Guiana;366.1970078
1980;258;French Polynesia;465.1348876
1980;262;Djibouti;335.8237922
1980;266;Gabon;324.1167245
1980;268;Georgia;401.4611728
1980;270;Gambia;304.8429904
1980;275;Occupied Palestinian Territory;395.7010549
1980;276;Germany;481.8805829
1980;288;Ghana;289.8382467
1980;296;Kiribati;443.9470518
1980;300;Greece;427.368866
1980;308;Grenada;371.4059407
1980;312;Guadeloupe;378.9171898
1980;316;Guam;NA
1980;320;Guatemala;345.0762215
1980;324;Guinea;285.0905924
1980;328;Guyana;348.9673306
1980;332;Haiti;321.1765995
1980;340;Honduras;334.305788
1980;344;Hong Kong Special Administrative Region of China;530.4388311
1980;348;Hungary;457.1700444
1980;352;Iceland;470.3546442
1980;356;India;333.947091
1980;360;Indonesia;448.2752491
1980;364;Iran (Islamic Republic of);376.0546813
1980;368;Iraq;379.7705221
1980;372;Ireland;454.303731
1980;376;Israel;424.7161679
1980;380;Italy;454.9786425
1980;384;Cote d'Ivoire;286.2206997
1980;388;Jamaica;342.7301912
1980;392;Japan;523.3819824
1980;398;Kazakhstan;430.1604386
1980;400;Jordan;375.7363975
1980;404;Kenya;341.908892
1980;408;Democratic People's Republic of Korea;523.3819824
1980;410;Republic of Korea;500.3965319
1980;414;Kuwait;400.4148143
1980;417;Kyrgyzstan;426.0448677
1980;418;Lao People's Democratic Republic;449.8146537
1980;422;Lebanon;404.399171
1980;426;Lesotho;291.9663229
1980;428;Latvia;473.8455938
1980;430;Liberia;277.7027193
1980;434;Libyan Arab Jamahiriya;377.9842351
1980;440;Lithuania;461.4589536
1980;442;Luxembourg;489.1572186
1980;446;Macao Special Administrative Region of China;523.3819824
1980;450;Madagascar;335.8872354
1980;454;Malawi;339.3347943
1980;458;Malaysia;466.0043798
1980;462;Maldives;333.947091
1980;466;Mali;270.9936569
1980;470;Malta;436.656182
1980;474;Martinique;382.1750737
1980;478;Mauritania;262.2146222
1980;480;Mauritius;385.8253111
1980;484;Mexico;341.1050107
1980;496;Mongolia;526.0014479
1980;498;Republic of Moldova;455.4120146
1980;499;Montenegro;445.1973712
1980;504;Morocco;337.6620753
1980;508;Mozambique;286.0071218
1980;512;Oman;389.0434779
1980;516;Namibia;313.8155609
1980;524;Nepal;323.9034628
1980;528;Netherlands;474.6226495
1980;531;Curaçao;371.5623455
1980;533;Aruba;371.5623455
1980;540;New Caledonia;464.7572178
1980;548;Vanuatu;459.2872619
1980;554;New Zealand;456.0017261
1980;558;Nicaragua;346.9934679
1980;562;Niger;270.3609402
1980;566;Nigeria;278.8182491
1980;578;Norway;470.4019193
1980;583;Micronesia (Federated States of);454.8709261
1980;586;Pakistan;336.3636475
1980;591;Panama;364.1881238
1980;598;Papua New Guinea;441.7975994
1980;600;Paraguay;358.2887463
1980;604;Peru;335.5201589
1980;608;Philippines;440.9586629
1980;616;Poland;457.1700444
1980;620;Portugal;445.4188546
1980;624;Guinea-Bissau;309.2045147
1980;626;Timor-Leste;444.4064523
1980;630;Puerto Rico;371.5623455
1980;634;Qatar;412.7406901
1980;638;Reunion;381.2401865
1980;642;Romania;461.837258
1980;643;Russian Federation;457.1700444
1980;646;Rwanda;317.1412977
1980;662;Saint Lucia;360.0115113
1980;670;Saint Vincent and the Grenadines;386.1323099
1980;678;Sao Tome and Principe;361.5224433
1980;682;Saudi Arabia;397.7182881
1980;686;Senegal;264.3400071
1980;688;Serbia;445.1973712
1980;690;Seychelles;361.4912588
1980;694;Sierra Leone;285.428867
1980;702;Singapore;450.425333
1980;703;Slovakia;457.1700444
1980;704;Viet Nam;431.7564903
1980;705;Slovenia;445.1973712
1980;706;Somalia;362.4277484
1980;710;South Africa;313.8155609
1980;716;Zimbabwe;336.9635296
1980;724;Spain;423.8978272
1980;728;South Sudan;347.490498
1980;729;Sudan;344.274183
1980;732;Western Sahara;NA
1980;740;Suriname;360.1543807
1980;748;Swaziland;323.8101101
1980;752;Sweden;473.7443089
1980;756;Switzerland;480.2629527
1980;760;Syrian Arab Republic;385.0281881
1980;762;Tajikistan;430.1604386
1980;764;Thailand;470.028042
1980;768;Togo;252.2169037
1980;776;Tonga;467.1195975
1980;780;Trinidad and Tobago;376.8053025
1980;784;United Arab Emirates;399.3470341
1980;788;Tunisia;333.7126633
1980;792;Turkey;374.0715068
1980;795;Turkmenistan;430.1604386
1980;800;Uganda;347.5550027
1980;804;Ukraine;457.1700444
1980;807;The former Yugoslav Republic of Macedonia;445.1973712
1980;818;Egypt;344.1697767
1980;826;United Kingdom of Great Britain and Northern Ireland;475.1092151
1980;830;Channel Islands;NA
1980;834;United Republic of Tanzania;342.3488322
1980;840;United States of America;491.4547264
1980;850;United States Virgin Islands;NA
1980;854;Burkina Faso;227.3902494
1980;858;Uruguay;362.9279749
1980;860;Uzbekistan;434.2759873
1980;862;Venezuela (Bolivarian Republic of);358.1360863
1980;882;Samoa;467.0717703
1980;887;Yemen;395.7010549
1980;894;Zambia;326.6507044
1985;4;Afghanistan;342.1622632
1985;8;Albania;450.7508659
1985;12;Algeria;359.6463904
1985;24;Angola;359.5712857
1985;28;Antigua and Barbuda;375.1741388
1985;31;Azerbaijan;398.9792899
1985;32;Argentina;369.434647
1985;36;Australia;468.4141299
1985;40;Austria;503.0932012
1985;44;Bahamas;384.8458424
1985;48;Bahrain;402.678661
1985;50;Bangladesh;303.3876149
1985;51;Armenia;398.9792899
1985;52;Barbados;384.9158487
1985;56;Belgium;488.0398124
1985;64;Bhutan;340.6992532
1985;68;Bolivia (Plurinational State of);357.624707
1985;70;Bosnia and Herzegovina;450.7508659
1985;72;Botswana;329.9134732
1985;76;Brazil;357.624707
1985;84;Belize;356.0696383
1985;90;Solomon Islands;455.2970592
1985;96;Brunei Darussalam;491.2643937
1985;100;Bulgaria;467.4001576
1985;104;Myanmar;400.5643107
1985;108;Burundi;297.9948985
1985;112;Belarus;467.2058123
1985;116;Cambodia;440.3607326
1985;120;Cameroon;311.7739046
1985;124;Canada;497.5462343
1985;132;Cape Verde;285.5026611
1985;140;Central African Republic;279.4483141
1985;144;Sri Lanka;338.9889934
1985;148;Chad;273.9397226
1985;152;Chile;357.1195824
1985;156;China;545.1201527
1985;158;Taiwan Province of China;534.4158658
1985;170;Colombia;351.1684151
1985;174;Comoros;359.2062771
1985;175;Mayotte;NA
1985;178;Congo;284.4465985
1985;180;Democratic Republic of the Congo;337.2570863
1985;188;Costa Rica;358.5599402
1985;191;Croatia;450.7508659
1985;192;Cuba;399.1279296
1985;196;Cyprus;396.5393326
1985;203;Czech Republic;461.4299657
1985;204;Benin;287.7437026
1985;208;Denmark;497.7763236
1985;214;Dominican Republic;325.6219904
1985;218;Ecuador;357.4908156
1985;222;El Salvador;356.0696383
1985;226;Equatorial Guinea;315.5793973
1985;231;Ethiopia;323.4689978
1985;232;Eritrea;346.4967122
1985;233;Estonia;477.0657244
1985;242;Fiji;448.9668141
1985;246;Finland;476.5349397
1985;250;France;478.9727042
1985;254;French Guiana;357.624707
1985;258;French Polynesia;471.759121
1985;262;Djibouti;339.0235495
1985;266;Gabon;320.5372387
1985;268;Georgia;409.6656843
1985;270;Gambia;304.4778317
1985;275;Occupied Palestinian Territory;398.9792899
1985;276;Germany;488.9601382
1985;288;Ghana;307.5784737
1985;296;Kiribati;443.5652299
1985;300;Greece;435.8370698
1985;308;Grenada;379.1531133
1985;312;Guadeloupe;382.4599972
1985;316;Guam;NA
1985;320;Guatemala;349.2490684
1985;324;Guinea;279.3382773
1985;328;Guyana;339.0942456
1985;332;Haiti;336.8829964
1985;340;Honduras;341.6375791
1985;344;Hong Kong Special Administrative Region of China;540.0611069
1985;348;Hungary;468.9901272
1985;352;Iceland;477.0657244
1985;356;India;338.6900129
1985;360;Indonesia;458.0297137
1985;364;Iran (Islamic Republic of);368.7349014
1985;368;Iraq;392.9297338
1985;372;Ireland;461.1590996
1985;376;Israel;423.7477692
1985;380;Italy;464.7991512
1985;384;Cote d'Ivoire;281.5399237
1985;388;Jamaica;355.8347453
1985;392;Japan;534.4158658
1985;398;Kazakhstan;440.6021582
1985;400;Jordan;380.5744261
1985;404;Kenya;350.3149732
1985;408;Democratic People's Republic of Korea;534.4158658
1985;410;Republic of Korea;519.2385646
1985;414;Kuwait;410.805357
1985;417;Kyrgyzstan;451.7131815
1985;418;Lao People's Democratic Republic;461.5818857
1985;422;Lebanon;398.9792899
1985;426;Lesotho;281.0042652
1985;428;Latvia;479.5363047
1985;430;Liberia;279.8646326
1985;434;Libyan Arab Jamahiriya;355.4801116
1985;440;Lithuania;470.5576315
1985;442;Luxembourg;494.505775
1985;446;Macao Special Administrative Region of China;534.4158658
1985;450;Madagascar;343.4109456
1985;454;Malawi;342.3528386
1985;458;Malaysia;480.3629478
1985;462;Maldives;338.6900129
1985;466;Mali;278.2775728
1985;470;Malta;438.7192465
1985;474;Martinique;393.4721334
1985;478;Mauritania;253.5503283
1985;480;Mauritius;384.0499173
1985;484;Mexico;350.7734369
1985;496;Mongolia;533.2436611
1985;498;Republic of Moldova;469.489909
1985;499;Montenegro;450.7508659
1985;504;Morocco;362.2207011
1985;508;Mozambique;304.6286966
1985;512;Oman;386.2149176
1985;516;Namibia;312.165912
1985;524;Nepal;342.2337334
1985;528;Netherlands;489.3066858
1985;531;Curaçao;375.1741388
1985;533;Aruba;375.1741388
1985;540;New Caledonia;463.8333358
1985;548;Vanuatu;450.5614808
1985;554;New Zealand;459.059013
1985;558;Nicaragua;360.3302615
1985;562;Niger;278.2274278
1985;566;Nigeria;271.6186289
1985;578;Norway;478.4718386
1985;583;Micronesia (Federated States of);456.4674672
1985;586;Pakistan;334.6233563
1985;591;Panama;375.8675027
1985;598;Papua New Guinea;438.3806003
1985;600;Paraguay;357.9886116
1985;604;Peru;347.4719879
1985;608;Philippines;445.3863783
1985;616;Poland;466.268915
1985;620;Portugal;452.890077
1985;624;Guinea-Bissau;307.5156207
1985;626;Timor-Leste;455.8639579
1985;630;Puerto Rico;375.1741388
1985;634;Qatar;419.7247956
1985;638;Reunion;393.1862169
1985;642;Romania;466.7876383
1985;643;Russian Federation;467.2058123
1985;646;Rwanda;324.7482667
1985;662;Saint Lucia;365.0391712
1985;670;Saint Vincent and the Grenadines;392.1933626
1985;678;Sao Tome and Principe;357.6610916
1985;682;Saudi Arabia;404.8623427
1985;686;Senegal;252.2309686
1985;688;Serbia;450.7508659
1985;690;Seychelles;359.6363044
1985;694;Sierra Leone;288.0032535
1985;702;Singapore;463.2291259
1985;703;Slovakia;466.9156255
1985;704;Viet Nam;443.2287024
1985;705;Slovenia;450.7508659
1985;706;Somalia;346.4291904
1985;710;South Africa;309.9770211
1985;716;Zimbabwe;369.0141465
1985;724;Spain;434.4371253
1985;728;South Sudan;355.4801116
1985;729;Sudan;344.799906
1985;732;Western Sahara;NA
1985;740;Suriname;366.09446
1985;748;Swaziland;327.7689048
1985;752;Sweden;477.0657244
1985;756;Switzerland;489.4107305
1985;760;Syrian Arab Republic;391.2141461
1985;762;Tajikistan;444.3285247
1985;764;Thailand;474.6313048
1985;768;Togo;257.4726877
1985;776;Tonga;458.3116294
1985;780;Trinidad and Tobago;381.7968392
1985;784;United Arab Emirates;396.2859585
1985;788;Tunisia;353.0723725
1985;792;Turkey;371.4876383
1985;795;Turkmenistan;444.3285247
1985;800;Uganda;365.7118942
1985;804;Ukraine;467.2058123
1985;807;The former Yugoslav Republic of Macedonia;450.7508659
1985;818;Egypt;357.6611658
1985;826;United Kingdom of Great Britain and Northern Ireland;475.423917
1985;830;Channel Islands;NA
1985;834;United Republic of Tanzania;355.5797375
1985;840;United States of America;492.0049253
1985;850;United States Virgin Islands;NA
1985;854;Burkina Faso;222.9964511
1985;858;Uruguay;366.6154186
1985;860;Uzbekistan;440.6702346
1985;862;Venezuela (Bolivarian Republic of);363.7687752
1985;882;Samoa;468.2105871
1985;887;Yemen;398.9792899
1985;894;Zambia;330.4718518
1990;4;Afghanistan;305.9876363
1990;8;Albania;447.8962813
1990;12;Algeria;351.9550069
1990;24;Angola;353.4820783
1990;28;Antigua and Barbuda;374.6782723
1990;31;Azerbaijan;402.2218013
1990;32;Argentina;365.8115222
1990;36;Australia;460.4921982
1990;40;Austria;494.1553432
1990;44;Bahamas;375.8915136
1990;48;Bahrain;397.4204043
1990;50;Bangladesh;272.1792758
1990;51;Armenia;401.8552399
1990;52;Barbados;391.2666733
1990;56;Belgium;492.399272
1990;64;Bhutan;349.643827
1990;68;Bolivia (Plurinational State of);353.2499383
1990;70;Bosnia and Herzegovina;449.5417228
1990;72;Botswana;330.8813803
1990;76;Brazil;353.2499383
1990;84;Belize;346.8921003
1990;90;Solomon Islands;442.0224146
1990;96;Brunei Darussalam;479.8526695
1990;100;Bulgaria;475.5225989
1990;104;Myanmar;403.6421547
1990;108;Burundi;281.3939229
1990;112;Belarus;475.1694438
1990;116;Cambodia;429.6682046
1990;120;Cameroon;306.1236602
1990;124;Canada;493.2666027
1990;132;Cape Verde;282.7828555
1990;140;Central African Republic;229.2599284
1990;144;Sri Lanka;351.9178358
1990;148;Chad;276.9022519
1990;152;Chile;353.0845331
1990;156;China;541.345842
1990;158;Taiwan Province of China;532.9614889
1990;170;Colombia;346.0090649
1990;174;Comoros;344.8528212
1990;175;Mayotte;NA
1990;178;Congo;278.3409957
1990;180;Democratic Republic of the Congo;325.9434638
1990;188;Costa Rica;345.9666476
1990;191;Croatia;449.5417228
1990;192;Cuba;402.3749544
1990;196;Cyprus;394.9430078
1990;203;Czech Republic;469.9671067
1990;204;Benin;267.576092
1990;208;Denmark;494.7778854
1990;214;Dominican Republic;365.0106442
1990;218;Ecuador;341.6594523
1990;222;El Salvador;346.8921003
1990;226;Equatorial Guinea;298.4872775
1990;231;Ethiopia;349.3540917
1990;232;Eritrea;347.004891
1990;233;Estonia;473.9625679
1990;242;Fiji;441.4607008
1990;246;Finland;480.1858126
1990;250;France;477.2745925
1990;254;French Guiana;353.2499383
1990;258;French Polynesia;463.6126747
1990;262;Djibouti;337.6305584
1990;266;Gabon;319.1316462
1990;268;Georgia;410.5931711
1990;270;Gambia;282.9295207
1990;275;Occupied Palestinian Territory;399.0437897
1990;276;Germany;480.1898648
1990;288;Ghana;292.1379563
1990;296;Kiribati;431.8634398
1990;300;Greece;438.0560966
1990;308;Grenada;364.3673738
1990;312;Guadeloupe;379.9825957
1990;316;Guam;NA
1990;320;Guatemala;342.2043737
1990;324;Guinea;251.6450118
1990;328;Guyana;350.3060983
1990;332;Haiti;340.6442603
1990;340;Honduras;336.2618218
1990;344;Hong Kong Special Administrative Region of China;534.4805722
1990;348;Hungary;501.7995486
1990;352;Iceland;474.8873321
1990;356;India;325.8552029
1990;360;Indonesia;453.8627802
1990;364;Iran (Islamic Republic of);348.7339893
1990;368;Iraq;392.4725226
1990;372;Ireland;455.2595316
1990;376;Israel;415.7167607
1990;380;Italy;460.6077553
1990;384;Cote d'Ivoire;281.2328277
1990;388;Jamaica;347.5949575
1990;392;Japan;532.9614889
1990;398;Kazakhstan;451.1329408
1990;400;Jordan;385.5562154
1990;404;Kenya;345.853032
1990;408;Democratic People's Republic of Korea;532.9614889
1990;410;Republic of Korea;519.7472424
1990;414;Kuwait;431.9580002
1990;417;Kyrgyzstan;443.3131611
1990;418;Lao People's Democratic Republic;446.0291947
1990;422;Lebanon;387.6384569
1990;426;Lesotho;285.0625264
1990;428;Latvia;482.1781824
1990;430;Liberia;260.8264598
1990;434;Libyan Arab Jamahiriya;350.6687204
1990;440;Lithuania;476.1459808
1990;442;Luxembourg;487.1271345
1990;446;Macao Special Administrative Region of China;532.9614889
1990;450;Madagascar;334.2161555
1990;454;Malawi;337.344771
1990;458;Malaysia;472.1876949
1990;462;Maldives;325.8552029
1990;466;Mali;236.2542143
1990;470;Malta;433.437204
1990;474;Martinique;395.3919469
1990;478;Mauritania;250.0207488
1990;480;Mauritius;377.5573073
1990;484;Mexico;350.9016585
1990;496;Mongolia;536.272299
1990;498;Republic of Moldova;468.1388774
1990;499;Montenegro;449.5417228
1990;504;Morocco;352.4380251
1990;508;Mozambique;310.8683785
1990;512;Oman;376.7916048
1990;516;Namibia;323.9636092
1990;524;Nepal;328.8480127
1990;528;Netherlands;480.390676
1990;531;Curaçao;374.6782723
1990;533;Aruba;374.6782723
1990;540;New Caledonia;452.9984382
1990;548;Vanuatu;429.4627856
1990;554;New Zealand;462.3920438
1990;558;Nicaragua;337.710492
1990;562;Niger;263.8509131
1990;566;Nigeria;270.9563315
1990;578;Norway;481.5471781
1990;583;Micronesia (Federated States of);431.8634398
1990;586;Pakistan;323.675888
1990;591;Panama;368.3076025
1990;598;Papua New Guinea;426.4305499
1990;600;Paraguay;351.1116218
1990;604;Peru;346.4129758
1990;608;Philippines;437.7765029
1990;616;Poland;473.2601138
1990;620;Portugal;454.8156548
1990;624;Guinea-Bissau;260.8264598
1990;626;Timor-Leste;447.8493891
1990;630;Puerto Rico;374.6782723
1990;634;Qatar;420.6098942
1990;638;Reunion;345.6265495
1990;642;Romania;472.204539
1990;643;Russian Federation;475.1339084
1990;646;Rwanda;318.3930033
1990;662;Saint Lucia;369.8824371
1990;670;Saint Vincent and the Grenadines;380.5828771
1990;678;Sao Tome and Principe;340.326257
1990;682;Saudi Arabia;399.5108909
1990;686;Senegal;229.8801668
1990;688;Serbia;449.5417228
1990;690;Seychelles;402.9962412
1990;694;Sierra Leone;280.4573451
1990;702;Singapore;455.48204
1990;703;Slovakia;469.7081115
1990;704;Viet Nam;433.7631463
1990;705;Slovenia;450.5053168
1990;706;Somalia;345.6265495
1990;710;South Africa;322.191311
1990;716;Zimbabwe;408.4768793
1990;724;Spain;437.3437743
1990;728;South Sudan;350.6687204
1990;729;Sudan;336.7303868
1990;732;Western Sahara;NA
1990;740;Suriname;358.3495888
1990;748;Swaziland;319.7129493
1990;752;Sweden;492.0022592
1990;756;Switzerland;485.1478548
1990;760;Syrian Arab Republic;389.3462663
1990;762;Tajikistan;450.5440567
1990;764;Thailand;466.2295093
1990;768;Togo;234.034092
1990;776;Tonga;446.9835607
1990;780;Trinidad and Tobago;362.8341925
1990;784;United Arab Emirates;405.2205067
1990;788;Tunisia;355.9040001
1990;792;Turkey;372.8458379
1990;795;Turkmenistan;447.8414069
1990;800;Uganda;365.4112887
1990;804;Ukraine;473.0639561
1990;807;The former Yugoslav Republic of Macedonia;451.3922654
1990;818;Egypt;356.3162498
1990;826;United Kingdom of Great Britain and Northern Ireland;466.8306252
1990;830;Channel Islands;NA
1990;834;United Republic of Tanzania;341.7078828
1990;840;United States of America;486.9280702
1990;850;United States Virgin Islands;NA
1990;854;Burkina Faso;227.8123117
1990;858;Uruguay;361.8136459
1990;860;Uzbekistan;446.3754911
1990;862;Venezuela (Bolivarian Republic of);357.9408071
1990;882;Samoa;455.9186464
1990;887;Yemen;399.0437897
1990;894;Zambia;326.9636554
