"cc","year","iso","wic_mys","country","age","sex","educ","weighted_OECD_avg","n_OECD","mean_country","n_country","mys","adj_factor","qamys_piaac","highLS","prop_19","prop_20_64","prop_65","illiterate_prop","hlo_mean","qamys_dhs_full","qamys_dhs_part","qamys"
"Afghanistan",2015,4,3.17,NA,NA,NA,NA,NA,NA,NA,NA,NA,NA,NA,13.9,0.562305129755427,0.4127662979692,0.0249285722753731,56.980282,NA,0.77934915356,1.05067879555,0.623479322848
"Albania",2015,8,10.57,NA,NA,NA,NA,NA,NA,NA,NA,NA,NA,NA,51.7,0.265795505079875,0.60883248383676,0.125372011083365,1.8588486,436.73,10.27811499925,10.55483202886,8.2224919994
"Algeria",2015,12,9.7,NA,NA,NA,NA,NA,NA,NA,NA,NA,NA,NA,47.3,0.362151859050724,0.579151043952599,0.0586970969966769,18.592163,375.14,NA,NA,NA
"Angola",2015,24,2.91,NA,NA,NA,NA,NA,NA,NA,NA,NA,NA,NA,6.30000000000001,0.575075468515002,0.401862214772087,0.0230623167129109,33.969887,NA,1.67166738486,2.07992940252,1.337333907888
"Antigua and Barbuda",2015,28,10.8,NA,NA,NA,NA,NA,NA,NA,NA,NA,NA,NA,52.3,0.332,0.602,0.066,1.0500031,NA,NA,NA,NA
"Argentina",2015,32,10.31,NA,NA,NA,NA,NA,NA,NA,NA,NA,NA,NA,53.1,0.331231729987354,0.559487967418621,0.109280302594025,0.89705402,429.38,NA,NA,NA
"Armenia",2015,51,11.03,"Armenia",0,0,0,262.45345050269,182648,255.25591,NA,11.03,0.972575934936637,10.7275125623511,94.1,0.260866584395996,0.630056218291512,0.109077197312491,0.26393127,469.07,NA,NA,10.7275125623511
"Aruba",2015,533,9.46,NA,NA,NA,NA,NA,NA,NA,NA,NA,NA,NA,40.2,0.259578544061303,0.618773946360153,0.121647509578544,2.1925812,NA,NA,NA,NA
"Australia",2015,36,13.68,NA,NA,NA,NA,NA,NA,NA,NA,NA,NA,NA,94.9,0.250563053599341,0.599660487083382,0.149776459317276,0.200718699596004,509.22,NA,NA,NA
"Austria",2015,40,12.16,"Austria",0,0,0,262.45345050269,182648,269.41,4700,12.16,1.02650584126056,12.4823110297284,79.5,0.19384016223441,0.617758215421487,0.188401622344103,0.200718699596004,519.54,NA,NA,12.4823110297284
"Azerbaijan",2015,31,11,NA,NA,NA,NA,NA,NA,NA,NA,NA,NA,NA,89.4,0.303927379355523,0.638685258549875,0.0573873620946023,0.21021526,453.14,NA,NA,NA
"Bahamas",2015,44,12.94,NA,NA,NA,NA,NA,NA,NA,NA,NA,NA,NA,90.7,0.28593588417787,0.631075491209928,0.0829886246122027,3.0908464189511,NA,NA,NA,NA
"Bahrain",2015,48,9.39,NA,NA,NA,NA,NA,NA,NA,NA,NA,NA,NA,45.8,0.262755102040816,0.71399416909621,0.0232507288629738,2.6884129,452.36,NA,NA,NA
"Bangladesh",2015,50,5.66,NA,NA,NA,NA,NA,NA,NA,NA,NA,NA,NA,20.5,0.394148770194596,0.555469189573468,0.0503820402319351,28.824696,NA,3.10795318176,3.7947936667,2.486362545408
"Barbados",2015,52,10.24,NA,NA,NA,NA,NA,NA,NA,NA,NA,NA,NA,49.7,0.258529722124516,0.599718607105171,0.141751670770313,0.40000153,NA,NA,NA,NA
"Belarus",2015,112,11.56,NA,NA,NA,NA,NA,NA,NA,NA,NA,NA,NA,95.9,0.210049657877258,0.64658562557328,0.143364716549463,0.24343872,NA,NA,NA,NA
"Belgium",2015,56,11.95,"Belgium",0,0,0,262.45345050269,182648,275.3,5002,11.95,1.04894791618363,12.5349275983944,73.7,0.225905615747836,0.592670027197264,0.1814243570549,0.401437399192008,529.11,NA,NA,12.5349275983944
"Belize",2015,84,8.73,NA,NA,NA,NA,NA,NA,NA,NA,NA,NA,NA,39.6,0.431394377957139,0.531032563317562,0.0375730587252992,2.97104704803771,NA,NA,NA,NA
"Benin",2015,204,4.3,NA,NA,NA,NA,NA,NA,NA,NA,NA,NA,NA,10.2,0.537564766839378,0.43015581861503,0.0322794145455921,57.6376,279.03,1.5559994061,1.9189865033,1.24479952488
"Bhutan",2015,64,5.12,NA,NA,NA,NA,NA,NA,NA,NA,NA,NA,NA,14.1,0.370793650793651,0.582349206349206,0.0468571428571429,33.43885,NA,NA,NA,NA
"Bolivia (Plurinational State of)",2015,68,9.53,"Bolivia (Plurinational State of)",0,0,0,262.45345050269,182648,195.7627,NA,9.53,0.745894937273814,7.10837875221945,48.1,0.425317258291607,0.510028252538533,0.0646544891698602,7.5449219,NA,9.0506785482,9.21416672744,7.10837875221945
"Bosnia and Herzegovina",2015,70,11.24,NA,NA,NA,NA,NA,NA,NA,NA,NA,NA,NA,73.1,0.210803167420814,0.632013574660634,0.157183257918552,2.4330978,460.77,NA,NA,NA
"Botswana",2015,72,9.74,NA,NA,NA,NA,NA,NA,NA,NA,NA,NA,NA,44.2,0.415146439726585,0.547598569553212,0.0372549907202028,13.176819,398.47,NA,NA,NA
"Brazil",2015,76,7.49,NA,NA,NA,NA,NA,NA,NA,NA,NA,NA,NA,45.1,0.309549301779262,0.61083959835859,0.0796110998621476,7.2100849,408.76,NA,NA,NA
"Brunei Darussalam",2015,96,9.77,NA,NA,NA,NA,NA,NA,NA,NA,NA,NA,NA,39.7,0.322078544061303,0.636973180076628,0.040948275862069,2.7858887,NA,NA,NA,NA
"Bulgaria",2015,100,11.7,NA,NA,NA,NA,NA,NA,NA,NA,NA,NA,NA,79.8,0.182545099951243,0.616716584244619,0.200738315804137,1.6475525,490.67,NA,NA,NA
"Burkina Faso",2015,854,2.58,NA,NA,NA,NA,NA,NA,NA,NA,NA,NA,NA,6.5,0.564448174755244,0.411471073832545,0.024080751412211,58.775551,296.88,0.58703018124,0.8035790937,0.469624144992
"Burundi",2015,108,3.95,NA,NA,NA,NA,NA,NA,NA,NA,NA,NA,NA,5.5,0.549835287658339,0.425144123298953,0.0250205890427076,31.624672,332.33,2.68528430345,2.9274253904,2.14822744276
"Cambodia",2015,116,5.28,NA,NA,NA,NA,NA,NA,NA,NA,NA,NA,NA,11.8,0.417071536270732,0.541741304431872,0.0411871592973955,19.473511,NA,3.1796737896,4.2739603896,2.54373903168
"Cameroon",2015,120,7.49,NA,NA,NA,NA,NA,NA,NA,NA,NA,NA,NA,20.8,0.535209170760756,0.433176575677167,0.0316142535620769,22.928963,336.64,5.06119624115,5.7350745746,4.04895699292
"Canada",2015,124,13.29,"Canada",0,0,0,262.45345050269,182648,273.58,24462,13.29,1.04239437308216,13.8534212182618,88.6,0.218704099345707,0.619806271420305,0.161489629233988,0.200718699596004,519.69,NA,NA,13.8534212182618
"Cape Verde",2015,132,6.61,NA,NA,NA,NA,NA,NA,NA,NA,NA,NA,NA,13,0.419778570088197,0.535560142615875,0.0446612872959279,13.209709,NA,NA,NA,NA
"Central African Republic",2015,140,5.85,NA,NA,NA,NA,NA,NA,NA,NA,NA,NA,NA,9.10000000000001,0.550672034140654,0.412723553091797,0.0366044127675488,62.604179,NA,NA,NA,NA
"Chad",2015,148,2.93,NA,NA,NA,NA,NA,NA,NA,NA,NA,NA,NA,6.19999999999999,0.587412737162191,0.387960940511371,0.024626322326438,75.842728,300.46,0.88456788486,1.12934663341,0.707654307888
"Channel Islands",2015,830,12.06,NA,NA,NA,NA,NA,NA,NA,NA,NA,NA,NA,73.7,0.200122025625381,0.62660158633313,0.173276388041489,0.200718699596004,NA,NA,NA,NA
"Chile",2015,152,11.32,"Chile",0,0,0,262.45345050269,182648,218.59,4789,11.32,0.832871503808862,9.42810542311631,62.6,0.283323855798844,0.612477690259159,0.104198453941997,3.3617935,455.97,NA,NA,9.42810542311631
"China",2015,156,8.64,NA,NA,NA,NA,NA,NA,NA,NA,NA,NA,NA,31.8,0.234679165881684,0.668561457416526,0.09675937670179,3.159111,554.72,NA,NA,NA
"Colombia",2015,170,8.51,"Colombia",0,0,0,262.45345050269,182648,231.02594,NA,8.51,0.880254915900342,7.49096933431191,49.1,0.32725474708147,0.602364677857734,0.0703805750607962,5.3361993,413.67,NA,NA,7.49096933431191
"Comoros",2015,174,7.18,NA,NA,NA,NA,NA,NA,NA,NA,NA,NA,NA,24.9,0.506109324758842,0.464951768488746,0.0289389067524116,41.18298,297.43,4.2442661197,5.10633103906,3.39541289576
"Congo",2015,178,8.43,NA,NA,NA,NA,NA,NA,NA,NA,NA,NA,NA,19.4,0.522590331298168,0.443739365428886,0.0336703032729457,19.701241,NA,6.8340281007,7.43053501872,5.46722248056
"Costa Rica",2015,188,9.14,NA,NA,NA,NA,NA,NA,NA,NA,NA,NA,NA,41.6,0.305689027561102,0.605283411336453,0.0890275611024441,2.1362076,422.54,NA,NA,NA
"Cote d'Ivoire",2015,384,4.64,NA,NA,NA,NA,NA,NA,NA,NA,NA,NA,NA,12.2,0.53711085431355,0.434034044431749,0.0288551012547013,52.834648,259.79,2.09814302608,2.3168725008,1.678514420864
"Croatia",2015,191,12.03,NA,NA,NA,NA,NA,NA,NA,NA,NA,NA,NA,84.7,0.205315834198848,0.605868189972618,0.188815975828534,0.87464142,491.55,NA,NA,NA
"Cuba",2015,192,11.25,NA,NA,NA,NA,NA,NA,NA,NA,NA,NA,NA,59.7,0.223994276690601,0.636953733674173,0.139051989635226,0.24746704,507.91,NA,NA,NA
"Cura√ßao",2015,531,10.55,NA,NA,NA,NA,NA,NA,NA,NA,NA,NA,NA,48.6,0.25506329113924,0.589873417721519,0.15506329113924,3.6,NA,NA,NA,NA
"Cyprus",2015,196,13.01,"Cyprus",0,0,0,262.45345050269,182648,269.35,4750,13.01,1.0262772292919,13.3518667530876,82.9,0.236109914721337,0.635541390300629,0.128348694978034,1.3215714,518,NA,NA,13.3518667530876
"Czech Republic",2015,203,13.02,"Czech Republic",0,0,0,262.45345050269,182648,273.92,5377,13.02,1.04368984090454,13.5888417285771,90.7,0.194301129021609,0.625725092198715,0.179973778779676,0.200718699596004,516.2,NA,NA,13.5888417285771
"Democratic People's Republic of Korea",2015,408,11.01,NA,NA,NA,NA,NA,NA,NA,NA,NA,NA,NA,99.9,0.288466947403449,0.614560018381261,0.0969730342152905,0.200718699596004,NA,NA,NA,NA
"Democratic Republic of the Congo",2015,180,6.74,NA,NA,NA,NA,NA,NA,NA,NA,NA,NA,NA,21.7,0.566317919697204,0.403504880795206,0.0301771995075896,22.957321,340.17,4.5846735662,5.17439715214,3.66773885296
"Denmark",2015,208,12.6,"Denmark",0,0,0,262.45345050269,182648,270.74,6812,12.6,1.03157340656577,12.9978249227287,78.5,0.231779348170024,0.577734416200823,0.190486235629153,0.200718699596004,534.18,NA,NA,12.9978249227287
"Djibouti",2015,262,4.08,NA,NA,NA,NA,NA,NA,NA,NA,NA,NA,NA,14.6,0.42478162406988,0.534239189043459,0.0409791868866602,19.0515236129458,NA,NA,NA,NA
"Dominican Republic",2015,214,8.79,NA,NA,NA,NA,NA,NA,NA,NA,NA,NA,NA,41.4,0.392162077448401,0.5413124626008,0.0665254599507993,7.1151657,337.71,7.4511111555,8.15628137247,5.9608889244
"Ecuador",2015,218,9.4,"Ecuador",0,0,0,262.45345050269,182648,194.8,4996,9.4,0.742226858236727,6.97693246742524,43.5,0.383057124455014,0.549915774871185,0.067027100673801,6.1214423,414.71,NA,NA,6.97693246742524
"Egypt",2015,818,8.64,NA,NA,NA,NA,NA,NA,NA,NA,NA,NA,NA,60.6,0.418119313989346,0.531250933006905,0.0506297530037491,28.831749,397.83,5.97624029856,6.39562557888,4.780992238848
"El Salvador",2015,222,8.04,NA,NA,NA,NA,NA,NA,NA,NA,NA,NA,NA,33.4,0.389694934583584,0.530997560743815,0.0793075046726011,11.599268,363.87,NA,NA,NA
"Equatorial Guinea",2015,226,7.44,NA,NA,NA,NA,NA,NA,NA,NA,NA,NA,NA,17.2,0.458443215652914,0.512632922160783,0.0289238621863037,5.6294632,NA,NA,NA,NA
"Eritrea",2015,232,3.78,NA,NA,NA,NA,NA,NA,NA,NA,NA,NA,NA,15.1,0.522655992076593,0.440801419610432,0.0365425883129746,23.429482,NA,NA,NA,NA
"Estonia",2015,233,13.27,"Estonia",0,0,0,262.45345050269,182648,275.42,7087,13.27,1.04940514012094,13.9256062094049,84.7,0.20556484719477,0.60620343621712,0.18823171658811,0.11421204,542.42,NA,NA,13.9256062094049
"Ethiopia",2015,231,3.18,NA,NA,NA,NA,NA,NA,NA,NA,NA,NA,NA,9.3,0.534015877514599,0.431172566571092,0.0348115559143091,48.228821,NA,1.27658612604,1.78145498778,1.021268900832
"Fiji",2015,242,11.52,NA,NA,NA,NA,NA,NA,NA,NA,NA,NA,NA,49.1,0.373276538504652,0.568434032059186,0.0582894294361619,0.91789246,NA,NA,NA,NA
"Finland",2015,246,13.03,"Finland",0,0,0,262.45345050269,182648,287.47,5042,13.03,1.09531804382604,14.2719941110533,86.4,0.219145598482361,0.578216774287695,0.202637627229944,0.200718699596004,531.13,NA,NA,14.2719941110533
"France",2015,250,12.14,"France",0,0,0,262.45345050269,182648,261.34,6457,12.14,0.995757531476316,12.0884964321225,79.9,0.241626742295424,0.568982797353821,0.189390460350755,0.401437399192008,499.18,NA,NA,12.0884964321225
"French Guiana",2015,254,8.54,NA,NA,NA,NA,NA,NA,NA,NA,NA,NA,NA,46.5,0.430431547619048,0.521577380952381,0.0479910714285714,9,NA,NA,NA,NA
"French Polynesia",2015,258,10.91,NA,NA,NA,NA,NA,NA,NA,NA,NA,NA,NA,66.5,0.323730644580483,0.603889088944904,0.0723802664746129,9,NA,NA,NA,NA
"Gabon",2015,266,8.76,NA,NA,NA,NA,NA,NA,NA,NA,NA,NA,NA,21.7,0.45215769569497,0.502719784489458,0.0451225198155727,15.33284,324.76,7.4887081974,7.97870443884,5.99096655792
"Gambia",2015,270,4.38,NA,NA,NA,NA,NA,NA,NA,NA,NA,NA,NA,18.3,0.564775485436893,0.411913430420712,0.0233110841423948,49.222031,267.32,2.20741862052,2.52795005148,1.765934896416
"Georgia",2015,268,12.65,"Georgia",0,0,0,262.45345050269,182648,244.55569,NA,12.65,0.931805962282418,11.7873454228726,94,0.246868277869164,0.606984689358471,0.146147032772365,0.63574219,459.68,NA,NA,11.7873454228726
"Germany",2015,276,13.73,"Germany",0,0,0,262.45345050269,182648,269.35,4954,13.73,1.0262772292919,14.0907863581778,86,0.18139004918741,0.607434532034234,0.211175418778356,0.200718699596004,524.26,NA,NA,14.0907863581778
"Ghana",2015,288,7.58,"Ghana",0,0,0,262.45345050269,182648,132.58189,NA,7.58,0.505163448017389,3.82913893597181,23.4,0.492261846498526,0.47387444216052,0.0338637113409537,20.960358,336.16,3.4723669599,4.23122860882,3.82913893597181
"Greece",2015,300,11.78,"Greece",0,0,0,262.45345050269,182648,253.42,4693,11.78,0.965580751613714,11.3745412540095,73,0.195287846101731,0.605234537966446,0.199477615931823,2.0640488,477.87,NA,NA,11.3745412540095
"Grenada",2015,308,10.62,NA,NA,NA,NA,NA,NA,NA,NA,NA,NA,NA,56.4,0.35607476635514,0.57196261682243,0.0719626168224299,1.4000015,NA,NA,NA,NA
"Guadeloupe",2015,312,10.14,NA,NA,NA,NA,NA,NA,NA,NA,NA,NA,NA,59.7,0.270426287744227,0.565719360568384,0.163854351687389,4,NA,NA,NA,NA
"Guam",2015,316,10.28,NA,NA,NA,NA,NA,NA,NA,NA,NA,NA,NA,47.3,0.341779975278121,0.569221260815822,0.0889987639060569,9,NA,NA,NA,NA
"Guatemala",2015,320,6.2,NA,NA,NA,NA,NA,NA,NA,NA,NA,NA,NA,22.9,0.474729886047599,0.48019369446974,0.045076419482661,21.136856,389.02,4.9334662754,5.5271393704,3.94677302032
"Guinea",2015,324,4.23,NA,NA,NA,NA,NA,NA,NA,NA,NA,NA,NA,15.7,0.533294184786654,0.436153407164184,0.0305524080491618,71.344208,NA,1.14146470053,1.64928144996,0.913171760424
"Guinea-Bissau",2015,624,4.07,NA,NA,NA,NA,NA,NA,NA,NA,NA,NA,NA,13.8,0.522139387778154,0.449056816898227,0.0288037953236191,54.418839,NA,NA,NA,NA
"Guyana",2015,328,10.06,NA,NA,NA,NA,NA,NA,NA,NA,NA,NA,NA,54.1,0.407624251886547,0.542024460057247,0.0503512880562061,14.360268,NA,8.99645340978,9.44426855546,7.197162727824
"Haiti",2015,332,5.71,NA,NA,NA,NA,NA,NA,NA,NA,NA,NA,NA,23.7,0.441994882999981,0.511690664276243,0.0463144527237754,38.308651,NA,3.92517063817,4.64914207491,3.140136510536
"Honduras",2015,340,5.91,NA,NA,NA,NA,NA,NA,NA,NA,NA,NA,NA,17.7,0.438967502901527,0.516884653155968,0.0441478439425051,11.966817,363.71,5.41178850114,5.47453159062,4.329430800912
"Hong Kong Special Administrative Region of China",2015,344,12.54,NA,NA,NA,NA,NA,NA,NA,NA,NA,NA,NA,67,0.161366020650433,0.686433659102203,0.152200320247363,2.87817159145408,605.4,NA,NA,NA
"Hungary",2015,348,12.41,"Hungary",0,0,0,262.45345050269,182648,263.74,5779,12.41,1.00490201022256,12.470833946862,83.5,0.196871965244058,0.628142090467672,0.17498594428827,0.90000153,522.5,NA,NA,12.470833946862
"Iceland",2015,352,13.57,NA,NA,NA,NA,NA,NA,NA,NA,NA,NA,NA,69.7,0.269452013321223,0.593399939448986,0.137148047229791,0.401437399192008,511.8,NA,NA,NA
"India",2015,356,6.94,NA,NA,NA,NA,NA,NA,NA,NA,NA,NA,NA,35.6,0.380775689050946,0.562864359525486,0.0563599514235678,25.627007,378.54,5.0458021602,5.43208106116,4.03664172816
"Indonesia",2015,360,9.06,NA,NA,NA,NA,NA,NA,NA,NA,NA,NA,NA,39.6,0.365713617303776,0.583339724178854,0.0509466585173703,4.5821786,396.71,8.58471725616,8.78627945214,6.867773804928
"Iran (Islamic Republic of)",2015,364,9.19,NA,NA,NA,NA,NA,NA,NA,NA,NA,NA,NA,47.1,0.305504068103723,0.644150234434164,0.0503456974621131,14.45575,433.92,NA,NA,NA
"Iraq",2015,368,7.82,NA,NA,NA,NA,NA,NA,NA,NA,NA,NA,NA,26.4,0.511901103312707,0.457363954760026,0.0307349419272672,15.549999,NA,NA,NA,NA
"Ireland",2015,372,12.63,"Ireland",0,0,0,262.45345050269,182648,266.48,5646,12.63,1.01534195679119,12.8237689142727,78.6,0.274823939916172,0.592881002531861,0.132295057551967,0.401437399192008,535.42,NA,NA,12.8237689142727
"Israel",2015,376,11.86,"Israel",0,0,0,262.45345050269,182648,254.13,4903,11.86,0.968285993242811,11.4838718798597,65.6,0.356041720926195,0.531706167603031,0.112252111470774,1.57162168711461,514.24,NA,NA,11.4838718798597
"Italy",2015,380,11.94,"Italy",0,0,0,262.45345050269,182648,249.2,4398,11.94,0.949501709818236,11.3370504152297,62.1,0.184129240862861,0.592241918244701,0.223628840892438,0.84423828,500.75,NA,NA,11.3370504152297
"Jamaica",2015,388,10.39,NA,NA,NA,NA,NA,NA,NA,NA,NA,NA,NA,34.7,0.33098861301668,0.575965456001671,0.0930459309816485,11.900002,NA,NA,NA,NA
"Japan",2015,392,13.81,"Japan",0,0,0,262.45345050269,182648,296.31,4902,13.81,1.12900020720803,15.5914928615429,93.6,0.176665575284651,0.563174999589755,0.260159425125594,0.200718699596004,590.89,NA,NA,15.5914928615429
"Jordan",2015,400,9.97,NA,NA,NA,NA,NA,NA,NA,NA,NA,NA,NA,53.2,0.460936305871564,0.501430224687207,0.0376334694412298,1.7728882,387.01,9.20481262952,9.77116647546,7.363850103616
"Kazakhstan",2015,398,11.31,"Kazakhstan",0,0,0,262.45345050269,182648,249.27,5711,11.31,0.949768423781668,10.7418808729707,91.4,0.331415789592301,0.60104009375493,0.0675441166527687,0.21836853,536.11,NA,NA,10.7418808729707
"Kenya",2015,404,8.28,"Kenya",0,0,0,262.45345050269,182648,170.8426,NA,8.28,0.650944385272043,5.38981951005251,32.5,0.522831862153638,0.451366397832391,0.0258017400139709,18.465027,355.93,6.6399029406,7.34324701068,5.38981951005251
"Kiribati",2015,296,9.43,NA,NA,NA,NA,NA,NA,NA,NA,NA,NA,NA,43.8,0.455111111111111,0.507555555555556,0.0373333333333333,9,NA,NA,NA,NA
"Kuwait",2015,414,8.05,NA,NA,NA,NA,NA,NA,NA,NA,NA,NA,NA,32.6,0.264310576996367,0.715058817551259,0.0206306054523743,4.0740433,372.3,NA,NA,NA
"Kyrgyzstan",2015,417,10.86,NA,NA,NA,NA,NA,NA,NA,NA,NA,NA,NA,86.9,0.39841445742051,0.558792941778194,0.0427926008012957,0.41400146,362.14,NA,NA,NA
"Lao People's Democratic Republic",2015,418,6.48,NA,NA,NA,NA,NA,NA,NA,NA,NA,NA,NA,26,0.444307729243882,0.5168434794352,0.0388487913209189,15.338959,NA,NA,NA,NA
"Latvia",2015,428,12.59,NA,NA,NA,NA,NA,NA,NA,NA,NA,NA,NA,86.9,0.195042400521853,0.612123036780571,0.192834562697576,0.11068726,508.22,NA,NA,NA
"Lebanon",2015,422,10.39,NA,NA,NA,NA,NA,NA,NA,NA,NA,NA,NA,46.1,0.335190375281974,0.583378904914895,0.0814307198031308,4.9305573,454.42,NA,NA,NA
"Lesotho",2015,426,7.61,NA,NA,NA,NA,NA,NA,NA,NA,NA,NA,NA,19.4,0.471537612654037,0.484044509839985,0.0444178775059776,23.364799,323.52,6.33551333989,6.98805900634,5.068410671912
"Liberia",2015,430,4.87,NA,NA,NA,NA,NA,NA,NA,NA,NA,NA,NA,21,0.529556869194186,0.440197342104094,0.0302457887017201,51.698639,273.71,1.82709478429,2.59536105476,1.461675827432
"Libyan Arab Jamahiriya",2015,434,8.17,NA,NA,NA,NA,NA,NA,NA,NA,NA,NA,NA,39.5,0.372054979070103,0.58472197719363,0.0432230437362673,9.27635766818176,NA,NA,NA,NA
"Lithuania",2015,440,13.48,"Lithuania",0,0,0,262.45345050269,182648,266.07,4824,13.48,1.01377977500537,13.6657513670724,89.8,0.203785811732606,0.609379263301501,0.186834924965894,0.18440247,523.24,NA,NA,13.6657513670724
"Luxembourg",2015,442,13.17,NA,NA,NA,NA,NA,NA,NA,NA,NA,NA,NA,73.8,0.223672605397777,0.63644381725172,0.139883577350503,0.200718699596004,508.88,NA,NA,NA
"Macao Special Administrative Region of China",2015,446,11.34,NA,NA,NA,NA,NA,NA,NA,NA,NA,NA,NA,59.4,0.17640206357131,0.7375603261774,0.0860376102512897,3.4615097,561.9,NA,NA,NA
"Madagascar",2015,450,4.48,NA,NA,NA,NA,NA,NA,NA,NA,NA,NA,NA,7,0.527992803736775,0.443667783517916,0.0283394127453084,25.195679,367.58,2.41470138112,3.22111197184,1.931761104896
"Malawi",2015,454,6.16,NA,NA,NA,NA,NA,NA,NA,NA,NA,NA,NA,14.6,0.559350102435693,0.410602094240838,0.0300478033234692,37.856461,322.77,3.7188892972,4.33558952904,2.97511143776
"Malaysia",2015,458,11.61,NA,NA,NA,NA,NA,NA,NA,NA,NA,NA,NA,63.3,0.343957792915797,0.597418363726904,0.0586238433572989,5.4427466,474.05,NA,NA,NA
"Maldives",2015,462,7.4,NA,NA,NA,NA,NA,NA,NA,NA,NA,NA,NA,12.6,0.308795411089866,0.650095602294455,0.0411089866156788,2.2650528,NA,6.768926705,7.2854543196,5.415141364
"Mali",2015,466,2.25,NA,NA,NA,NA,NA,NA,NA,NA,NA,NA,NA,6.5,0.584563516367778,0.390102058922858,0.0253344247093639,65.728668,170.91,0.59039812125,0.84294333225,0.472318497
"Malta",2015,470,11.17,NA,NA,NA,NA,NA,NA,NA,NA,NA,NA,NA,48.3,0.200374093991115,0.61585223287351,0.183773673135375,5.4968109,498,NA,NA,NA
"Martinique",2015,474,10.97,NA,NA,NA,NA,NA,NA,NA,NA,NA,NA,NA,62.4,0.244882093806686,0.577092511013216,0.178025395180098,3.0999985,NA,NA,NA,NA
"Mauritania",2015,478,4.22,NA,NA,NA,NA,NA,NA,NA,NA,NA,NA,NA,11.7,0.505295369241435,0.463697434794042,0.0310071959645222,46.502411,NA,NA,NA,NA
"Mauritius",2015,480,9.34,NA,NA,NA,NA,NA,NA,NA,NA,NA,NA,NA,40.7,0.269032309279987,0.631420179407795,0.0995475113122172,7.6030555,444.73,NA,NA,NA
"Mayotte",2015,175,10.14,NA,NA,NA,NA,NA,NA,NA,NA,NA,NA,NA,57.9,0.520833333333333,0.441666666666667,0.0375,32.3331481691467,NA,NA,NA,NA
"Mexico",2015,484,9.32,"Mexico",0,0,0,262.45345050269,182648,220.3,5651,9.32,0.83938694491556,7.82308632661302,35.7,0.368141081191425,0.567043670068143,0.0648152487404316,5.0788517,443.36,NA,NA,7.82308632661302
"Micronesia (Federated States of)",2015,583,9.72,NA,NA,NA,NA,NA,NA,NA,NA,NA,NA,NA,50.3,0.46551724137931,0.491379310344828,0.0431034482758621,9,NA,NA,NA,NA
"Mongolia",2015,496,10.48,NA,NA,NA,NA,NA,NA,NA,NA,NA,NA,NA,73.9,0.364631975005879,0.59653307353781,0.0388349514563107,1.5768814,438.28,NA,NA,NA
"Montenegro",2015,499,11.97,NA,NA,NA,NA,NA,NA,NA,NA,NA,NA,NA,83.2,0.251034702324101,0.609996816300541,0.138968481375358,1.1528168,441.38,NA,NA,NA
"Morocco",2015,504,5.66,NA,NA,NA,NA,NA,NA,NA,NA,NA,NA,NA,22.6,0.361612440700077,0.574422660831736,0.0639648984681871,26.249992,380.75,2.60999383032,2.89617736524,2.087995064256
"Mozambique",2015,508,2.93,NA,NA,NA,NA,NA,NA,NA,NA,NA,NA,NA,7.8,0.560119532153721,0.408551475943619,0.0313289919026606,41.652786,322.74,1.11999898116,1.49629493445,0.895999184928
"Myanmar",2015,104,6.36,NA,NA,NA,NA,NA,NA,NA,NA,NA,NA,NA,17.2,0.371228804018029,0.575586121617135,0.0531850743648361,24.448799,NA,5.13372856536,5.65411134012,4.106982852288
"Namibia",2015,516,8.43,NA,NA,NA,NA,NA,NA,NA,NA,NA,NA,NA,28.8,0.480169854881267,0.48503463060686,0.0347955145118734,8.4727325,325.14,7.28760663639,7.84156308726,5.830085309112
"Nepal",2015,524,5.62,NA,NA,NA,NA,NA,NA,NA,NA,NA,NA,NA,31.5,0.438975794098045,0.506265200657401,0.0547590052445539,32.091568,189.48,3.96527467618,4.4600684738,3.172219740944
"Netherlands",2015,528,12.42,"Netherlands",0,0,0,262.45345050269,182648,283.69,4741,12.42,1.0809154898007,13.4249703833247,76.4,0.227168875638339,0.593629896389881,0.17920122797178,0.401437399192008,530.27,NA,NA,13.4249703833247
"New Caledonia",2015,540,11.5,NA,NA,NA,NA,NA,NA,NA,NA,NA,NA,NA,66.8,0.306577480490524,0.596060943887031,0.0973615756224452,2.1999969,NA,NA,NA,NA
"New Zealand",2015,554,13.52,"New Zealand",0,0,0,262.45345050269,182648,281.16,5560,13.52,1.07127568512237,14.4836472628545,82.8,0.268820699518918,0.584709400598102,0.14646989988298,0.200718699596004,492.69,NA,NA,14.4836472628545
"Nicaragua",2015,558,6.78,NA,NA,NA,NA,NA,NA,NA,NA,NA,NA,NA,28.6,0.399625104822665,0.549517404673036,0.0508574905042998,17.385452,365.66,5.58785991462,5.81411682012,4.470287931696
"Niger",2015,562,1.95,NA,NA,NA,NA,NA,NA,NA,NA,NA,NA,NA,2.7,0.605307866298065,0.369268660467454,0.025423473234481,69.439606,147.45,0.37519115205,0.54049975005,0.30015292164
"Nigeria",2015,566,6.75,NA,NA,NA,NA,NA,NA,NA,NA,NA,NA,NA,35.3,0.544078930665221,0.428559049529257,0.0273620198055213,37.98399,NA,2.72812331475,4.27826990025,2.1824986518
"Norway",2015,578,13.1,"Norway",0,0,0,262.45345050269,182648,279.45,4630,13.1,1.06476024401567,13.9483591966053,78.9,0.242442307692308,0.594519230769231,0.163038461538462,0.200718699596004,530.48,NA,NA,13.9483591966053
"Occupied Palestinian Territory",2015,275,10.74,NA,NA,NA,NA,NA,NA,NA,NA,NA,NA,NA,47.6,0.515023484247325,0.455229802474961,0.0297467132777146,3.053477,400.62,NA,NA,NA
"Oman",2015,512,9.21,NA,NA,NA,NA,NA,NA,NA,NA,NA,NA,NA,43.7,0.277879646607768,0.698973638463553,0.0231467149286786,5.2084694,414.85,NA,NA,NA
"Pakistan",2015,586,5.08,NA,NA,NA,NA,NA,NA,NA,NA,NA,NA,NA,25.9,0.452323272857837,0.502829640737533,0.0448470864046297,40.86795,367.83,2.67423781636,3.10400805156,2.139390253088
"Panama",2015,591,10.2,NA,NA,NA,NA,NA,NA,NA,NA,NA,NA,NA,53.5,0.36511815387716,0.55932886582355,0.0755529802992896,4.5881882,368.96,NA,NA,NA
"Papua New Guinea",2015,598,6.94,NA,NA,NA,NA,NA,NA,NA,NA,NA,NA,NA,20.5,0.470153682961017,0.493389233353117,0.0364570836858655,38.400002,NA,3.87309835184,5.14504740118,3.098478681472
"Paraguay",2015,600,8.79,NA,NA,NA,NA,NA,NA,NA,NA,NA,NA,NA,35.5,0.404377099305629,0.535418957388803,0.0602039433055685,5.2580414,366.83,NA,NA,NA
"Peru",2015,604,10.22,"Peru",0,0,0,262.45345050269,182648,193.22,6603,10.22,0.736206743062117,7.52403291409484,66.8,0.367461412695327,0.564287740344011,0.0682508469606622,5.7765274,419.49,9.46682996644,9.77687898138,7.52403291409484
"Philippines",2015,608,9.42,NA,NA,NA,NA,NA,NA,NA,NA,NA,NA,NA,66.8,0.42277210008297,0.531511861554251,0.0457160383627791,1.8174515,367.48,8.84009814006,9.24018878862,7.072078512048
"Poland",2015,616,13.04,"Poland",0,0,0,262.45345050269,182648,265.77,8302,13.04,1.01263671516209,13.2047827657136,90.1,0.201715504354098,0.642156350293235,0.156128145352666,0.200718699596004,528.84,NA,NA,13.2047827657136
"Portugal",2015,620,9.35,NA,NA,NA,NA,NA,NA,NA,NA,NA,NA,NA,45.3,0.193476236644812,0.599109174162211,0.207414589192977,3.8624115,525.21,NA,NA,NA
"Puerto Rico",2015,630,12.44,NA,NA,NA,NA,NA,NA,NA,NA,NA,NA,NA,83.5,0.261649428415895,0.593304300489929,0.145046271094175,7.6100006,396.29,NA,NA,NA
"Qatar",2015,634,9.32,NA,NA,NA,NA,NA,NA,NA,NA,NA,NA,NA,42.1,0.179301172772337,0.809817434409382,0.0108813928182807,6.6953659,438.9,NA,NA,NA
"Republic of Korea",2015,410,12.9,"Republic of Korea",0,0,0,262.45345050269,182648,270.85,6097,12.9,1.0319925285083,13.3127036177571,88.6,0.201708296763685,0.668623637039321,0.129668066196994,0.608500357980093,607.23,NA,NA,13.3127036177571
"Republic of Moldova",2015,498,11.06,NA,NA,NA,NA,NA,NA,NA,NA,NA,NA,NA,73.6,0.216901547012961,0.683710863523451,0.0993875894635874,0.75089645,443.29,11.13967890546,11.14524842284,8.911743124368
"Reunion",2015,638,9.91,NA,NA,NA,NA,NA,NA,NA,NA,NA,NA,NA,51.3,0.321056289089646,0.575515404215891,0.103428306694464,5.64068932760919,NA,NA,NA,NA
"Romania",2015,642,11.65,NA,NA,NA,NA,NA,NA,NA,NA,NA,NA,NA,73.7,0.208929766391113,0.621058510397432,0.170011723211456,1.1555023,469.42,NA,NA,NA
"Russian Federation",2015,643,10.87,"Russian Federation",0,0,0,262.45345050269,182648,275.36,3453,10.87,1.04917652815229,11.4045488610153,92.9,0.21233682609865,0.652776918698515,0.134886255202835,0.230494594398672,551.63,NA,NA,11.4045488610153
"Rwanda",2015,646,4.56,NA,NA,NA,NA,NA,NA,NA,NA,NA,NA,NA,8.90000000000001,0.511816915217503,0.460085659734764,0.0280974250477321,26.784409,NA,3.3570238692,3.82737611352,2.68561909536
"Saint Lucia",2015,662,10.58,NA,NA,NA,NA,NA,NA,NA,NA,NA,NA,NA,53.3,0.287810383747178,0.618510158013544,0.0936794582392777,9,NA,NA,NA,NA
"Saint Vincent and the Grenadines",2015,670,10.82,NA,NA,NA,NA,NA,NA,NA,NA,NA,NA,NA,39.6,0.335159817351598,0.591780821917808,0.0730593607305936,9,NA,NA,NA,NA
"Samoa",2015,882,10.74,NA,NA,NA,NA,NA,NA,NA,NA,NA,NA,NA,32.2,0.478844169246646,0.468008255933953,0.0531475748194014,0.90422821,NA,NA,NA,NA
"Sao Tome and Principe",2015,678,4.68,NA,NA,NA,NA,NA,NA,NA,NA,NA,NA,NA,8.3,0.541411042944785,0.428425357873211,0.0301635991820041,7.1833572,NA,3.51605096856,4.23232937244,2.812840774848
"Saudi Arabia",2015,682,10.2,NA,NA,NA,NA,NA,NA,NA,NA,NA,NA,NA,54.3,0.334158360931088,0.635307166965092,0.0305344721038204,4.6713715,375.6,NA,NA,NA
"Senegal",2015,686,4.26,NA,NA,NA,NA,NA,NA,NA,NA,NA,NA,NA,11.8,0.535442953468189,0.434615127845651,0.0299419186861606,48.099579,319.54,1.9813426779,2.31504685554,1.58507414232
"Serbia",2015,688,12.06,NA,NA,NA,NA,NA,NA,NA,NA,NA,NA,NA,81.1,0.227592207557404,0.609326975230519,0.163080817212077,1.50359349798003,512.22,NA,NA,NA
"Seychelles",2015,690,10.65,NA,NA,NA,NA,NA,NA,NA,NA,NA,NA,NA,53,0.279317697228145,0.638592750533049,0.082089552238806,4.1322937,360.57,NA,NA,NA
"Sierra Leone",2015,694,4.3,NA,NA,NA,NA,NA,NA,NA,NA,NA,NA,NA,14,0.536258513739414,0.438721799317519,0.0250196869430667,56.793671,NA,1.5349752183,1.7306519471,1.22798017464
"Singapore",2015,702,12.64,"Singapore",0,0,0,262.45345050269,182648,254.99,4960,12.64,0.971562764793548,12.2805533469904,80.4,0.218761854869303,0.664378488718681,0.116859656412017,2.894453,619.17,NA,NA,12.2805533469904
"Slovakia",2015,703,13.25,"Slovakia",0,0,0,262.45345050269,182648,273.92,5230,13.25,1.04368984090454,13.8288903919852,91.2,0.206147849907157,0.653282591509937,0.140569558582906,0.200718699596004,495.32,NA,NA,13.8288903919852
"Slovenia",2015,705,12.2,"Slovenia",0,0,0,262.45345050269,182648,255.31,4960,12.2,0.97278202862638,11.8679407492418,81.8,0.192876765145308,0.626777194081642,0.180346040773049,0.30000305,518.04,NA,NA,11.8679407492418
"Solomon Islands",2015,90,6.69,NA,NA,NA,NA,NA,NA,NA,NA,NA,NA,NA,20.6,0.502894109635683,0.462717058222676,0.0343888321416411,9,NA,NA,NA,NA
"Somalia",2015,706,3.31,NA,NA,NA,NA,NA,NA,NA,NA,NA,NA,NA,10.1,0.577184151865967,0.395944488387143,0.0268713597468901,62.25,NA,NA,NA,NA
"South Africa",2015,710,10.07,NA,NA,NA,NA,NA,NA,NA,NA,NA,NA,NA,48.9,0.386433394165535,0.562751520654311,0.0508150851801544,9.2927055,374.06,8.66473670619,9.73491754774,6.931789364952
"South Sudan",2015,728,2.63,NA,NA,NA,NA,NA,NA,NA,NA,NA,NA,NA,16,0.530686285238091,0.434608035421174,0.0347056793407352,65.477242,NA,NA,NA,NA
"Spain",2015,724,11.47,"Spain",0,0,0,262.45345050269,182648,251.32,5585,11.47,0.957579332710751,10.9834349461923,59.8,0.194276452762846,0.616949510537137,0.188774036700016,1.7232437,504.83,NA,NA,10.9834349461923
"Sri Lanka",2015,144,10.77,NA,NA,NA,NA,NA,NA,NA,NA,NA,NA,NA,51.9,0.32226401247592,0.584736311009613,0.0929996765144675,8.0025072,292.3,NA,NA,NA
"Sudan",2015,729,4.98,NA,NA,NA,NA,NA,NA,NA,NA,NA,NA,NA,24.9,0.52423860528066,0.441201359111247,0.0345600356080936,25.8591927498123,NA,NA,NA,NA
"Suriname",2015,740,10.19,NA,NA,NA,NA,NA,NA,NA,NA,NA,NA,NA,28.7,0.358937285378637,0.574191216338334,0.0668714982830291,5.6167297,NA,NA,NA,NA
"Swaziland",2015,748,9.5,NA,NA,NA,NA,NA,NA,NA,NA,NA,NA,NA,41.1,0.490105390856016,0.478808097657138,0.0310865114868451,11.58062,335.26,8.0023803565,8.6915543225,6.4019042852
"Sweden",2015,752,12.77,"Sweden",0,0,0,262.45345050269,182648,279.93,4080,12.77,1.06658913976492,13.6203433147981,81.6,0.224761104909,0.579257863310016,0.195981031780985,0.200718699596004,509.15,NA,NA,13.6203433147981
"Switzerland",2015,756,13.4,NA,NA,NA,NA,NA,NA,NA,NA,NA,NA,NA,82.1,0.20016106156398,0.619870669968028,0.179968268467992,0.200718699596004,543.83,NA,NA,NA
"Syrian Arab Republic",2015,760,7.29,NA,NA,NA,NA,NA,NA,NA,NA,NA,NA,NA,26.9,0.496159614840593,0.463440280542938,0.0404001046164685,15.0059329236894,390.86,NA,NA,NA
"Taiwan Province of China",2015,158,12.39,NA,NA,NA,NA,NA,NA,NA,NA,NA,NA,NA,77.7,0.202396617141689,0.674996060997057,0.122607321861253,2.87817159145408,597.75,NA,NA,NA
"Tajikistan",2015,762,11.79,NA,NA,NA,NA,NA,NA,NA,NA,NA,NA,NA,93,0.452613480859425,0.514169756371419,0.0332167627691552,0.19999695,NA,9.52618018239,11.2668839487,7.620944145912
"Thailand",2015,764,10.22,NA,NA,NA,NA,NA,NA,NA,NA,NA,NA,NA,44.7,0.250136906495776,0.644219341683659,0.105643751820565,6.6819649,440.25,NA,NA,NA
"The former Yugoslav Republic of Macedonia",2015,807,10.64,NA,NA,NA,NA,NA,NA,NA,NA,NA,NA,NA,63.4,0.231579453636014,0.643180069257407,0.125240477106579,2.1999969,389,NA,NA,NA
"Timor-Leste",2015,626,6.72,NA,NA,NA,NA,NA,NA,NA,NA,NA,NA,NA,37,0.564786462530218,0.400644641418211,0.0345688960515713,31.933167,NA,4.33909490784,5.31159022464,3.471275926272
"Togo",2015,768,5.25,NA,NA,NA,NA,NA,NA,NA,NA,NA,NA,NA,12.8,0.522603783251763,0.449500465153905,0.0278957515943319,36.254379,283.23,2.282895153,2.75009230125,1.8263161224
"Tonga",2015,776,11.03,NA,NA,NA,NA,NA,NA,NA,NA,NA,NA,NA,35.8,0.475563909774436,0.466165413533835,0.0582706766917293,0.58563232,NA,NA,NA,NA
"Trinidad and Tobago",2015,780,11.63,NA,NA,NA,NA,NA,NA,NA,NA,NA,NA,NA,57,0.271283634759594,0.634612556976915,0.0941038082634907,1.3000031,438.75,NA,NA,NA
"Tunisia",2015,788,8.99,NA,NA,NA,NA,NA,NA,NA,NA,NA,NA,NA,31.5,0.310308126230642,0.613600482500488,0.0760913912688699,20.490084,384.12,NA,NA,NA
"Turkey",2015,792,9.21,"Turkey",0,0,0,262.45345050269,182648,225.39,4934,9.21,0.85878086025655,7.90937172296283,43.9,0.341053460003373,0.580928459364571,0.0780180806320556,4.0269089,470.39,NA,NA,7.90937172296283
"Turkmenistan",2015,795,10.73,NA,NA,NA,NA,NA,NA,NA,NA,NA,NA,NA,94.8,0.388130478517028,0.57113090961345,0.0407386118695215,0.30000305,NA,NA,NA,NA
"Uganda",2015,800,6.68,NA,NA,NA,NA,NA,NA,NA,NA,NA,NA,NA,9.90000000000001,0.594072749194139,0.38418021393305,0.021747036872811,23.472504,329.42,4.03208549484,4.95718228876,3.225668395872
"Ukraine",2015,804,10.98,"Ukraine",0,0,0,262.45345050269,182648,269.06598,NA,10.98,1.02519505643627,11.2566417196703,93,0.197926136236414,0.643217959454195,0.158855904309391,0.025650024,478.3,NA,NA,11.2566417196703
"United Arab Emirates",2015,784,10.24,NA,NA,NA,NA,NA,NA,NA,NA,NA,NA,NA,52.4,0.173763901330595,0.81601083702943,0.0102252616399747,6.7728577,460.49,NA,NA,NA
"United Kingdom of Great Britain and Northern Ireland",2015,826,13.26,"United Kingdom of Great Britain and Northern Ireland",0,0,0,262.45345050269,182648,273.42,8392,13.26,1.04178474116574,13.8140656678577,74.2,0.23359849770772,0.585175262335343,0.181226239956938,0.200718699596004,515.8,NA,NA,13.8140656678577
"United Republic of Tanzania",2015,834,7.22,NA,NA,NA,NA,NA,NA,NA,NA,NA,NA,NA,6.7,0.556763036244834,0.412138150142058,0.0310988136131076,22.11277,352.92,5.0305402345,5.51972194128,4.0244321876
"United States of America",2015,840,12.89,"United States of America",0,0,0,262.45345050269,182648,270.29,4659,12.89,1.02985881680085,13.2748801485629,89.7,0.258714413072807,0.594872006471885,0.146413580455308,0.200718699596004,529.09,NA,NA,13.2748801485629
"United States Virgin Islands",2015,850,9.99,NA,NA,NA,NA,NA,NA,NA,NA,NA,NA,NA,47.8,0.270218839200761,0.555661274976213,0.174119885823026,9,NA,NA,NA,NA
"Uruguay",2015,858,9.55,NA,NA,NA,NA,NA,NA,NA,NA,NA,NA,NA,36,0.289302677973016,0.566366523880293,0.144330798146691,1.3987694,445.45,NA,NA,NA
"Uzbekistan",2015,860,11.23,NA,NA,NA,NA,NA,NA,NA,NA,NA,NA,NA,90.4,0.371153988940146,0.586530608291985,0.042315402767869,0.012235005,NA,NA,NA,NA
"Vanuatu",2015,548,7.2,NA,NA,NA,NA,NA,NA,NA,NA,NA,NA,NA,18.8,0.463165848129958,0.494899886664148,0.0419342652058935,12.49369,NA,NA,NA,NA
"Venezuela (Bolivarian Republic of)",2015,862,10.11,NA,NA,NA,NA,NA,NA,NA,NA,NA,NA,NA,54.5,0.37138134668464,0.566050452532255,0.0625682007831055,3.1338463,422.71,NA,NA,NA
"Viet Nam",2015,704,8.08,"Viet Nam",0,0,0,262.45345050269,182648,237.94441,NA,8.08,0.906615666680142,7.32545458677555,22.9,0.305523942641529,0.627036361440865,0.0674396959176062,4.9996185,520.04,NA,NA,7.32545458677555
"Western Sahara",2015,732,3.58,NA,NA,NA,NA,NA,NA,NA,NA,NA,NA,NA,11.6,0.371841155234657,0.602698080942428,0.0254607638229147,NA,NA,NA,NA,NA
"World",2015,900,8.74,NA,NA,NA,NA,NA,NA,NA,NA,NA,NA,NA,44.9,0.341882292885881,0.575238942848136,0.082878764265983,NA,NA,NA,NA,NA
"Yemen",2015,887,2.38,NA,NA,NA,NA,NA,NA,NA,NA,NA,NA,NA,19,0.517916652734588,0.45351329863317,0.0285700486322414,31.734136537265,297.2,0.9795566872,1.27318301586,0.78364534976
"Zambia",2015,894,7.94,NA,NA,NA,NA,NA,NA,NA,NA,NA,NA,NA,25.2,0.566489642535483,0.408484735550793,0.025025621913724,13.252037,324.46,4.58588371092,5.94671650766,3.668706968736
"Zimbabwe",2015,716,10.96,NA,NA,NA,NA,NA,NA,NA,NA,NA,NA,NA,59.8,0.521946921726343,0.449815233857524,0.0282378444161327,13.861935,342.99,9.44912835808,10.451886454,7.559302686464
