iso,year,cc,tp_
4,1970,"Afghanistan",39.24977
4,1975,"Afghanistan",36.5322
4,1980,"Afghanistan",37.87589
4,1985,"Afghanistan",36.40558
4,1990,"Afghanistan",49.26471
4,1995,"Afghanistan",32.64443
4,2000,"Afghanistan",31.86219
4,2005,"Afghanistan",42.91563
4,2010,"Afghanistan",44.58134
4,2015,"Afghanistan",46.18569
8,1970,"Albania",24.05337
8,1975,"Albania",19.13892
8,1980,"Albania",17.94964
8,1985,"Albania",17.73649
8,1990,"Albania",15.68515
8,1995,"Albania",22.75761
8,2000,"Albania",21.93856
8,2005,"Albania",19.79287
8,2010,"Albania",19.41964
8,2015,"Albania",18.08292
12,1970,"Algeria",40.00059
12,1975,"Algeria",39.35215
12,1980,"Algeria",33.53637
12,1985,"Algeria",27.9779
12,1990,"Algeria",27.68756
12,1995,"Algeria",27.5337
12,2000,"Algeria",27.57514
12,2005,"Algeria",24.01662
12,2010,"Algeria",23.33632
12,2015,"Algeria",24.15421
16,1970,"American Samoa",22.09527
16,1975,"American Samoa",22.55809
16,1980,"American Samoa",18.98035
16,1985,"American Samoa",17.77066
16,1990,"American Samoa",16.96922
16,1995,"American Samoa",19.00528
16,2000,"American Samoa",19.43101
16,2005,"American Samoa",23.91441
16,2010,"American Samoa",20.76926
16,2015,"American Samoa",17.60879
20,1970,"Andorra",24.05337
20,1975,"Andorra",15.38732
20,1980,"Andorra",9.72676
20,1985,"Andorra",17.73649
20,1990,"Andorra",15.68515
20,1995,"Andorra",16.87588
20,2000,"Andorra",12.46921
20,2005,"Andorra",10.51417
20,2010,"Andorra",9.583602
20,2015,"Andorra",10.25047
24,1970,"Angola",40.11174
24,1975,"Angola",50.13342
24,1980,"Angola",33.34781
24,1985,"Angola",32.09739
24,1990,"Angola",29.52888
24,1995,"Angola",41.75324
24,2000,"Angola",48.8688
24,2005,"Angola",41.0124
24,2010,"Angola",44.06479
24,2015,"Angola",50.02951
28,1970,"Antigua and Barbuda",25.30054
28,1975,"Antigua and Barbuda",24.10168
28,1980,"Antigua and Barbuda",24.72464
28,1985,"Antigua and Barbuda",24.19762
28,1990,"Antigua and Barbuda",21.63677
28,1995,"Antigua and Barbuda",20.41527
28,2000,"Antigua and Barbuda",18.74101
28,2005,"Antigua and Barbuda",18.28569
28,2010,"Antigua and Barbuda",14.41729
28,2015,"Antigua and Barbuda",12.93189
31,1970,"Azerbaijan",27.5038
31,1975,"Azerbaijan",23.22307
31,1980,"Azerbaijan",21.61777
31,1985,"Azerbaijan",22.12853
31,1990,"Azerbaijan",19.5086
31,1995,"Azerbaijan",19.4427
31,2000,"Azerbaijan",16.30478
31,2005,"Azerbaijan",11.98787
31,2010,"Azerbaijan",11.78032
31,2015,"Azerbaijan",14.96797
32,1970,"Argentina",19.01778
32,1975,"Argentina",18.31628
32,1980,"Argentina",20.26527
32,1985,"Argentina",19.674
32,1990,"Argentina",17.53274
32,1995,"Argentina",18.77681
32,2000,"Argentina",18.40756
32,2005,"Argentina",17.05465
32,2010,"Argentina",20.11731
32,2015,"Argentina",18.36141
36,1970,"Australia",23.6405
36,1975,"Australia",19.7114
36,1980,"Australia",17.16525
36,1985,"Australia",16.68713
36,1990,"Australia",16.58099
36,1995,"Australia",17.97109
36,2000,"Australia",17.4916
36,2005,"Australia",15.55395
36,2010,"Australia",14.49824
36,2015,"Australia",14.6781
40,1970,"Austria",21.2189
40,1975,"Austria",18.19366
40,1980,"Austria",14.08477
40,1985,"Austria",10.85298
40,1990,"Austria",11.16964
40,1995,"Austria",12.39338
40,2000,"Austria",13.1945
40,2005,"Austria",11.89925
40,2010,"Austria",10.83383
40,2015,"Austria",10.30147
44,1970,"Bahamas",44.15203
44,1975,"Bahamas",24.58798
44,1980,"Bahamas",24.22698
44,1985,"Bahamas",19.83745
44,1990,"Bahamas",21.08982
44,1995,"Bahamas",18.18999
44,2000,"Bahamas",16.80458
44,2005,"Bahamas",14.8765
44,2010,"Bahamas",17.80162
44,2015,"Bahamas",19.83954
48,1970,"Bahrain",22.74675
48,1975,"Bahrain",21.74945
48,1980,"Bahrain",18.91712
48,1985,"Bahrain",20.46079
48,1990,"Bahrain",21.14131
48,1995,"Bahrain",20.45503
48,2000,"Bahrain",18.63958
48,2005,"Bahrain",14.87639
48,2010,"Bahrain",11.85102
48,2015,"Bahrain",11.9681
50,1970,"Bangladesh",47.6137
50,1975,"Bangladesh",47.25004
50,1980,"Bangladesh",51.79623
50,1985,"Bangladesh",52.22845
50,1990,"Bangladesh",63.00499
50,1995,"Bangladesh",33.42068
50,2000,"Bangladesh",31.86219
50,2005,"Bangladesh",45.7642
50,2010,"Bangladesh",42.97476
50,2015,"Bangladesh",30.05457
51,1970,"Armenia",27.5038
51,1975,"Armenia",23.22307
51,1980,"Armenia",21.61777
51,1985,"Armenia",22.12853
51,1990,"Armenia",19.14201
51,1995,"Armenia",16.76063
51,2000,"Armenia",19.94676
51,2005,"Armenia",20.58218
51,2010,"Armenia",15.14557
51,2015,"Armenia",15.41859
52,1970,"Barbados",31.97295
52,1975,"Barbados",27.68085
52,1980,"Barbados",21.90042
52,1985,"Barbados",19.80589
52,1990,"Barbados",17.48415
52,1995,"Barbados",17.77204
52,2000,"Barbados",16.41622
52,2005,"Barbados",14.3217
52,2010,"Barbados",12.93647
52,2015,"Barbados",13.71018
56,1970,"Belgium",19.50756
56,1975,"Belgium",19.25479
56,1980,"Belgium",18.59343
56,1985,"Belgium",16.67474
56,1990,"Belgium",12.24186
56,1995,"Belgium",17.05465
56,2000,"Belgium",14.87674
56,2005,"Belgium",11.27011
56,2010,"Belgium",11.16176
56,2015,"Belgium",11.2713
60,1970,"Bermuda",21.60835
60,1975,"Bermuda",20.49881
60,1980,"Bermuda",19.05272
60,1985,"Bermuda",17.46926
60,1990,"Bermuda",15.63352
60,1995,"Bermuda",12.59221
60,2000,"Bermuda",8.926073
60,2005,"Bermuda",8.293344
60,2010,"Bermuda",8.008778
60,2015,"Bermuda",10.4196
64,1970,"Bhutan",21.72664
64,1975,"Bhutan",24.55636
64,1980,"Bhutan",36.53599
64,1985,"Bhutan",37.06513
64,1990,"Bhutan",29.58375
64,1995,"Bhutan",38.82484
64,2000,"Bhutan",40.31477
64,2005,"Bhutan",29.45369
64,2010,"Bhutan",25.98408
64,2015,"Bhutan",36.81846
68,1970,"Bolivia",29.15234
68,1975,"Bolivia",27.94226
68,1980,"Bolivia",26.8661
68,1985,"Bolivia",27.33768
68,1990,"Bolivia",25.02137
68,1995,"Bolivia",24.72372
68,2000,"Bolivia",24.33929
68,2005,"Bolivia",21.88145
68,2010,"Bolivia",16.60131
68,2015,"Bolivia",17.39838
70,1970,"Bosnia and Herzegovina",24.05337
70,1975,"Bosnia and Herzegovina",19.13892
70,1980,"Bosnia and Herzegovina",17.94964
70,1985,"Bosnia and Herzegovina",17.73649
70,1990,"Bosnia and Herzegovina",15.68515
70,1995,"Bosnia and Herzegovina",16.87588
70,2000,"Bosnia and Herzegovina",15.19178
70,2005,"Bosnia and Herzegovina",14.11068
70,2010,"Bosnia and Herzegovina",16.95988
70,2015,"Bosnia and Herzegovina",17.14406
72,1970,"Botswana",34.33074
72,1975,"Botswana",31.85429
72,1980,"Botswana",31.69649
72,1985,"Botswana",32.21843
72,1990,"Botswana",28.91905
72,1995,"Botswana",27.04493
72,2000,"Botswana",26.3326
72,2005,"Botswana",25.35322
72,2010,"Botswana",22.81618
72,2015,"Botswana",23.71279
76,1970,"Brazil",28.01019
76,1975,"Brazil",27.94226
76,1980,"Brazil",26.8661
76,1985,"Brazil",27.33768
76,1990,"Brazil",25.02137
76,1995,"Brazil",25.94511
76,2000,"Brazil",22.61509
76,2005,"Brazil",22.64268
76,2010,"Brazil",21.22278
76,2015,"Brazil",20.37579
84,1970,"Belize",35.21421
84,1975,"Belize",34.53687
84,1980,"Belize",33.9477
84,1985,"Belize",32.58369
84,1990,"Belize",31.62128
84,1995,"Belize",23.5
84,2000,"Belize",22.5286
84,2005,"Belize",22.93934
84,2010,"Belize",22.13464
84,2015,"Belize",20.07818
90,1970,"Solomon Islands",24.28501
90,1975,"Solomon Islands",25.66746
90,1980,"Solomon Islands",25.04767
90,1985,"Solomon Islands",23.63832
90,1990,"Solomon Islands",21.93261
90,1995,"Solomon Islands",21.35073
90,2000,"Solomon Islands",28.70135
90,2005,"Solomon Islands",24.89357
90,2010,"Solomon Islands",19.89968
90,2015,"Solomon Islands",25.51812
92,1970,"British Virgin Islands",22.43617
92,1975,"British Virgin Islands",20.0067
92,1980,"British Virgin Islands",17.42299
92,1985,"British Virgin Islands",24.19762
92,1990,"British Virgin Islands",17.01661
92,1995,"British Virgin Islands",16.77608
92,2000,"British Virgin Islands",15.61212
92,2005,"British Virgin Islands",14.41151
92,2010,"British Virgin Islands",12.30145
92,2015,"British Virgin Islands",11.29873
96,1970,"Brunei",20.97993
96,1975,"Brunei",18.05877
96,1980,"Brunei",16.61629
96,1985,"Brunei",15.18174
96,1990,"Brunei",15.40957
96,1995,"Brunei",14.18942
96,2000,"Brunei",12.62543
96,2005,"Brunei",11.96075
96,2010,"Brunei",10.73667
96,2015,"Brunei",10.07278
100,1970,"Bulgaria",27.02714
100,1975,"Bulgaria",27.981
100,1980,"Bulgaria",28.02464
100,1985,"Bulgaria",26.39354
100,1990,"Bulgaria",20.06598
100,1995,"Bulgaria",17.21058
100,2000,"Bulgaria",17.04347
100,2005,"Bulgaria",16.25219
100,2010,"Bulgaria",17.547
100,2015,"Bulgaria",16.40881
104,1970,"Myanmar",45.99407
104,1975,"Myanmar",50.50785
104,1980,"Myanmar",52.52309
104,1985,"Myanmar",54.07864
104,1990,"Myanmar",48.61192
104,1995,"Myanmar",38.35346
104,2000,"Myanmar",32.48065
104,2005,"Myanmar",29.43055
104,2010,"Myanmar",27.89011
104,2015,"Myanmar",23.14889
108,1970,"Burundi",34.70801
108,1975,"Burundi",31.63564
108,1980,"Burundi",41.96663
108,1985,"Burundi",62.4927
108,1990,"Burundi",65.30848
108,1995,"Burundi",49.4284
108,2000,"Burundi",51.15689
108,2005,"Burundi",51.56218
108,2010,"Burundi",46.93444
108,2015,"Burundi",46.25498
112,1970,"Belarus",27.02714
112,1975,"Belarus",27.981
112,1980,"Belarus",28.02464
112,1985,"Belarus",26.39354
112,1990,"Belarus",20.04996
112,1995,"Belarus",19.5211
112,2000,"Belarus",16.73757
112,2005,"Belarus",15.69894
112,2010,"Belarus",15.33542
112,2015,"Belarus",18.4857
116,1970,"Cambodia",20.19415
116,1975,"Cambodia",31.78272
116,1980,"Cambodia",45.07526
116,1985,"Cambodia",36.13773
116,1990,"Cambodia",36.87893
116,1995,"Cambodia",45.92194
116,2000,"Cambodia",54.13054
116,2005,"Cambodia",50.42516
116,2010,"Cambodia",46.60492
116,2015,"Cambodia",42.85534
120,1970,"Cameroon",49.12553
120,1975,"Cameroon",50.49464
120,1980,"Cameroon",50.51495
120,1985,"Cameroon",50.75272
120,1990,"Cameroon",50.15268
120,1995,"Cameroon",49.67982
120,2000,"Cameroon",58.62327
120,2005,"Cameroon",45.85771
120,2010,"Cameroon",45.2478
120,2015,"Cameroon",43.41211
124,1970,"Canada",22.34926
124,1975,"Canada",20.49881
124,1980,"Canada",15.88149
124,1985,"Canada",16.40556
124,1990,"Canada",15.63352
124,1995,"Canada",16.97818
124,2000,"Canada",17.41596
124,2005,"Canada",8.293344
124,2010,"Canada",11.27313
124,2015,"Canada",12.37375
132,1970,"Cape Verde",39.96115
132,1975,"Cape Verde",44.08758
132,1980,"Cape Verde",40.10372
132,1985,"Cape Verde",34.64246
132,1990,"Cape Verde",33.222
132,1995,"Cape Verde",28.58683
132,2000,"Cape Verde",28.10005
132,2005,"Cape Verde",24.90877
132,2010,"Cape Verde",23.07946
132,2015,"Cape Verde",21.39519
136,1970,"Cayman Islands",31.97295
136,1975,"Cayman Islands",25.38636
136,1980,"Cayman Islands",18.83036
136,1985,"Cayman Islands",24.19762
136,1990,"Cayman Islands",21.63677
136,1995,"Cayman Islands",15.45933
136,2000,"Cayman Islands",14.49082
136,2005,"Cayman Islands",12.01525
136,2010,"Cayman Islands",12.80743
136,2015,"Cayman Islands",15.74725
140,1970,"Central African Republic",65.01951
140,1975,"Central African Republic",65.65047
140,1980,"Central African Republic",62.2602
140,1985,"Central African Republic",64.78237
140,1990,"Central African Republic",83.70404
140,1995,"Central African Republic",51.05762
140,2000,"Central African Republic",48.8688
140,2005,"Central African Republic",94.49199
140,2010,"Central African Republic",81.91551
140,2015,"Central African Republic",83.41195
144,1970,"Sri Lanka",35.14341
144,1975,"Sri Lanka",30.70121
144,1980,"Sri Lanka",37.87589
144,1985,"Sri Lanka",37.97093
144,1990,"Sri Lanka",28.71514
144,1995,"Sri Lanka",27.80829
144,2000,"Sri Lanka",24.26373
144,2005,"Sri Lanka",23.17034
144,2010,"Sri Lanka",23.96374
144,2015,"Sri Lanka",22.74719
148,1970,"Chad",65.44727
148,1975,"Chad",50.13342
148,1980,"Chad",48.11957
148,1985,"Chad",67.73705
148,1990,"Chad",64.05238
148,1995,"Chad",65.5083
148,2000,"Chad",69.72578
148,2005,"Chad",61.93557
148,2010,"Chad",60.93116
148,2015,"Chad",56.21484
152,1970,"Chile",29.15234
152,1975,"Chile",27.94226
152,1980,"Chile",26.8661
152,1985,"Chile",27.33768
152,1990,"Chile",25.02137
152,1995,"Chile",32.60762
152,2000,"Chile",31.63555
152,2005,"Chile",24.90976
152,2010,"Chile",20.94439
152,2015,"Chile",18.0575
156,1970,"China",28.58625
156,1975,"China",28.52529
156,1980,"China",25.98828
156,1985,"China",24.17484
156,1990,"China",22.13782
156,1995,"China",23.51033
156,2000,"China",22.20572
156,2005,"China",17.67603
156,2010,"China",16.71302
156,2015,"China",16.46609
170,1970,"Colombia",35.59323
170,1975,"Colombia",32.0705
170,1980,"Colombia",30.07292
170,1985,"Colombia",29.87
170,1990,"Colombia",28.28568
170,1995,"Colombia",24.37039
170,2000,"Colombia",26.81029
170,2005,"Colombia",28.95123
170,2010,"Colombia",26.00582
170,2015,"Colombia",23.86507
174,1970,"Comoros",40.14402
174,1975,"Comoros",47.37831
174,1980,"Comoros",40.9169
174,1985,"Comoros",34.89756
174,1990,"Comoros",39.72036
174,1995,"Comoros",43.42214
174,2000,"Comoros",36.72105
174,2005,"Comoros",30.15332
174,2010,"Comoros",27.77735
174,2015,"Comoros",23.4796
178,1970,"Congo",63.12991
178,1975,"Congo",55.95623
178,1980,"Congo",56.57986
178,1985,"Congo",63.00037
178,1990,"Congo",67.05624
178,1995,"Congo",70.60377
178,2000,"Congo",64.82932
178,2005,"Congo",57.36553
178,2010,"Congo",46.89352
178,2015,"Congo",46.21739
180,1970,"Democratic Republic of Congo",42.32411
180,1975,"Democratic Republic of Congo",50.13342
180,1980,"Democratic Republic of Congo",41.53049
180,1985,"Democratic Republic of Congo",36.62732
180,1990,"Democratic Republic of Congo",41.94376
180,1995,"Democratic Republic of Congo",37.06704
180,2000,"Democratic Republic of Congo",34.33504
180,2005,"Democratic Republic of Congo",38.21375
180,2010,"Democratic Republic of Congo",36.30405
180,2015,"Democratic Republic of Congo",33.19793
184,1970,"Cook Islands",21.14814
184,1975,"Cook Islands",21.46104
184,1980,"Cook Islands",12.59307
184,1985,"Cook Islands",18.19544
184,1990,"Cook Islands",18.87613
184,1995,"Cook Islands",19.3213
184,2000,"Cook Islands",17.222
184,2005,"Cook Islands",15.95987
184,2010,"Cook Islands",15.82961
184,2015,"Cook Islands",17.28321
188,1970,"Costa Rica",29.28152
188,1975,"Costa Rica",28.0012
188,1980,"Costa Rica",31.61077
188,1985,"Costa Rica",31.89345
188,1990,"Costa Rica",32.03849
188,1995,"Costa Rica",28.62328
188,2000,"Costa Rica",23.54918
188,2005,"Costa Rica",19.5846
188,2010,"Costa Rica",15.44066
188,2015,"Costa Rica",12.12197
191,1970,"Croatia",24.05337
191,1975,"Croatia",19.13892
191,1980,"Croatia",17.94964
191,1985,"Croatia",17.73649
191,1990,"Croatia",15.68515
191,1995,"Croatia",19.41187
191,2000,"Croatia",18.17675
191,2005,"Croatia",16.41873
191,2010,"Croatia",13.83452
191,2015,"Croatia",13.60406
192,1970,"Cuba",27.66131
192,1975,"Cuba",21.48645
192,1980,"Cuba",16.81724
192,1985,"Cuba",13.39884
192,1990,"Cuba",12.49111
192,1995,"Cuba",12.16958
192,2000,"Cuba",10.79004
192,2005,"Cuba",9.796702
192,2010,"Cuba",9.084092
192,2015,"Cuba",8.90777
196,1970,"Cyprus",28.72284
196,1975,"Cyprus",25.51516
196,1980,"Cyprus",21.58552
196,1985,"Cyprus",22.15068
196,1990,"Cyprus",19.76894
196,1995,"Cyprus",17.70053
196,2000,"Cyprus",18.09888
196,2005,"Cyprus",15.76269
196,2010,"Cyprus",13.59148
196,2015,"Cyprus",11.93961
203,1970,"Czech Republic",27.02714
203,1975,"Czech Republic",27.981
203,1980,"Czech Republic",29.41194
203,1985,"Czech Republic",28.65857
203,1990,"Czech Republic",21.71762
203,1995,"Czech Republic",18.8124
203,2000,"Czech Republic",17.03136
203,2005,"Czech Republic",17.52137
203,2010,"Czech Republic",18.85862
203,2015,"Czech Republic",15.72747
204,1970,"Benin",44.67806
204,1975,"Benin",51.21222
204,1980,"Benin",42.82058
204,1985,"Benin",33.63216
204,1990,"Benin",40.07747
204,1995,"Benin",51.56642
204,2000,"Benin",54.57784
204,2005,"Benin",44.96835
204,2010,"Benin",44.87886
204,2015,"Benin",42.3629
208,1970,"Denmark",19.63656
208,1975,"Denmark",21.04069
208,1980,"Denmark",21.2932
208,1985,"Denmark",11.59347
208,1990,"Denmark",10.62926
208,1995,"Denmark",9.958966
208,2000,"Denmark",10.02759
208,2005,"Denmark",13.6207
208,2010,"Denmark",10.73738
208,2015,"Denmark",11.95111
212,1970,"Dominica",36.42064
212,1975,"Dominica",37.97974
212,1980,"Dominica",24.72464
212,1985,"Dominica",24.19762
212,1990,"Dominica",29.25727
212,1995,"Dominica",19.80921
212,2000,"Dominica",18.95424
212,2005,"Dominica",17.1253
212,2010,"Dominica",15.3639
212,2015,"Dominica",13.54119
214,1970,"Dominican Republic",54.69308
214,1975,"Dominican Republic",51.18983
214,1980,"Dominican Republic",46.3499
214,1985,"Dominican Republic",43.44283
214,1990,"Dominican Republic",21.63677
214,1995,"Dominican Republic",30.92183
214,2000,"Dominican Republic",29.6265
214,2005,"Dominican Republic",23.10633
214,2010,"Dominican Republic",23.73489
214,2015,"Dominican Republic",18.66304
218,1970,"Ecuador",37.44874
218,1975,"Ecuador",36.77721
218,1980,"Ecuador",35.39846
218,1985,"Ecuador",31.47247
218,1990,"Ecuador",30.24656
218,1995,"Ecuador",25.14193
218,2000,"Ecuador",23.53113
218,2005,"Ecuador",22.79075
218,2010,"Ecuador",22.79383
218,2015,"Ecuador",24.73658
222,1970,"El Salvador",35.21421
222,1975,"El Salvador",34.53687
222,1980,"El Salvador",33.9477
222,1985,"El Salvador",32.58369
222,1990,"El Salvador",31.62128
222,1995,"El Salvador",30.1184
222,2000,"El Salvador",45.831
222,2005,"El Salvador",37.32545
222,2010,"El Salvador",29.28568
222,2015,"El Salvador",28.28026
226,1970,"Equatorial Guinea",57.10635
226,1975,"Equatorial Guinea",50.13342
226,1980,"Equatorial Guinea",68.59654
226,1985,"Equatorial Guinea",48.96517
226,1990,"Equatorial Guinea",54.32148
226,1995,"Equatorial Guinea",56.68684
226,2000,"Equatorial Guinea",39.57572
226,2005,"Equatorial Guinea",26.09204
226,2010,"Equatorial Guinea",27.08067
226,2015,"Equatorial Guinea",23.22706
231,1970,"Ethiopia",46.53028
231,1975,"Ethiopia",44.47774
231,1980,"Ethiopia",59.70973
231,1985,"Ethiopia",47.79861
231,1990,"Ethiopia",32.73689
231,1995,"Ethiopia",40.09089
231,2000,"Ethiopia",67.33913
231,2005,"Ethiopia",60.11176
231,2010,"Ethiopia",54.5639
231,2015,"Ethiopia",39.47898
232,1970,"Eritrea",42.55424
232,1975,"Eritrea",42.52135
232,1980,"Eritrea",41.6012
232,1985,"Eritrea",40.62725
232,1990,"Eritrea",38.75017
232,1995,"Eritrea",43.14809
232,2000,"Eritrea",45.95051
232,2005,"Eritrea",44.81217
232,2010,"Eritrea",41.49785
232,2015,"Eritrea",40.44089
233,1970,"Estonia",19.63656
233,1975,"Estonia",21.04069
233,1980,"Estonia",21.2932
233,1985,"Estonia",19.93317
233,1990,"Estonia",18.33845
233,1995,"Estonia",15.66547
233,2000,"Estonia",14.2143
233,2005,"Estonia",11.86664
233,2010,"Estonia",11.63784
233,2015,"Estonia",11.28929
238,1970,"Falkland Islands",13.76757
238,1975,"Falkland Islands",9.750922
238,1980,"Falkland Islands",14.86667
238,1985,"Falkland Islands",27.33768
238,1990,"Falkland Islands",25.02137
238,1995,"Falkland Islands",24.64203
238,2000,"Falkland Islands",24.33929
238,2005,"Falkland Islands",21.88145
238,2010,"Falkland Islands",20.11731
238,2015,"Falkland Islands",18.36141
242,1970,"Fiji",24.9775
242,1975,"Fiji",25.01752
242,1980,"Fiji",23.95614
242,1985,"Fiji",25.11652
242,1990,"Fiji",25.39402
242,1995,"Fiji",23.244
242,2000,"Fiji",28.0436
242,2005,"Fiji",26.03275
242,2010,"Fiji",29.37849
242,2015,"Fiji",29.20161
246,1970,"Finland",20.575
246,1975,"Finland",17.00658
246,1980,"Finland",14.65638
246,1985,"Finland",19.93317
246,1990,"Finland",16.61851
246,1995,"Finland",17.28317
246,2000,"Finland",16.09124
246,2005,"Finland",14.72359
246,2010,"Finland",13.55804
246,2015,"Finland",13.49434
250,1970,"France",22.16482
250,1975,"France",21.92269
250,1980,"France",20.86663
250,1985,"France",20.87487
250,1990,"France",18.61588
250,1995,"France",19.13865
250,2000,"France",18.68238
250,2005,"France",18.78853
250,2010,"France",17.81912
250,2015,"France",10.46044
254,1970,"French Guiana",24.30406
254,1975,"French Guiana",27.5802
254,1980,"French Guiana",22.6549
254,1985,"French Guiana",27.33768
254,1990,"French Guiana",25.02137
254,1995,"French Guiana",21.20449
254,2000,"French Guiana",24.33929
254,2005,"French Guiana",21.88145
254,2010,"French Guiana",20.11731
254,2015,"French Guiana",18.36141
258,1970,"French Polynesia",24.61035
258,1975,"French Polynesia",23.33456
258,1980,"French Polynesia",20.28273
258,1985,"French Polynesia",16.21694
258,1990,"French Polynesia",15.40753
258,1995,"French Polynesia",14.77555
258,2000,"French Polynesia",19.43101
258,2005,"French Polynesia",23.91441
258,2010,"French Polynesia",20.76926
258,2015,"French Polynesia",17.60879
262,1970,"Djibouti",35.30843
262,1975,"Djibouti",37.65089
262,1980,"Djibouti",43.18402
262,1985,"Djibouti",43.99628
262,1990,"Djibouti",42.97628
262,1995,"Djibouti",37.55357
262,2000,"Djibouti",34.54823
262,2005,"Djibouti",34.32265
262,2010,"Djibouti",34.40583
262,2015,"Djibouti",30.9782
266,1970,"Gabon",46.92907
266,1975,"Gabon",48.19807
266,1980,"Gabon",44.49492
266,1985,"Gabon",46.73009
266,1990,"Gabon",43.91468
266,1995,"Gabon",52.68489
266,2000,"Gabon",42.6286
266,2005,"Gabon",49.1804
266,2010,"Gabon",24.53098
266,2015,"Gabon",46.21739
268,1970,"Georgia",27.5038
268,1975,"Georgia",23.22307
268,1980,"Georgia",19.02101
268,1985,"Georgia",17.31092
268,1990,"Georgia",16.87718
268,1995,"Georgia",17.05109
268,2000,"Georgia",15.20739
268,2005,"Georgia",8.800255
268,2010,"Georgia",9.086695
268,2015,"Georgia",8.960068
270,1970,"Gambia",27.5177
270,1975,"Gambia",26.04348
270,1980,"Gambia",24.96442
270,1985,"Gambia",26.70296
270,1990,"Gambia",31.54771
270,1995,"Gambia",32.80182
270,2000,"Gambia",38.40899
270,2005,"Gambia",36.14099
270,2010,"Gambia",37.95646
270,2015,"Gambia",37.31897
275,1970,"Palestine",27.5038
275,1975,"Palestine",23.22307
275,1980,"Palestine",21.61777
275,1985,"Palestine",22.12853
275,1990,"Palestine",20.40946
275,1995,"Palestine",37.76489
275,2000,"Palestine",33.06793
275,2005,"Palestine",28.78157
275,2010,"Palestine",25.04211
275,2015,"Palestine",24.25668
276,1970,"Germany",22.16482
276,1975,"Germany",21.17837
276,1980,"Germany",17.85808
276,1985,"Germany",15.73365
276,1990,"Germany",16.42912
276,1995,"Germany",17.23152
276,2000,"Germany",14.51584
276,2005,"Germany",13.64284
276,2010,"Germany",12.02034
276,2015,"Germany",12.22405
288,1970,"Ghana",30.66968
288,1975,"Ghana",29.28772
288,1980,"Ghana",29.27925
288,1985,"Ghana",24.90312
288,1990,"Ghana",29.00456
288,1995,"Ghana",31.268
288,2000,"Ghana",32.36083
288,2005,"Ghana",33.10895
288,2010,"Ghana",31.44662
288,2015,"Ghana",28.67443
292,1970,"Gibraltar",21.2923
292,1975,"Gibraltar",17.97717
292,1980,"Gibraltar",17.28875
292,1985,"Gibraltar",15.46448
292,1990,"Gibraltar",15.68515
292,1995,"Gibraltar",22.10162
292,2000,"Gibraltar",21.60145
292,2005,"Gibraltar",16.3359
292,2010,"Gibraltar",13.34018
292,2015,"Gibraltar",13.93794
296,1970,"Kiribati",28.69946
296,1975,"Kiribati",31.46478
296,1980,"Kiribati",29.83457
296,1985,"Kiribati",28.92723
296,1990,"Kiribati",29.72063
296,1995,"Kiribati",24.8245
296,2000,"Kiribati",25.78116
296,2005,"Kiribati",25.22028
296,2010,"Kiribati",26.37134
296,2015,"Kiribati",25.61013
300,1970,"Greece",31.25518
300,1975,"Greece",28.43234
300,1980,"Greece",24.08635
300,1985,"Greece",22.59231
300,1990,"Greece",18.18069
300,1995,"Greece",14.42781
300,2000,"Greece",12.37353
300,2005,"Greece",10.62915
300,2010,"Greece",9.37948
300,2015,"Greece",9.432787
308,1970,"Grenada",35.92332
308,1975,"Grenada",31.86763
308,1980,"Grenada",24.79515
308,1985,"Grenada",22.40383
308,1990,"Grenada",26.2851
308,1995,"Grenada",25.22001
308,2000,"Grenada",19.39287
308,2005,"Grenada",18.41379
308,2010,"Grenada",15.11099
308,2015,"Grenada",16.24571
312,1970,"Guadeloupe",30.60679
312,1975,"Guadeloupe",28.49129
312,1980,"Guadeloupe",21.40895
312,1985,"Guadeloupe",20.91303
312,1990,"Guadeloupe",19.24549
312,1995,"Guadeloupe",20.41527
312,2000,"Guadeloupe",18.90634
312,2005,"Guadeloupe",16.20758
312,2010,"Guadeloupe",14.78248
312,2015,"Guadeloupe",15.33458
316,1970,"Guam",24.13976
316,1975,"Guam",21.47877
316,1980,"Guam",19.98522
316,1985,"Guam",19.96819
316,1990,"Guam",29.72063
316,1995,"Guam",19.53525
316,2000,"Guam",20.62583
316,2005,"Guam",24.73234
316,2010,"Guam",32.91067
316,2015,"Guam",28.4995
320,1970,"Guatemala",35.75461
320,1975,"Guatemala",34.42933
320,1980,"Guatemala",35.47672
320,1985,"Guatemala",35.65852
320,1990,"Guatemala",32.23251
320,1995,"Guatemala",35.2814
320,2000,"Guatemala",30.89505
320,2005,"Guatemala",29.96548
320,2010,"Guatemala",25.06843
320,2015,"Guatemala",20.72886
324,1970,"Guinea",41.67574
324,1975,"Guinea",41.89457
324,1980,"Guinea",33.86914
324,1985,"Guinea",37.42147
324,1990,"Guinea",44.91192
324,1995,"Guinea",48.09233
324,2000,"Guinea",45.48114
324,2005,"Guinea",44.49758
324,2010,"Guinea",43.92488
324,2015,"Guinea",47.14862
328,1970,"Guyana",30.7379
328,1975,"Guyana",32.01982
328,1980,"Guyana",35.46385
328,1985,"Guyana",35.69153
328,1990,"Guyana",28.06236
328,1995,"Guyana",28.81605
328,2000,"Guyana",26.2619
328,2005,"Guyana",26.33474
328,2010,"Guyana",24.12522
328,2015,"Guyana",18.36141
332,1970,"Haiti",48.03582
332,1975,"Haiti",40.64092
332,1980,"Haiti",43.22807
332,1985,"Haiti",38.04527
332,1990,"Haiti",32.9417
332,1995,"Haiti",33.63823
332,2000,"Haiti",18.90634
332,2005,"Haiti",16.20758
332,2010,"Haiti",14.78248
332,2015,"Haiti",15.33458
336,1970,"Vatican",24.05337
336,1975,"Vatican",19.13892
336,1980,"Vatican",17.94964
336,1985,"Vatican",17.73649
336,1990,"Vatican",15.68515
336,1995,"Vatican",16.87588
336,2000,"Vatican",15.19178
336,2005,"Vatican",14.11068
336,2010,"Vatican",13.34018
336,2015,"Vatican",13.18522
340,1970,"Honduras",35.86446
340,1975,"Honduras",36.23285
340,1980,"Honduras",37.75235
340,1985,"Honduras",39.08991
340,1990,"Honduras",36.19004
340,1995,"Honduras",33.08604
340,2000,"Honduras",33.48188
340,2005,"Honduras",31.07271
340,2010,"Honduras",24.67199
340,2015,"Honduras",27.70465
344,1970,"Hong Kong",32.33656
344,1975,"Hong Kong",30.7123
344,1980,"Hong Kong",29.15946
344,1985,"Hong Kong",27.32067
344,1990,"Hong Kong",26.40653
344,1995,"Hong Kong",22.35471
344,2000,"Hong Kong",20.26009
344,2005,"Hong Kong",17.08954
344,2010,"Hong Kong",14.44822
344,2015,"Hong Kong",13.61356
348,1970,"Hungary",27.02714
348,1975,"Hungary",27.981
348,1980,"Hungary",28.02464
348,1985,"Hungary",26.39354
348,1990,"Hungary",9.65345
348,1995,"Hungary",11.20411
348,2000,"Hungary",10.31731
348,2005,"Hungary",10.33205
348,2010,"Hungary",10.6506
348,2015,"Hungary",10.87304
352,1970,"Iceland",18.92189
352,1975,"Iceland",19.33316
352,1980,"Iceland",21.2932
352,1985,"Iceland",19.93317
352,1990,"Iceland",16.61851
352,1995,"Iceland",15.83914
352,2000,"Iceland",14.80185
352,2005,"Iceland",13.6207
352,2010,"Iceland",9.869699
352,2015,"Iceland",10.14405
356,1970,"India",42.03199
356,1975,"India",42.31437
356,1980,"India",37.87589
356,1985,"India",37.97093
356,1990,"India",40.30807
356,1995,"India",40
356,2000,"India",40.53571
356,2005,"India",31.92215
356,2010,"India",32.9205
356,2015,"India",33.1523
360,1970,"Indonesia",29.35124
360,1975,"Indonesia",33.2475
360,1980,"Indonesia",30.09068
360,1985,"Indonesia",24.7372
360,1990,"Indonesia",23.23769
360,1995,"Indonesia",22.16149
360,2000,"Indonesia",21.137
360,2005,"Indonesia",19.7388
360,2010,"Indonesia",17.84756
360,2015,"Indonesia",15.69226
364,1970,"Iran",32.41114
364,1975,"Iran",30.2101
364,1980,"Iran",22.502
364,1985,"Iran",25.95758
364,1990,"Iran",31.55778
364,1995,"Iran",30.69146
364,2000,"Iran",24.41441
364,2005,"Iran",21.43891
364,2010,"Iran",25.78651
364,2015,"Iran",27.54003
368,1970,"Iraq",22.94488
368,1975,"Iraq",26.79042
368,1980,"Iraq",26.23706
368,1985,"Iraq",23.90613
368,1990,"Iraq",23.3719
368,1995,"Iraq",22.7186
368,2000,"Iraq",20.44839
368,2005,"Iraq",16.95545
368,2010,"Iraq",15.14557
368,2015,"Iraq",15.16553
372,1970,"Ireland",19.63656
372,1975,"Ireland",30.62665
372,1980,"Ireland",28.30042
372,1985,"Ireland",26.94606
372,1990,"Ireland",25.76173
372,1995,"Ireland",23.08737
372,2000,"Ireland",19.13396
372,2005,"Ireland",16.53618
372,2010,"Ireland",15.81164
372,2015,"Ireland",11.95111
376,1970,"Israel",27.5038
376,1975,"Israel",12.7003
376,1980,"Israel",12.06143
376,1985,"Israel",13.25574
376,1990,"Israel",13.04747
376,1995,"Israel",13.22278
376,2000,"Israel",13.35941
376,2005,"Israel",13.12009
376,2010,"Israel",12.44792
376,2015,"Israel",12.07953
380,1970,"Italy",21.07172
380,1975,"Italy",18.02125
380,1980,"Italy",15.53855
380,1985,"Italy",13.22992
380,1990,"Italy",11.48891
380,1995,"Italy",11.09162
380,2000,"Italy",10.7384
380,2005,"Italy",10.45823
380,2010,"Italy",12.05104
380,2015,"Italy",11.54389
384,1970,"Cote d'Ivoire",44.76986
384,1975,"Cote d'Ivoire",43.11905
384,1980,"Cote d'Ivoire",37.19715
384,1985,"Cote d'Ivoire",36.42893
384,1990,"Cote d'Ivoire",36.88467
384,1995,"Cote d'Ivoire",42.51038
384,2000,"Cote d'Ivoire",44.32166
384,2005,"Cote d'Ivoire",42.78259
384,2010,"Cote d'Ivoire",43.52254
384,2015,"Cote d'Ivoire",42.20007
388,1970,"Jamaica",43.81985
388,1975,"Jamaica",40.17605
388,1980,"Jamaica",37.72267
388,1985,"Jamaica",34.57802
388,1990,"Jamaica",33.64659
388,1995,"Jamaica",20.41527
388,2000,"Jamaica",28.59646
388,2005,"Jamaica",16.20758
388,2010,"Jamaica",22.50147
388,2015,"Jamaica",22.88099
392,1970,"Japan",35.19659
392,1975,"Japan",33.61482
392,1980,"Japan",33.10056
392,1985,"Japan",29.95156
392,1990,"Japan",27.04218
392,1995,"Japan",27.23191
392,2000,"Japan",26.53
392,2005,"Japan",22.38155
392,2010,"Japan",16.5896
392,2015,"Japan",15.90329
398,1970,"Kazakhstan",27.5038
398,1975,"Kazakhstan",23.22307
398,1980,"Kazakhstan",25.96281
398,1985,"Kazakhstan",24.1487
398,1990,"Kazakhstan",19.53232
398,1995,"Kazakhstan",21.66628
398,2000,"Kazakhstan",18.51517
398,2005,"Kazakhstan",16.72221
398,2010,"Kazakhstan",16.42716
398,2015,"Kazakhstan",18.47215
400,1970,"Jordan",38.21992
400,1975,"Jordan",33.91392
400,1980,"Jordan",31.86096
400,1985,"Jordan",30.16428
400,1990,"Jordan",26.48989
400,1995,"Jordan",23.98573
400,2000,"Jordan",19.99255
400,2005,"Jordan",14.87639
400,2010,"Jordan",16.90871
400,2015,"Jordan",19.31305
404,1970,"Kenya",42.55424
404,1975,"Kenya",42.52135
404,1980,"Kenya",41.6012
404,1985,"Kenya",40.65769
404,1990,"Kenya",39.37155
404,1995,"Kenya",30.35559
404,2000,"Kenya",36.17437
404,2005,"Kenya",42.46386
404,2010,"Kenya",43.96394
404,2015,"Kenya",30.65055
408,1970,"North Korea",35.19659
408,1975,"North Korea",33.61482
408,1980,"North Korea",33.10056
408,1985,"North Korea",29.95156
408,1990,"North Korea",27.04218
408,1995,"North Korea",27.23191
408,2000,"North Korea",26.53
408,2005,"North Korea",21.99997
408,2010,"North Korea",18.18332
408,2015,"North Korea",20.41743
410,1970,"South Korea",55.14287
410,1975,"South Korea",50.35235
410,1980,"South Korea",45.33484
410,1985,"South Korea",37.83071
410,1990,"South Korea",34.07476
410,1995,"South Korea",30.42868
410,2000,"South Korea",30.90448
410,2005,"South Korea",25.32011
410,2010,"South Korea",18.23988
410,2015,"South Korea",16.38265
414,1970,"Kuwait",19.78224
414,1975,"Kuwait",17.44593
414,1980,"Kuwait",18.70566
414,1985,"Kuwait",18.04911
414,1990,"Kuwait",16.94753
414,1995,"Kuwait",13.96072
414,2000,"Kuwait",13.39699
414,2005,"Kuwait",9.89769
414,2010,"Kuwait",8.603674
414,2015,"Kuwait",8.864252
417,1970,"Kyrgyz Republic",27.5038
417,1975,"Kyrgyz Republic",23.22307
417,1980,"Kyrgyz Republic",27.81818
417,1985,"Kyrgyz Republic",19.13966
417,1990,"Kyrgyz Republic",21.3276
417,1995,"Kyrgyz Republic",22.04079
417,2000,"Kyrgyz Republic",24.25752
417,2005,"Kyrgyz Republic",24.15806
417,2010,"Kyrgyz Republic",24.59083
417,2015,"Kyrgyz Republic",25.28218
418,1970,"Laos",37.08918
418,1975,"Laos",29.4427
418,1980,"Laos",29.39669
418,1985,"Laos",26.57087
418,1990,"Laos",28.54893
418,1995,"Laos",30.68404
418,2000,"Laos",30.40181
418,2005,"Laos",30.45641
418,2010,"Laos",26.70422
418,2015,"Laos",22.94678
422,1970,"Lebanon",27.5038
422,1975,"Lebanon",23.22307
422,1980,"Lebanon",17.69651
422,1985,"Lebanon",22.12853
422,1990,"Lebanon",20.40946
422,1995,"Lebanon",14.25064
422,2000,"Lebanon",16.11995
422,2005,"Lebanon",14.24155
422,2010,"Lebanon",13.41694
422,2015,"Lebanon",12.32906
426,1970,"Lesotho",46.68392
426,1975,"Lesotho",51.6865
426,1980,"Lesotho",50.53845
426,1985,"Lesotho",55.67886
426,1990,"Lesotho",51.58794
426,1995,"Lesotho",46.27983
426,2000,"Lesotho",46.24283
426,2005,"Lesotho",37.67408
426,2010,"Lesotho",33.4273
426,2015,"Lesotho",33.26374
428,1970,"Latvia",19.63656
428,1975,"Latvia",21.04069
428,1980,"Latvia",19.71942
428,1985,"Latvia",18.81939
428,1990,"Latvia",14.63471
428,1995,"Latvia",14.19971
428,2000,"Latvia",14.22337
428,2005,"Latvia",11.31303
428,2010,"Latvia",11.31268
428,2015,"Latvia",11.33294
430,1970,"Liberia",38.4488
430,1975,"Liberia",38.9745
430,1980,"Liberia",37.19972
430,1985,"Liberia",37.18418
430,1990,"Liberia",43.12032
430,1995,"Liberia",42.15854
430,2000,"Liberia",38.27341
430,2005,"Liberia",26.53831
430,2010,"Liberia",26.66636
430,2015,"Liberia",24.76417
434,1970,"Libya",26.53315
434,1975,"Libya",21.60557
434,1980,"Libya",18.35838
434,1985,"Libya",29.85613
434,1990,"Libya",28.26744
434,1995,"Libya",26.13731
434,2000,"Libya",25.54409
434,2005,"Libya",26.14481
434,2010,"Libya",28.82333
434,2015,"Libya",27.51974
438,1970,"Liechtenstein",22.16482
438,1975,"Liechtenstein",21.17837
438,1980,"Liechtenstein",17.85808
438,1985,"Liechtenstein",15.73365
438,1990,"Liechtenstein",14.81125
438,1995,"Liechtenstein",17.05465
438,2000,"Liechtenstein",8.940334
438,2005,"Liechtenstein",7.426854
438,2010,"Liechtenstein",7.305005
438,2015,"Liechtenstein",7.77714
440,1970,"Lithuania",19.63656
440,1975,"Lithuania",21.04069
440,1980,"Lithuania",25.30353
440,1985,"Lithuania",22.86713
440,1990,"Lithuania",17.35413
440,1995,"Lithuania",16.15848
440,2000,"Lithuania",15.79899
440,2005,"Lithuania",13.35688
440,2010,"Lithuania",12.62305
440,2015,"Lithuania",13.20187
442,1970,"Luxembourg",20.02681
442,1975,"Luxembourg",19.54744
442,1980,"Luxembourg",13.74493
442,1985,"Luxembourg",12.7652
442,1990,"Luxembourg",13.30215
442,1995,"Luxembourg",17.05465
442,2000,"Luxembourg",11.62403
442,2005,"Luxembourg",11.35603
442,2010,"Luxembourg",8.593648
442,2015,"Luxembourg",8.38053
446,1970,"Macao",29.10038
446,1975,"Macao",27.59953
446,1980,"Macao",33.10056
446,1985,"Macao",29.95156
446,1990,"Macao",27.04218
446,1995,"Macao",31.15814
446,2000,"Macao",27.22031
446,2005,"Macao",20.13324
446,2010,"Macao",14.4823
446,2015,"Macao",13.73678
450,1970,"Madagascar",63.74958
450,1975,"Madagascar",54.53642
450,1980,"Madagascar",41.61394
450,1985,"Madagascar",39.49903
450,1990,"Madagascar",39.27622
450,1995,"Madagascar",42.22005
450,2000,"Madagascar",49.23321
450,2005,"Madagascar",49.10447
450,2010,"Madagascar",41.58718
450,2015,"Madagascar",40.5368
454,1970,"Malawi",42.55424
454,1975,"Malawi",42.52135
454,1980,"Malawi",41.6012
454,1985,"Malawi",40.65769
454,1990,"Malawi",39.37155
454,1995,"Malawi",63.22113
454,2000,"Malawi",45.18078
454,2005,"Malawi",79.06918
454,2010,"Malawi",74.25913
454,2015,"Malawi",64.09444
458,1970,"Malaysia",30.98008
458,1975,"Malaysia",31.30964
458,1980,"Malaysia",26.24843
458,1985,"Malaysia",22.24703
458,1990,"Malaysia",20.07217
458,1995,"Malaysia",20.37978
458,2000,"Malaysia",18.6285
458,2005,"Malaysia",15.02247
458,2010,"Malaysia",12.03462
458,2015,"Malaysia",11.59608
462,1970,"Maldives",35.14341
462,1975,"Maldives",35.53086
462,1980,"Maldives",37.87589
462,1985,"Maldives",37.97093
462,1990,"Maldives",40.30807
462,1995,"Maldives",25.24035
462,2000,"Maldives",21.21133
462,2005,"Maldives",15.39024
462,2010,"Maldives",11.71987
462,2015,"Maldives",10.26657
466,1970,"Mali",41.08712
466,1975,"Mali",41.56125
466,1980,"Mali",39.45185
466,1985,"Mali",36.98351
466,1990,"Mali",54.19791
466,1995,"Mali",74.88272
466,2000,"Mali",58.93558
466,2005,"Mali",52.08003
466,2010,"Mali",45.66048
466,2015,"Mali",39.45995
470,1970,"Malta",23.43059
470,1975,"Malta",20.59008
470,1980,"Malta",21.64269
470,1985,"Malta",23.15963
470,1990,"Malta",22.96946
470,1995,"Malta",21.0745
470,2000,"Malta",18.83126
470,2005,"Malta",17.68269
470,2010,"Malta",13.12764
470,2015,"Malta",13.15354
474,1970,"Martinique",25.32785
474,1975,"Martinique",25.1863
474,1980,"Martinique",19.94024
474,1985,"Martinique",15.94857
474,1990,"Martinique",12.29869
474,1995,"Martinique",13.28869
474,2000,"Martinique",18.90634
474,2005,"Martinique",16.20758
474,2010,"Martinique",14.78248
474,2015,"Martinique",15.33458
478,1970,"Mauritania",23.01867
478,1975,"Mauritania",38.5283
478,1980,"Mauritania",44.18202
478,1985,"Mauritania",49.04712
478,1990,"Mauritania",47.99172
478,1995,"Mauritania",49.34744
478,2000,"Mauritania",41.53815
478,2005,"Mauritania",40.10952
478,2010,"Mauritania",37.26659
478,2015,"Mauritania",35.70184
480,1970,"Mauritius",30.31254
480,1975,"Mauritius",23.08498
480,1980,"Mauritius",20.66767
480,1985,"Mauritius",22.07619
480,1990,"Mauritius",21.33573
480,1995,"Mauritius",24.83251
480,2000,"Mauritius",24.25831
480,2005,"Mauritius",21.76204
480,2010,"Mauritius",20.25677
480,2015,"Mauritius",17.68787
484,1970,"Mexico",45.56581
484,1975,"Mexico",44.58572
484,1980,"Mexico",37.26701
484,1985,"Mexico",32.88813
484,1990,"Mexico",30.08121
484,1995,"Mexico",27.94916
484,2000,"Mexico",27.22863
484,2005,"Mexico",28.09057
484,2010,"Mexico",27.87496
484,2015,"Mexico",26.74043
492,1970,"Monaco",20.92958
492,1975,"Monaco",21.17837
492,1980,"Monaco",17.85808
492,1985,"Monaco",15.73365
492,1990,"Monaco",14.81125
492,1995,"Monaco",19.45504
492,2000,"Monaco",22.30337
492,2005,"Monaco",12.39727
492,2010,"Monaco",11.21236
492,2015,"Monaco",11.97704
496,1970,"Mongolia",30.81688
496,1975,"Mongolia",30.88465
496,1980,"Mongolia",31.91966
496,1985,"Mongolia",30.48001
496,1990,"Mongolia",25.54961
496,1995,"Mongolia",28.70768
496,2000,"Mongolia",32.05943
496,2005,"Mongolia",32.07043
496,2010,"Mongolia",28.62693
496,2015,"Mongolia",29.66954
498,1970,"Moldova",27.02714
498,1975,"Moldova",27.981
498,1980,"Moldova",28.81719
498,1985,"Moldova",25.36383
498,1990,"Moldova",23.21946
498,1995,"Moldova",22.67227
498,2000,"Moldova",19.69655
498,2005,"Moldova",16.57228
498,2010,"Moldova",15.93194
498,2015,"Moldova",17.62049
500,1970,"Montserrat",25.71963
500,1975,"Montserrat",24.34294
500,1980,"Montserrat",20.05814
500,1985,"Montserrat",24.19762
500,1990,"Montserrat",17.94118
500,1995,"Montserrat",19.39273
500,2000,"Montserrat",20.2247
500,2005,"Montserrat",16.60843
500,2010,"Montserrat",10.975
500,2015,"Montserrat",16.00124
504,1970,"Morocco",35.05228
504,1975,"Morocco",36.74045
504,1980,"Morocco",36.55552
504,1985,"Morocco",26.67138
504,1990,"Morocco",26.96731
504,1995,"Morocco",27.99473
504,2000,"Morocco",28.18648
504,2005,"Morocco",26.91667
504,2010,"Morocco",26.02762
504,2015,"Morocco",26.8269
508,1970,"Mozambique",66.03444
508,1975,"Mozambique",85.66572
508,1980,"Mozambique",65.64223
508,1985,"Mozambique",59.50207
508,1990,"Mozambique",55.04113
508,1995,"Mozambique",59.9896
508,2000,"Mozambique",65.60125
508,2005,"Mozambique",64.73689
508,2010,"Mozambique",55.70163
508,2015,"Mozambique",53.99406
512,1970,"Oman",29.08174
512,1975,"Oman",24.46262
512,1980,"Oman",24.61912
512,1985,"Oman",26.80381
512,1990,"Oman",27.13977
512,1995,"Oman",25.80772
512,2000,"Oman",22.53704
512,2005,"Oman",14.87639
512,2010,"Oman",15.14557
512,2015,"Oman",9.90081
516,1970,"Namibia",39.90764
516,1975,"Namibia",37.09628
516,1980,"Namibia",38.56178
516,1985,"Namibia",40.30844
516,1990,"Namibia",31.99844
516,1995,"Namibia",29.81142
516,2000,"Namibia",31.82479
516,2005,"Namibia",30.34618
516,2010,"Namibia",29.77842
516,2015,"Namibia",25.09173
520,1970,"Nauru",17.2
520,1975,"Nauru",26.47177
520,1980,"Nauru",24.9099
520,1985,"Nauru",20.43662
520,1990,"Nauru",29.72063
520,1995,"Nauru",23.42254
520,2000,"Nauru",24.12276
520,2005,"Nauru",24.2444
520,2010,"Nauru",39.45
520,2015,"Nauru",40.17778
524,1970,"Nepal",22.13615
524,1975,"Nepal",33.29971
524,1980,"Nepal",42.40373
524,1985,"Nepal",36.37336
524,1990,"Nepal",38.95886
524,1995,"Nepal",38.73539
524,2000,"Nepal",37.28215
524,2005,"Nepal",37.71367
524,2010,"Nepal",27.72672
524,2015,"Nepal",21.54274
528,1970,"Netherlands",29.14122
528,1975,"Netherlands",26.97326
528,1980,"Netherlands",22.00062
528,1985,"Netherlands",17.50047
528,1990,"Netherlands",17.10885
528,1995,"Netherlands",17.05465
528,2000,"Netherlands",14.87674
528,2005,"Netherlands",12.39727
528,2010,"Netherlands",11.53029
528,2015,"Netherlands",11.71981
530,1970,"Netherlands Antilles",30.42892
530,1975,"Netherlands Antilles",28.13298
530,1980,"Netherlands Antilles",21.27803
530,1985,"Netherlands Antilles",24.19762
530,1990,"Netherlands Antilles",20.8078
530,1995,"Netherlands Antilles",19.58211
530,2000,"Netherlands Antilles",18.43055
530,2005,"Netherlands Antilles",16.20758
530,2010,"Netherlands Antilles",14.78248
530,2015,"Netherlands Antilles",15.33458
533,1970,"Aruba",31.97295
533,1975,"Aruba",28.13298
533,1980,"Aruba",24.72464
533,1985,"Aruba",24.19762
533,1990,"Aruba",21.63677
533,1995,"Aruba",19.23044
533,2000,"Aruba",18.7917
533,2005,"Aruba",17.60745
533,2010,"Aruba",15.56577
533,2015,"Aruba",15.33458
540,1970,"New Caledonia",22.01754
540,1975,"New Caledonia",20.22838
540,1980,"New Caledonia",20.45299
540,1985,"New Caledonia",19.79002
540,1990,"New Caledonia",20.19261
540,1995,"New Caledonia",23.70494
540,2000,"New Caledonia",28.70135
540,2005,"New Caledonia",24.89357
540,2010,"New Caledonia",23.84026
540,2015,"New Caledonia",29.20161
548,1970,"Vanuatu",24.3746
548,1975,"Vanuatu",23.61791
548,1980,"Vanuatu",22.91894
548,1985,"Vanuatu",25.7732
548,1990,"Vanuatu",29.77164
548,1995,"Vanuatu",26.52007
548,2000,"Vanuatu",22.245
548,2005,"Vanuatu",23.7544
548,2010,"Vanuatu",22.24259
548,2015,"Vanuatu",26.56507
554,1970,"New Zealand",20.00842
554,1975,"New Zealand",18.73079
554,1980,"New Zealand",19.15552
554,1985,"New Zealand",19.49646
554,1990,"New Zealand",16.97539
554,1995,"New Zealand",18.79902
554,2000,"New Zealand",17.4916
554,2005,"New Zealand",15.55395
554,2010,"New Zealand",14.49824
554,2015,"New Zealand",14.6781
558,1970,"Nicaragua",38.16628
558,1975,"Nicaragua",37.25207
558,1980,"Nicaragua",35.24065
558,1985,"Nicaragua",32.66898
558,1990,"Nicaragua",36.16615
558,1995,"Nicaragua",36.30687
558,2000,"Nicaragua",35.41526
558,2005,"Nicaragua",31.64457
558,2010,"Nicaragua",30.21638
558,2015,"Nicaragua",22.48864
562,1970,"Niger",39.2088
562,1975,"Niger",40.34454
562,1980,"Niger",40.50952
562,1985,"Niger",37.92226
562,1990,"Niger",40.71378
562,1995,"Niger",40.42715
562,2000,"Niger",41.85234
562,2005,"Niger",40.57697
562,2010,"Niger",37.6878
562,2015,"Niger",36.4079
566,1970,"Nigeria",33.8465
566,1975,"Nigeria",33.687
566,1980,"Nigeria",36.69682
566,1985,"Nigeria",40.90162
566,1990,"Nigeria",38.5536
566,1995,"Nigeria",37.47731
566,2000,"Nigeria",38.57366
566,2005,"Nigeria",41.13904
566,2010,"Nigeria",37.55319
566,2015,"Nigeria",36.12054
570,1970,"Niue",14.84632
570,1975,"Niue",14.26552
570,1980,"Niue",12.54935
570,1985,"Niue",11.69355
570,1990,"Niue",18.34606
570,1995,"Niue",19.60659
570,2000,"Niue",14.74265
570,2005,"Niue",23.91441
570,2010,"Niue",13.46667
570,2015,"Niue",16.35577
578,1970,"Norway",18.12065
578,1975,"Norway",21.04069
578,1980,"Norway",21.2932
578,1985,"Norway",19.93317
578,1990,"Norway",16.61851
578,1995,"Norway",15.83914
578,2000,"Norway",14.80185
578,2005,"Norway",13.6207
578,2010,"Norway",8.90413
578,2015,"Norway",8.824937
583,1970,"Micronesia",17.85478
583,1975,"Micronesia",26.47177
583,1980,"Micronesia",24.9099
583,1985,"Micronesia",23.11068
583,1990,"Micronesia",29.72063
583,1995,"Micronesia",19.53525
583,2000,"Micronesia",20.62583
583,2005,"Micronesia",24.73234
583,2010,"Micronesia",32.91067
583,2015,"Micronesia",19.7106
584,1970,"Marshall Islands",21.9735
584,1975,"Marshall Islands",26.47177
584,1980,"Marshall Islands",24.9099
584,1985,"Marshall Islands",23.11068
584,1990,"Marshall Islands",29.72063
584,1995,"Marshall Islands",14.92545
584,2000,"Marshall Islands",16.9381
584,2005,"Marshall Islands",24.73234
584,2010,"Marshall Islands",32.91067
584,2015,"Marshall Islands",28.4995
585,1970,"Palau",21.9735
585,1975,"Palau",26.47177
585,1980,"Palau",24.9099
585,1985,"Palau",23.11068
585,1990,"Palau",29.72063
585,1995,"Palau",14.9685
585,2000,"Palau",15.66129
585,2005,"Palau",24.73234
585,2010,"Palau",32.91067
585,2015,"Palau",28.4995
586,1970,"Pakistan",40.83449
586,1975,"Pakistan",39.38288
586,1980,"Pakistan",36.14148
586,1985,"Pakistan",39.79547
586,1990,"Pakistan",41.07124
586,1995,"Pakistan",33.42068
586,2000,"Pakistan",35.01321
586,2005,"Pakistan",39.5305
586,2010,"Pakistan",42.14178
586,2015,"Pakistan",45.70865
591,1970,"Panama",26.65257
591,1975,"Panama",26.72002
591,1980,"Panama",26.33867
591,1985,"Panama",23.30317
591,1990,"Panama",23.01928
591,1995,"Panama",26.08202
591,2000,"Panama",24.34521
591,2005,"Panama",24.22766
591,2010,"Panama",22.68319
591,2015,"Panama",21.7661
598,1970,"Papua New Guinea",29.23285
598,1975,"Papua New Guinea",30.55631
598,1980,"Papua New Guinea",30.80358
598,1985,"Papua New Guinea",31.26455
598,1990,"Papua New Guinea",32.16987
598,1995,"Papua New Guinea",23.70494
598,2000,"Papua New Guinea",35.81547
598,2005,"Papua New Guinea",24.89357
598,2010,"Papua New Guinea",23.84026
598,2015,"Papua New Guinea",35.52165
600,1970,"Paraguay",30.76794
600,1975,"Paraguay",28.58099
600,1980,"Paraguay",26.22008
600,1985,"Paraguay",25.0444
600,1990,"Paraguay",24.12418
600,1995,"Paraguay",21.48534
600,2000,"Paraguay",27.54834
600,2005,"Paraguay",21.88145
600,2010,"Paraguay",24.15974
600,2015,"Paraguay",18.36141
604,1970,"Peru",36.46207
604,1975,"Peru",39.54794
604,1980,"Peru",36.48455
604,1985,"Peru",31.9147
604,1990,"Peru",28.10359
604,1995,"Peru",27.34825
604,2000,"Peru",26.07585
604,2005,"Peru",21.54744
604,2010,"Peru",18.83573
604,2015,"Peru",17.90459
608,1970,"Philippines",28.24524
608,1975,"Philippines",29.78856
608,1980,"Philippines",31.60583
608,1985,"Philippines",31.57572
608,1990,"Philippines",33.22357
608,1995,"Philippines",34.42129
608,2000,"Philippines",35.07443
608,2005,"Philippines",33.70277
608,2010,"Philippines",31.35082
608,2015,"Philippines",29.44602
616,1970,"Poland",27.02714
616,1975,"Poland",27.981
616,1980,"Poland",28.02464
616,1985,"Poland",26.39354
616,1990,"Poland",20.06598
616,1995,"Poland",18.71216
616,2000,"Poland",11.89734
616,2005,"Poland",10.59326
616,2010,"Poland",10.01592
616,2015,"Poland",10.18051
620,1970,"Portugal",25.5347
620,1975,"Portugal",19.76533
620,1980,"Portugal",17.90947
620,1985,"Portugal",16.74041
620,1990,"Portugal",13.69907
620,1995,"Portugal",16.87588
620,2000,"Portugal",11.98683
620,2005,"Portugal",11.07285
620,2010,"Portugal",11.97047
620,2015,"Portugal",12.81235
624,1970,"Guinea-Bissau",48.8141
624,1975,"Guinea-Bissau",32.93077
624,1980,"Guinea-Bissau",22.99817
624,1985,"Guinea-Bissau",24.71864
624,1990,"Guinea-Bissau",43.12032
624,1995,"Guinea-Bissau",42.72578
624,2000,"Guinea-Bissau",44.0649
624,2005,"Guinea-Bissau",62.23411
624,2010,"Guinea-Bissau",51.92515
624,2015,"Guinea-Bissau",36.12054
626,1970,"Timor",30.66918
626,1975,"Timor",31.78272
626,1980,"Timor",31.8348
626,1985,"Timor",29.14861
626,1990,"Timor",28.68254
626,1995,"Timor",28.38532
626,2000,"Timor",51.65547
626,2005,"Timor",29.77684
626,2010,"Timor",30.77679
626,2015,"Timor",27.30185
630,1970,"Puerto Rico",31.97295
630,1975,"Puerto Rico",24.00063
630,1980,"Puerto Rico",24.72464
630,1985,"Puerto Rico",24.19762
630,1990,"Puerto Rico",21.63677
630,1995,"Puerto Rico",20.41527
630,2000,"Puerto Rico",18.90634
630,2005,"Puerto Rico",11.65987
630,2010,"Puerto Rico",12.82271
630,2015,"Puerto Rico",13.71795
634,1970,"Qatar",19.84555
634,1975,"Qatar",17.78181
634,1980,"Qatar",13.93601
634,1985,"Qatar",12.7761
634,1990,"Qatar",10.68709
634,1995,"Qatar",10.43091
634,2000,"Qatar",12.21344
634,2005,"Qatar",11.32618
634,2010,"Qatar",10.8246
634,2015,"Qatar",11.79916
638,1970,"Reunion",28.16553
638,1975,"Reunion",26.98859
638,1980,"Reunion",22.70953
638,1985,"Reunion",19.57882
638,1990,"Reunion",39.37155
638,1995,"Reunion",42.22547
638,2000,"Reunion",45.18078
638,2005,"Reunion",47.12539
638,2010,"Reunion",43.33098
638,2015,"Reunion",39.47898
642,1970,"Romania",27.02714
642,1975,"Romania",27.981
642,1980,"Romania",25.92058
642,1985,"Romania",26.58206
642,1990,"Romania",21.38659
642,1995,"Romania",19.83494
642,2000,"Romania",17.81026
642,2005,"Romania",16.40527
642,2010,"Romania",17.01316
642,2015,"Romania",19.18981
646,1970,"Rwanda",54.99578
646,1975,"Rwanda",54.0202
646,1980,"Rwanda",50.27295
646,1985,"Rwanda",48.9423
646,1990,"Rwanda",51.6489
646,1995,"Rwanda",56.00748
646,2000,"Rwanda",57.26893
646,2005,"Rwanda",68.04019
646,2010,"Rwanda",60.01132
646,2015,"Rwanda",58.542
654,1970,"Saint Helena",18.57452
654,1975,"Saint Helena",19.09329
654,1980,"Saint Helena",18.22731
654,1985,"Saint Helena",18.29688
654,1990,"Saint Helena",43.12032
654,1995,"Saint Helena",8.87719
654,2000,"Saint Helena",42.1903
654,2005,"Saint Helena",40.86063
654,2010,"Saint Helena",38.58224
654,2015,"Saint Helena",36.12054
659,1970,"Saint Kitts and Nevis",31.97295
659,1975,"Saint Kitts and Nevis",28.13298
659,1980,"Saint Kitts and Nevis",23.87049
659,1985,"Saint Kitts and Nevis",25.08628
659,1990,"Saint Kitts and Nevis",20.38977
659,1995,"Saint Kitts and Nevis",19.40788
659,2000,"Saint Kitts and Nevis",17.97305
659,2005,"Saint Kitts and Nevis",16.16822
659,2010,"Saint Kitts and Nevis",14.11745
659,2015,"Saint Kitts and Nevis",14.48611
660,1970,"Anguilla",31.97295
660,1975,"Anguilla",28.13298
660,1980,"Anguilla",24.72464
660,1985,"Anguilla",24.19762
660,1990,"Anguilla",20.1
660,1995,"Anguilla",19.76843
660,2000,"Anguilla",17.21086
660,2005,"Anguilla",15.40857
660,2010,"Anguilla",14.64656
660,2015,"Anguilla",15.33458
662,1970,"Saint Lucia",31.12626
662,1975,"Saint Lucia",31.94213
662,1980,"Saint Lucia",31.23143
662,1985,"Saint Lucia",30.24722
662,1990,"Saint Lucia",28.0579
662,1995,"Saint Lucia",25.58475
662,2000,"Saint Lucia",23.05838
662,2005,"Saint Lucia",21.92134
662,2010,"Saint Lucia",16.86006
662,2015,"Saint Lucia",15.14019
666,1970,"Saint Pierre and Miquelon",23.09016
666,1975,"Saint Pierre and Miquelon",20.49881
666,1980,"Saint Pierre and Miquelon",17.90402
666,1985,"Saint Pierre and Miquelon",15.13452
666,1990,"Saint Pierre and Miquelon",15.63352
666,1995,"Saint Pierre and Miquelon",14.7852
666,2000,"Saint Pierre and Miquelon",13.17102
666,2005,"Saint Pierre and Miquelon",8.293344
666,2010,"Saint Pierre and Miquelon",11.27313
666,2015,"Saint Pierre and Miquelon",12.37375
670,1970,"Saint Vincent and the Grenadines",19.55864
670,1975,"Saint Vincent and the Grenadines",18.06116
670,1980,"Saint Vincent and the Grenadines",18.15625
670,1985,"Saint Vincent and the Grenadines",17.74563
670,1990,"Saint Vincent and the Grenadines",19.99841
670,1995,"Saint Vincent and the Grenadines",19.877
670,2000,"Saint Vincent and the Grenadines",17.92626
670,2005,"Saint Vincent and the Grenadines",16.99649
670,2010,"Saint Vincent and the Grenadines",15.74968
670,2015,"Saint Vincent and the Grenadines",14.54915
674,1970,"San Marino",17.38955
674,1975,"San Marino",13.79896
674,1980,"San Marino",9.852718
674,1985,"San Marino",7.80412
674,1990,"San Marino",5.641232
674,1995,"San Marino",5.259965
674,2000,"San Marino",5.84912
674,2005,"San Marino",6.28248
674,2010,"San Marino",6.379923
674,2015,"San Marino",6.93061
678,1970,"Sao Tome and Principe",33.71146
678,1975,"Sao Tome and Principe",30.36771
678,1980,"Sao Tome and Principe",27.63178
678,1985,"Sao Tome and Principe",29.99402
678,1990,"Sao Tome and Principe",35.45975
678,1995,"Sao Tome and Principe",34.47704
678,2000,"Sao Tome and Principe",32.36385
678,2005,"Sao Tome and Principe",28.47425
678,2010,"Sao Tome and Principe",30.63719
678,2015,"Sao Tome and Principe",34.02835
682,1970,"Saudi Arabia",27.5038
682,1975,"Saudi Arabia",18.74671
682,1980,"Saudi Arabia",21.61777
682,1985,"Saudi Arabia",22.12853
682,1990,"Saudi Arabia",20.40946
682,1995,"Saudi Arabia",20.21234
682,2000,"Saudi Arabia",18.63958
682,2005,"Saudi Arabia",11.18666
682,2010,"Saudi Arabia",10.87089
682,2015,"Saudi Arabia",12.15959
686,1970,"Senegal",44.01871
686,1975,"Senegal",42.25605
686,1980,"Senegal",43.22386
686,1985,"Senegal",49.64191
686,1990,"Senegal",57.07144
686,1995,"Senegal",56.00882
686,2000,"Senegal",47.97966
686,2005,"Senegal",37.10071
686,2010,"Senegal",32.82676
686,2015,"Senegal",33.24098
690,1970,"Seychelles",24.58755
690,1975,"Seychelles",23.7811
690,1980,"Seychelles",41.6012
690,1985,"Seychelles",40.65769
690,1990,"Seychelles",17.43593
690,1995,"Seychelles",15.7728
690,2000,"Seychelles",13.96712
690,2005,"Seychelles",13.1954
690,2010,"Seychelles",12.9606
690,2015,"Seychelles",14.05715
694,1970,"Sierra Leone",31.92784
694,1975,"Sierra Leone",32.14952
694,1980,"Sierra Leone",33.71664
694,1985,"Sierra Leone",33.51515
694,1990,"Sierra Leone",34.27038
694,1995,"Sierra Leone",42.72578
694,2000,"Sierra Leone",37.2644
694,2005,"Sierra Leone",40.86063
694,2010,"Sierra Leone",33.0522
694,2015,"Sierra Leone",34.51073
702,1970,"Singapore",30.80027
702,1975,"Singapore",29.27324
702,1980,"Singapore",29.02116
702,1985,"Singapore",26.09736
702,1990,"Singapore",25.24161
702,1995,"Singapore",25.3313
702,2000,"Singapore",30.19286
702,2005,"Singapore",19.84726
702,2010,"Singapore",23.92807
702,2015,"Singapore",14.87679
703,1970,"Slovak Republic",27.02714
703,1975,"Slovak Republic",27.981
703,1980,"Slovak Republic",28.02464
703,1985,"Slovak Republic",26.39354
703,1990,"Slovak Republic",22.25038
703,1995,"Slovak Republic",20.01675
703,2000,"Slovak Republic",18.49243
703,2005,"Slovak Republic",16.47758
703,2010,"Slovak Republic",15.1084
703,2015,"Slovak Republic",15.33577
704,1970,"Vietnam",30.66918
704,1975,"Vietnam",35.1135
704,1980,"Vietnam",37.53762
704,1985,"Vietnam",34.8448
704,1990,"Vietnam",35.03286
704,1995,"Vietnam",33.03388
704,2000,"Vietnam",26.31323
704,2005,"Vietnam",20.42715
704,2010,"Vietnam",19.40595
704,2015,"Vietnam",19.69439
705,1970,"Slovenia",24.05337
705,1975,"Slovenia",19.13892
705,1980,"Slovenia",17.94964
705,1985,"Slovenia",17.73649
705,1990,"Slovenia",16.63844
705,1995,"Slovenia",14.23363
705,2000,"Slovenia",13.31021
705,2005,"Slovenia",16.5132
705,2010,"Slovenia",16.82795
705,2015,"Slovenia",15.35309
706,1970,"Somalia",45.01752
706,1975,"Somalia",37.86176
706,1980,"Somalia",31.1905
706,1985,"Somalia",40.65769
706,1990,"Somalia",39.37155
706,1995,"Somalia",42.22547
706,2000,"Somalia",45.18078
706,2005,"Somalia",35.51919
706,2010,"Somalia",43.33098
706,2015,"Somalia",39.47898
710,1970,"South Africa",39.90764
710,1975,"South Africa",28.57705
710,1980,"South Africa",38.56178
710,1985,"South Africa",40.30844
710,1990,"South Africa",31.96907
710,1995,"South Africa",38.91873
710,2000,"South Africa",35.99921
710,2005,"South Africa",32.78432
710,2010,"South Africa",31.96841
710,2015,"South Africa",30.3322
716,1970,"Zimbabwe",40.76829
716,1975,"Zimbabwe",40.58699
716,1980,"Zimbabwe",41.90759
716,1985,"Zimbabwe",38.83361
716,1990,"Zimbabwe",38.07519
716,1995,"Zimbabwe",39.16894
716,2000,"Zimbabwe",38.27728
716,2005,"Zimbabwe",47.12539
716,2010,"Zimbabwe",36.13464
716,2015,"Zimbabwe",39.47898
724,1970,"Spain",28.39958
724,1975,"Spain",19.13892
724,1980,"Spain",27.55184
724,1985,"Spain",25.16455
724,1990,"Spain",21.17828
724,1995,"Spain",16.11898
724,2000,"Spain",14.13305
724,2005,"Spain",13.04119
724,2010,"Spain",12.76349
724,2015,"Spain",13.10299
728,1970,"South Sudan",36.89583
728,1975,"South Sudan",34.83784
728,1980,"South Sudan",32.10548
728,1985,"South Sudan",29.85613
728,1990,"South Sudan",28.26744
728,1995,"South Sudan",26.13731
728,2000,"South Sudan",25.54409
728,2005,"South Sudan",26.14481
728,2010,"South Sudan",49.89984
728,2015,"South Sudan",46.75029
729,1970,"Sudan",42.20787
729,1975,"Sudan",36.89889
729,1980,"Sudan",33.55545
729,1985,"Sudan",34.67095
729,1990,"Sudan",34.55108
729,1995,"Sudan",26.13731
729,2000,"Sudan",27.6133
729,2005,"Sudan",35.00085
729,2010,"Sudan",28.82333
729,2015,"Sudan",27.51974
732,1970,"Western Sahara",30.7618
732,1975,"Western Sahara",34.83784
732,1980,"Western Sahara",32.10548
732,1985,"Western Sahara",29.85613
732,1990,"Western Sahara",28.26744
732,1995,"Western Sahara",26.13731
732,2000,"Western Sahara",25.54409
732,2005,"Western Sahara",26.14481
732,2010,"Western Sahara",28.82333
732,2015,"Western Sahara",27.51974
740,1970,"Suriname",33.45017
740,1975,"Suriname",29.24329
740,1980,"Suriname",25.37902
740,1985,"Suriname",23.51937
740,1990,"Suriname",22.72236
740,1995,"Suriname",24.64203
740,2000,"Suriname",19.69501
740,2005,"Suriname",15.84136
740,2010,"Suriname",14.07568
740,2015,"Suriname",13.24969
748,1970,"Swaziland",38.70827
748,1975,"Swaziland",36.26727
748,1980,"Swaziland",33.45041
748,1985,"Swaziland",33.02802
748,1990,"Swaziland",32.65158
748,1995,"Swaziland",33.70757
748,2000,"Swaziland",31.74738
748,2005,"Swaziland",32.55536
748,2010,"Swaziland",29.60092
748,2015,"Swaziland",27.15093
752,1970,"Sweden",18.37046
752,1975,"Sweden",18.23627
752,1980,"Sweden",21.2932
752,1985,"Sweden",19.93317
752,1990,"Sweden",9.854445
752,1995,"Sweden",11.66897
752,2000,"Sweden",11.2005
752,2005,"Sweden",9.74251
752,2010,"Sweden",10.43802
752,2015,"Sweden",12.22816
756,1970,"Switzerland",22.16482
756,1975,"Switzerland",21.17837
756,1980,"Switzerland",17.85808
756,1985,"Switzerland",15.73365
756,1990,"Switzerland",14.81125
756,1995,"Switzerland",17.05465
756,2000,"Switzerland",14.87674
756,2005,"Switzerland",12.39727
756,2010,"Switzerland",10.4349
756,2015,"Switzerland",10.03218
760,1970,"Syria",36.47437
760,1975,"Syria",32.74291
760,1980,"Syria",27.96165
760,1985,"Syria",26.31733
760,1990,"Syria",24.78127
760,1995,"Syria",23.64675
760,2000,"Syria",24.74266
760,2005,"Syria",14.87639
760,2010,"Syria",15.14557
760,2015,"Syria",15.16553
762,1970,"Tajikistan",27.5038
762,1975,"Tajikistan",23.22307
762,1980,"Tajikistan",25.96281
762,1985,"Tajikistan",22.46879
762,1990,"Tajikistan",21.52781
762,1995,"Tajikistan",22.56427
762,2000,"Tajikistan",21.85901
762,2005,"Tajikistan",22.20693
762,2010,"Tajikistan",23.3027
762,2015,"Tajikistan",22.26065
764,1970,"Thailand",32.38848
764,1975,"Thailand",29.30272
764,1980,"Thailand",20.23298
764,1985,"Thailand",20.01505
764,1990,"Thailand",20.56815
764,1995,"Thailand",19.3766
764,2000,"Thailand",19.48157
764,2005,"Thailand",17.32511
764,2010,"Thailand",15.92902
764,2015,"Thailand",16.76672
768,1970,"Togo",59.45592
768,1975,"Togo",58.47105
768,1980,"Togo",50.8989
768,1985,"Togo",49.40293
768,1990,"Togo",57.69756
768,1995,"Togo",47.77582
768,2000,"Togo",36.30711
768,2005,"Togo",39.02618
768,2010,"Togo",41.08438
768,2015,"Togo",41.46941
776,1970,"Tonga",25.93383
776,1975,"Tonga",25.86184
776,1980,"Tonga",22.18083
776,1985,"Tonga",22.2793
776,1990,"Tonga",22.90422
776,1995,"Tonga",21.20302
776,2000,"Tonga",21.39627
776,2005,"Tonga",23.52851
776,2010,"Tonga",23.54471
776,2015,"Tonga",21.63312
780,1970,"Trinidad and Tobago",33.09222
780,1975,"Trinidad and Tobago",29.52369
780,1980,"Trinidad and Tobago",23.60612
780,1985,"Trinidad and Tobago",23.14512
780,1990,"Trinidad and Tobago",26.22705
780,1995,"Trinidad and Tobago",23.86098
780,2000,"Trinidad and Tobago",19.22702
780,2005,"Trinidad and Tobago",16.80567
780,2010,"Trinidad and Tobago",14.78248
780,2015,"Trinidad and Tobago",15.33458
784,1970,"United Arab Emirates",21.95229
784,1975,"United Arab Emirates",15.81273
784,1980,"United Arab Emirates",19.9741
784,1985,"United Arab Emirates",23.34273
784,1990,"United Arab Emirates",17.62489
784,1995,"United Arab Emirates",16.2959
784,2000,"United Arab Emirates",15.518
784,2005,"United Arab Emirates",15.87451
784,2010,"United Arab Emirates",17.41046
784,2015,"United Arab Emirates",24.07036
788,1970,"Tunisia",45.73484
788,1975,"Tunisia",40.00494
788,1980,"Tunisia",37.83086
788,1985,"Tunisia",31.77851
788,1990,"Tunisia",27.27039
788,1995,"Tunisia",24.36799
788,2000,"Tunisia",21.98812
788,2005,"Tunisia",18.30814
788,2010,"Tunisia",17.11849
788,2015,"Tunisia",16.35597
792,1970,"Turkey",35.26748
792,1975,"Turkey",31.01484
792,1980,"Turkey",28.45489
792,1985,"Turkey",31.00474
792,1990,"Turkey",29.20462
792,1995,"Turkey",27.74516
792,2000,"Turkey",18.63958
792,2005,"Turkey",14.87639
792,2010,"Turkey",19.76438
792,2015,"Turkey",17.69147
796,1970,"Turks and Caicos Islands",17.56792
796,1975,"Turks and Caicos Islands",20.34691
796,1980,"Turks and Caicos Islands",24.72464
796,1985,"Turks and Caicos Islands",24.19762
796,1990,"Turks and Caicos Islands",21.63677
796,1995,"Turks and Caicos Islands",17.94091
796,2000,"Turks and Caicos Islands",16.95304
796,2005,"Turks and Caicos Islands",16.20758
796,2010,"Turks and Caicos Islands",9.28772
796,2015,"Turks and Caicos Islands",17.69231
798,1970,"Tuvalu",22.2597
798,1975,"Tuvalu",21.46104
798,1980,"Tuvalu",17.66598
798,1985,"Tuvalu",17.32876
798,1990,"Tuvalu",20.75362
798,1995,"Tuvalu",18.88889
798,2000,"Tuvalu",18.36228
798,2005,"Tuvalu",23.91441
798,2010,"Tuvalu",20.76926
798,2015,"Tuvalu",15.16308
800,1970,"Uganda",33.33924
800,1975,"Uganda",34.54041
800,1980,"Uganda",34.80533
800,1985,"Uganda",31.45903
800,1990,"Uganda",30.45225
800,1995,"Uganda",49.61227
800,2000,"Uganda",53.79028
800,2005,"Uganda",49.91002
800,2010,"Uganda",47.68699
800,2015,"Uganda",42.76551
804,1970,"Ukraine",27.02714
804,1975,"Ukraine",27.981
804,1980,"Ukraine",28.02464
804,1985,"Ukraine",26.39354
804,1990,"Ukraine",20.99915
804,1995,"Ukraine",20.76001
804,2000,"Ukraine",19.32918
804,2005,"Ukraine",16.71314
804,2010,"Ukraine",16.01644
804,2015,"Ukraine",12.77937
807,1970,"Macedonia",24.05337
807,1975,"Macedonia",19.13892
807,1980,"Macedonia",17.94964
807,1985,"Macedonia",17.73649
807,1990,"Macedonia",15.68515
807,1995,"Macedonia",22.28121
807,2000,"Macedonia",20.89301
807,2005,"Macedonia",18.09308
807,2010,"Macedonia",15.45748
807,2015,"Macedonia",14.65994
810,1970,"Russia",27.02714
810,1975,"Russia",27.981
810,1980,"Russia",27.94884
810,1985,"Russia",24.96971
810,1990,"Russia",21.25121
810,1995,"Russia",18.37728
810,2000,"Russia",17.04308
810,2005,"Russia",17.30463
810,2010,"Russia",19.74242
810,2015,"Russia",20.67376
818,1970,"Egypt",37.98025
818,1975,"Egypt",34.42506
818,1980,"Egypt",32.79634
818,1985,"Egypt",28.18192
818,1990,"Egypt",24.86083
818,1995,"Egypt",24.65284
818,2000,"Egypt",22.35742
818,2005,"Egypt",26.48175
818,2010,"Egypt",27.73437
818,2015,"Egypt",23.51135
826,1970,"United Kingdom",22.1948
826,1975,"United Kingdom",20.00078
826,1980,"United Kingdom",18.48623
826,1985,"United Kingdom",19.43981
826,1990,"United Kingdom",19.75682
826,1995,"United Kingdom",18.69099
826,2000,"United Kingdom",17.72481
826,2005,"United Kingdom",17.80606
826,2010,"United Kingdom",17.61821
826,2015,"United Kingdom",15.09333
834,1970,"Tanzania",46.7639
834,1975,"Tanzania",48.24096
834,1980,"Tanzania",40.24242
834,1985,"Tanzania",33.33787
834,1990,"Tanzania",35.89601
834,1995,"Tanzania",37.65255
834,2000,"Tanzania",53.54053
834,2005,"Tanzania",53.48904
834,2010,"Tanzania",45.77449
834,2015,"Tanzania",46.51754
840,1970,"United States",22.34926
840,1975,"United States",20.49881
840,1980,"United States",17.61274
840,1985,"United States",16.33645
840,1990,"United States",15.63352
840,1995,"United States",14.7852
840,2000,"United States",13.17102
840,2005,"United States",8.293344
840,2010,"United States",14.53749
840,2015,"United States",14.3279
850,1970,"United States Virgin Islands",23.64214
850,1975,"United States Virgin Islands",15.66046
850,1980,"United States Virgin Islands",14.2
850,1985,"United States Virgin Islands",14.16872
850,1990,"United States Virgin Islands",14.18325
850,1995,"United States Virgin Islands",20.41527
850,2000,"United States Virgin Islands",18.90634
850,2005,"United States Virgin Islands",16.20758
850,2010,"United States Virgin Islands",14.78248
850,2015,"United States Virgin Islands",15.33458
854,1970,"Burkina Faso",45.95648
854,1975,"Burkina Faso",48.92563
854,1980,"Burkina Faso",57.05622
854,1985,"Burkina Faso",60.78575
854,1990,"Burkina Faso",57.53978
854,1995,"Burkina Faso",49.10587
854,2000,"Burkina Faso",47.00505
854,2005,"Burkina Faso",47.69741
854,2010,"Burkina Faso",48.78411
854,2015,"Burkina Faso",41.03235
858,1970,"Uruguay",26.43254
858,1975,"Uruguay",23.6578
858,1980,"Uruguay",21.87815
858,1985,"Uruguay",23.07214
858,1990,"Uruguay",21.09352
858,1995,"Uruguay",20.64262
858,2000,"Uruguay",20.8122
858,2005,"Uruguay",16.86049
858,2010,"Uruguay",12.40859
858,2015,"Uruguay",11.30371
860,1970,"Uzbekistan",27.5038
860,1975,"Uzbekistan",23.22307
860,1980,"Uzbekistan",24.10745
860,1985,"Uzbekistan",24.11801
860,1990,"Uzbekistan",21.67706
860,1995,"Uzbekistan",21.54386
860,2000,"Uzbekistan",21.1393
860,2005,"Uzbekistan",18.45905
860,2010,"Uzbekistan",16.42451
860,2015,"Uzbekistan",20.52828
862,1970,"Venezuela",33.8359
862,1975,"Venezuela",29.81992
862,1980,"Venezuela",26.84317
862,1985,"Venezuela",25.78056
862,1990,"Venezuela",25.02137
862,1995,"Venezuela",24.64203
862,2000,"Venezuela",24.33929
862,2005,"Venezuela",21.88145
862,2010,"Venezuela",20.11731
862,2015,"Venezuela",18.36141
882,1970,"Samoa",24.92426
882,1975,"Samoa",21.28518
882,1980,"Samoa",19.40955
882,1985,"Samoa",17.81668
882,1990,"Samoa",18.87613
882,1995,"Samoa",20.2363
882,2000,"Samoa",25.43183
882,2005,"Samoa",32.25486
882,2010,"Samoa",30.23604
882,2015,"Samoa",17.60879
887,1970,"Yemen",27.5038
887,1975,"Yemen",23.22307
887,1980,"Yemen",21.61777
887,1985,"Yemen",22.12853
887,1990,"Yemen",20.40946
887,1995,"Yemen",22.36997
887,2000,"Yemen",18.63958
887,2005,"Yemen",14.87639
887,2010,"Yemen",30.43879
887,2015,"Yemen",26.93016
890,1970,"Yugoslavia",24.05337
890,1975,"Yugoslavia",19.13892
890,1980,"Yugoslavia",17.94964
890,1985,"Yugoslavia",17.73649
890,1990,"Yugoslavia",15.68515
890,1995,"Yugoslavia",16.87588
890,2000,"Yugoslavia",15.19178
890,2005,"Yugoslavia",16.60433
890,2010,"Yugoslavia",15.66726
890,2015,"Yugoslavia",14.58446
894,1970,"Zambia",47.88849
894,1975,"Zambia",47.37059
894,1980,"Zambia",47.58731
894,1985,"Zambia",46.16634
894,1990,"Zambia",42.54812
894,1995,"Zambia",43.13157
894,2000,"Zambia",49.88463
894,2005,"Zambia",55.75379
894,2010,"Zambia",49.77956
894,2015,"Zambia",42.70613
