"iso","country","age","sex","mys","adj_factor","qamys","diff","qamys_old","diff_old_new"
124,"Canada",15,1,9.44,1.00546178847915,9.49155928324313,-0.0515592832431331,9.627172653,-0.135613369756868
152,"Chile",15,1,9.12,0.850430772662952,7.75592864668612,1.36407135331388,8.058673891,-0.302745244313876
170,"Colombia",15,1,8.37,0.625184986288923,5.23279833523829,3.13720166476171,8.18118309,-2.94838475476171
196,"Cyprus",15,1,10.15,0.998743180174225,10.1372432787684,0.0127567212316144,10.27410338,-0.136860101231614
203,"Czechia",15,1,9.94,1.05477624320395,10.4844758574473,-0.544475857447267,10.53116517,-0.0466893125527328
208,"Denmark",15,1,9.71,1.04431820530904,10.1403297735508,-0.43032977355076,9.911056055,0.229273718550761
218,"Ecuador",15,1,8.92,0.803995940750262,7.17164379149234,1.74835620850766,7.121520264,0.0501235274923397
233,"Estonia",15,1,9.08,1.0967833569819,9.95879288139569,-0.87879288139569,9.729261595,0.229531286395689
246,"Finland",15,1,9.17,1.07978351948337,9.9016148736625,-0.731614873662503,9.947231079,-0.0456162053374971
250,"France",15,1,9.73,1.01304322795087,9.85691060796194,-0.126910607961941,10.00988434,-0.152973732038058
268,"Georgia",15,1,10.46,0.949735760935886,9.93423605938937,0.525763940610631,10.15785633,-0.223620270610629
276,"Germany",15,1,9.1,1.08933166822148,9.91291818081549,-0.812918180815492,9.700294228,0.212623952815491
288,"Ghana",15,1,7.47,0.553325100184856,4.13333849838088,3.33666150161912,5.19850297,-1.06516447161912
300,"Greece",15,1,9.62,0.995736542881746,9.5789855425224,0.041014457477603,9.738357963,-0.159372420477604
348,"Hungary",15,1,8.96,1.04041526126163,9.32212074090419,-0.362120740904192,9.226632981,0.0954877599041932
372,"Ireland",15,1,11.5,0.983960155597088,11.3155417893665,0.184458210633485,11.86461966,-0.549077870633486
376,"Israel",15,1,10.56,0.950912088502611,10.0416316545876,0.518368345412423,10.4588136,-0.417181945412421
380,"Italy",15,1,9.27,1.00259516969927,9.29405722311228,-0.0240572231122762,9.352894369,-0.0588371458877237
392,"Japan",15,1,9.94,1.16050284118897,11.5353982414184,-1.59539824141836,11.28743184,0.24796640141836
398,"Kazakhstan",15,1,9.87,0.924466301226111,9.12448239310172,0.745517606898284,9.330590773,-0.206108379898286
40,"Austria",15,1,10.1,1.00664102617072,10.1670743643242,-0.0670743643242435,10.32571924,-0.158644875675757
404,"Kenya",15,1,7.03,0.615165000638604,4.32460995448939,2.70539004551061,4.840375288,-0.515765333510611
410,"South Korea",15,1,9.88,1.03186709985857,10.1948469466027,-0.314846946602653,11.01514654,-0.820299593397346
440,"Lithuania",15,1,8.97,1.0675379113054,9.57581506440947,-0.605815064409471,9.409260078,0.166554986409471
484,"Mexico",15,1,8.94,0.891877372003948,7.97338370571529,0.966616294284707,7.916352538,0.0570311677152926
51,"Armenia",15,1,9.9,0.977211774373514,9.67439656629779,0.225603433702211,9.977495438,-0.303098871702211
528,"Netherlands",15,1,8.97,1.11791555586289,10.0277025360901,-1.05770253609014,9.817300741,0.210401795090142
554,"New Zealand",15,1,12.6,1.00137596423089,12.6173371493092,-0.0173371493091601,13.19247715,-0.57514000069084
56,"Belgium",15,1,9.13,1.04859433006757,9.57366623351689,-0.443666233516893,9.640561304,-0.0668950704831062
578,"Norway",15,1,10.84,1.02746528586377,11.1377236987632,-0.297723698763241,11.05865755,0.0790661487632409
604,"Peru",15,1,9.22,0.782772722311931,7.217164499716,2.002835500284,7.389557589,-0.172393089283998
616,"Poland",15,1,9.22,1.07409808063168,9.90318430342405,-0.683184303424046,9.816941332,0.0862429714240456
643,"Russia",15,1,9.81,1.01004970978077,9.90858765294934,-0.0985876529493392,10.07832214,-0.169734487050659
68,"Bolivia",15,1,8.62,0.688835073570418,5.93775833417701,2.68224166582299,7.172486033,-1.23472769882299
702,"Singapore",15,1,9.48,1.02427995843706,9.71017400598333,-0.230174005983327,10.24621157,-0.536037564016672
703,"Slovakia",15,1,9.59,1.03293910348041,9.90588600237715,-0.315886002377146,9.994056601,-0.0881705986228543
704,"Viet Nam",15,1,8.79,1.03562234778923,9.10312043706735,-0.313120437067347,9.321159322,-0.218038884932653
705,"Slovenia",15,1,10.37,1.00722831863587,10.444957664254,-0.0749576642539527,10.54511452,-0.100156855746048
724,"Spain",15,1,10.21,1.01824998724995,10.396332369822,-0.186332369821972,10.13322539,0.263106979821973
752,"Sweden",15,1,10.2,1.03827668482738,10.5904221852393,-0.390422185239325,10.60794118,-0.0175189947606746
792,"Turkey",15,1,8.72,0.900881023430254,7.85568252431181,0.864317475688186,7.850768238,0.00491428631181456
804,"Ukraine",15,1,9.87,1.02095206528693,10.076796884382,-0.206796884382019,10.2208089,-0.144012015617982
826,"United Kingdom",15,1,11.3,0.958330381272368,10.8291333083778,0.470866691622243,11.25516753,-0.426034221622242
840,"USA",15,1,9.97,1.00196824671089,9.98962341970757,-0.0196234197075729,10.02488212,-0.0352587002924256
124,"Canada",15,2,9.55,1.02999564272184,9.83645838799354,-0.286458387993536,9.984383792,-0.147925404006463
152,"Chile",15,2,9.23,0.895425043426319,8.26477315082493,0.965226849175073,8.412580766,-0.147807615175072
170,"Colombia",15,2,8.79,0.689887703694437,6.0641129154741,2.7258870845259,8.513067195,-2.4489542795259
196,"Cyprus",15,2,10.25,0.996080447197022,10.2098245837695,0.0401754162305235,10.35035129,-0.140526706230524
203,"Czechia",15,2,9.97,1.04169318844469,10.3856810887936,-0.415681088793566,10.37672162,0.00895946879356657
208,"Denmark",15,2,9.79,1.05831632601821,10.3609168317182,-0.570916831718247,10.27114153,0.0897753017182463
218,"Ecuador",15,2,9.11,0.78394778937144,7.14176436117382,1.96823563882618,7.088299368,0.0534649931738223
233,"Estonia",15,2,9.21,1.10668766096775,10.192593357513,-0.98259335751295,9.950995002,0.24159835551295
246,"Finland",15,2,9.17,1.16679533510249,10.6995132228898,-1.52951322288984,10.25013572,0.449377502889844
250,"France",15,2,9.86,1.02363431778479,10.093034373358,-0.233034373358024,10.22425658,-0.131222206641977
268,"Georgia",15,2,10.56,0.987467957809082,10.4276616344639,0.132338365536089,10.56506439,-0.137402755536089
276,"Germany",15,2,9.34,1.0510948019432,9.81722545014953,-0.477225450149527,9.673292163,0.143933287149528
288,"Ghana",15,2,7.29,0.440234681341379,3.20931082697865,4.08068917302135,3.993095076,-0.783784249021347
300,"Greece",15,2,9.69,0.963843669709688,9.33964515948688,0.350354840513122,9.459679494,-0.120034334513122
348,"Hungary",15,2,9.06,1.00720291121552,9.12525837561258,-0.0652583756125757,9.129697818,-0.00443944238742411
372,"Ireland",15,2,11.64,0.835947072164351,9.73042391999304,1.90957608000696,11.71489693,-1.98447301000696
376,"Israel",15,2,11.15,0.964949759174638,10.7591898147972,0.390810185202792,11.47261855,-0.713428735202791
380,"Italy",15,2,9.43,1.00532923072338,9.48025464572144,-0.0502546457214361,9.577704345,-0.0974496992785649
392,"Japan",15,2,9.94,1.13702281902252,11.3020068210839,-1.36200682108388,11.09718773,0.204819091083881
398,"Kazakhstan",15,2,9.98,0.932973743276261,9.31107795789708,0.668922042102917,9.393783226,-0.0827052681029166
40,"Austria",15,2,10.5,1.00909935316676,10.595543208251,-0.095543208251021,10.9035165,-0.307973291748979
404,"Kenya",15,2,7.3,0.681831688257588,4.97737132428039,2.32262867571961,4.986599505,-0.00922818071960751
410,"South Korea",15,2,9.88,1.0366876558209,10.2424740395105,-0.362474039510539,11.02869558,-0.786221540489461
440,"Lithuania",15,2,9.12,1.0707214168805,9.76497932195019,-0.644979321950196,9.595689436,0.169289885950194
484,"Mexico",15,2,9.12,0.888552273839567,8.10359673741685,1.01640326258315,8.035824734,0.0677720034168505
51,"Armenia",15,2,9.97,0.991359693839233,9.88385614757715,0.0861438524228486,10.00493522,-0.121079072422848
528,"Netherlands",15,2,9.2,1.11894571007164,10.2943005326591,-1.09430053265907,10.14262903,0.151671502659067
554,"New Zealand",15,2,12.77,1.01933036139869,13.0168487150612,-0.24684871506124,13.5203189,-0.50347018493876
56,"Belgium",15,2,9.08,1.05719035100012,9.59928838708105,-0.519288387081049,9.652290171,-0.0530017839189512
578,"Norway",15,2,11.07,1.02338306128994,11.3288504884796,-0.258850488479581,11.37848331,-0.0496328215204187
604,"Peru",15,2,9.24,0.80212450409415,7.41163041782994,1.82836958217006,7.511870181,-0.100239763170058
616,"Poland",15,2,9.33,1.09655303027194,10.2308397724372,-0.900839772437182,10.11338366,0.117456112437182
643,"Russia",15,2,9.87,1.0346536223749,10.2120312528403,-0.342031252840304,10.44653783,-0.234506577159697
68,"Bolivia",15,2,8.65,0.581611705794827,5.03094125512525,3.61905874487475,6.84367931,-1.81273805487475
702,"Singapore",15,2,9.39,1.01034267955046,9.48711776097881,-0.0971177609788079,10.24252006,-0.755402299021192
703,"Slovakia",15,2,9.6,1.04535947130686,10.0354509245459,-0.435450924545892,9.994556441,0.0408944835458911
704,"Viet Nam",15,2,9.07,1.05712482759491,9.58812218628588,-0.518122186285877,9.648390553,-0.0602683667141228
705,"Slovenia",15,2,10.52,1.0380370241225,10.9201494937687,-0.400149493768698,11.04223368,-0.122084186231303
724,"Spain",15,2,10.44,1.00790957283249,10.5225759403712,-0.0825759403711697,10.36583774,0.156738200371169
752,"Sweden",15,2,10.3,1.02767944324386,10.5850982654118,-0.28509826541179,10.58859721,-0.00349894458820899
792,"Turkey",15,2,8.73,0.905771204529555,7.90738261554301,0.822617384456986,7.889610872,0.0177717435430136
804,"Ukraine",15,2,9.9,0.9816622691008,9.71845646409792,0.18154353590208,9.810746801,-0.0922903369020798
826,"United Kingdom",15,2,11.46,0.972176852378572,11.1411467282584,0.318853271741562,11.35280705,-0.21166032174156
840,"USA",15,2,10.1,1.02776846407108,10.3804614871179,-0.280461487117888,10.22584454,0.154616947117887
124,"Canada",20,1,12.38,1.01322435567751,12.5437175232876,-0.163717523287611,12.91907663,-0.375359106712388
152,"Chile",20,1,11.33,0.866345405592507,9.8156934453631,1.5143065546369,10.04920126,-0.2335078146369
170,"Colombia",20,1,9.46,0.713967342538841,6.75413106041744,2.70586893958256,8.916917283,-2.16278622258256
196,"Cyprus",20,1,12.49,0.951502165711068,11.8842620497312,0.605737950268757,12.28829397,-0.404031920268757
203,"Czechia",20,1,12.7,1.05679947235173,13.421353298867,-0.72135329886698,13.4840667,-0.0627134011330206
208,"Denmark",20,1,11.55,1.06226025096046,12.2691058985933,-0.719105898593325,11.94465843,0.324447468593325
218,"Ecuador",20,1,10.31,0.77269370286967,7.96647207658629,2.34352792341371,7.756232062,0.210240014586294
233,"Estonia",20,1,11.31,1.07637875408439,12.1738437086945,-0.86384370869445,12.00447982,0.16936388869445
246,"Finland",20,1,11.37,1.10237399109635,12.5339922787655,-1.16399227876554,12.97564619,-0.441653911234464
250,"France",20,1,12,1.01122895413933,12.1347474496719,-0.134747449671949,12.35045234,-0.215704890328052
268,"Georgia",20,1,12.54,0.912661981278563,11.4447812452332,1.09521875476682,11.81901144,-0.374230194766817
276,"Germany",20,1,12.63,1.06270476566857,13.4219611903941,-0.79196119039409,13.2239536,0.198007590394091
288,"Ghana",20,1,9.09,0.450920182559445,4.09886445946536,4.99113554053464,6.113919026,-2.01505456653464
300,"Greece",20,1,11.75,0.912903146590179,10.7266119724346,1.0233880275654,10.84360689,-0.116994917565396
348,"Hungary",20,1,11.81,0.993235118687389,11.7301067516981,0.0798932483019303,11.77331236,-0.0432056083019301
372,"Ireland",20,1,13.71,0.976844957141043,13.3925443624037,0.317455637596296,13.8340362,-0.441491837596296
376,"Israel",20,1,11.84,0.946073385370242,11.2015088827837,0.638491117216333,11.28334053,-0.0818316472163332
380,"Italy",20,1,12.01,0.960340886347827,11.5336940450374,0.476305954962601,11.05417953,0.479514515037398
392,"Japan",20,1,13.21,1.09239777607004,14.4305746218853,-1.22057462188525,14.89340044,-0.46282581811475
398,"Kazakhstan",20,1,11.69,0.896230443217642,10.4769338812142,1.21306611878576,10.84931057,-0.37237668878576
40,"Austria",20,1,11.9,1.04135352985244,12.3921070052441,-0.492107005244065,12.59146461,-0.199357604755933
404,"Kenya",20,1,8.6,0.555900395780274,4.78074340371036,3.81925659628964,5.9818717,-1.20112829628965
410,"South Korea",20,1,12.7,1.05314815149163,13.3749815239438,-0.674981523943766,13.89676742,-0.521785896056235
440,"Lithuania",20,1,12.02,1.00287433385104,12.0545494928895,-0.0345494928894627,12.35589331,-0.301343817110538
484,"Mexico",20,1,10.21,0.928935461234082,9.48443105919998,0.725568940800024,8.931344743,0.553086316199977
51,"Armenia",20,1,11.02,0.919242221394404,10.1300492797663,0.889950720233664,10.37443169,-0.244382410233664
528,"Netherlands",20,1,11.64,1.12265909720577,13.0677518914752,-1.42775189147518,12.9249289,0.142822991475176
554,"New Zealand",20,1,13.52,1.01926041882527,13.7804008625177,-0.260400862517669,13.92386037,-0.143459507482332
56,"Belgium",20,1,11.76,1.0520790339586,12.3724494393531,-0.612449439353112,12.65728389,-0.284834450646889
578,"Norway",20,1,12.69,1.05737578976146,13.4180987720729,-0.728098772072871,13.31592836,0.102170412072871
604,"Peru",20,1,10.66,0.803643539138065,8.56684012721177,2.09315987278823,8.555542865,0.0112972622117677
616,"Poland",20,1,11.93,1.02354548569548,12.2108976443471,-0.280897644347112,12.33057005,-0.119672405652889
643,"Russia",20,1,11.54,0.96530024823212,11.1395648645987,0.400435135401338,11.56187711,-0.422312245401338
68,"Bolivia",20,1,10.33,0.608125227334417,6.28193359836452,4.04806640163548,9.015810986,-2.73387738763548
702,"Singapore",20,1,12.65,0.988220437137617,12.5009885297909,0.149011470209148,13.48160263,-0.980614100209147
703,"Slovakia",20,1,12.8,1.03469901225168,13.2441473568215,-0.444147356821485,13.1363471,0.107800256821486
704,"Viet Nam",20,1,9.35,1.03892899949376,9.71398614526669,-0.363986145266686,9.558543037,0.155443108266686
705,"Slovenia",20,1,12.79,1.00736049468595,12.8841407270333,-0.094140727033313,12.90523892,-0.0210981929666882
724,"Spain",20,1,11.6,1.03638189052176,12.0220299300524,-0.422029930052362,11.54032444,0.481705490052363
752,"Sweden",20,1,12.22,1.07676170555859,13.1580280419259,-0.938028041925937,13.1822663,-0.0242382580740621
792,"Turkey",20,1,10.9,0.906606963011029,9.88201589682021,1.01798410317979,9.666195027,0.215820869820213
804,"Ukraine",20,1,11.37,0.908276981438605,10.3271092789569,1.04289072104306,11.72334993,-1.39624065104306
826,"United Kingdom",20,1,13.01,1.00316679551465,13.0512000096456,-0.0412000096455571,13.12095424,-0.0697542303544427
840,"USA",20,1,12.3,1.01190403414035,12.4464196199263,-0.146419619926338,12.56213659,-0.115716970073661
124,"Canada",20,2,12.63,1.001489479462,12.6488121256051,-0.018812125605109,13.02539194,-0.376579814394891
152,"Chile",20,2,11.65,0.871675346418816,10.1550177857792,1.49498221422079,10.28106168,-0.126043894220794
170,"Colombia",20,2,10,0.779365420897183,7.79365420897183,2.20634579102817,9.326576122,-1.53292191302817
196,"Cyprus",20,2,13.22,0.984718526922875,13.0179789259204,0.202021074079594,13.4443331,-0.426354174079593
203,"Czechia",20,2,13.03,1.03653522245081,13.506053948534,-0.476053948534048,13.62520226,-0.119148311465953
208,"Denmark",20,2,11.94,1.04886285581414,12.5234224984208,-0.583422498420836,12.49646978,0.0269527184208354
218,"Ecuador",20,2,10.71,0.793081463057694,8.4939024693479,2.2160975306521,8.221177034,0.272725435347901
233,"Estonia",20,2,11.86,1.0839475325904,12.8556177365221,-0.995617736522087,12.94743998,-0.0918222434779139
246,"Finland",20,2,11.64,1.10799229006981,12.8970302564126,-1.25703025641256,12.95693767,-0.0599074135874407
250,"France",20,2,12.36,1.02504078134248,12.669504057393,-0.309504057393028,12.86507259,-0.195568532606973
268,"Georgia",20,2,12.93,0.921700589102022,11.9175886170891,1.01241138291085,12.44789147,-0.53030285291085
276,"Germany",20,2,12.98,1.04352524964356,13.5449577403734,-0.564957740373387,13.57820762,-0.033249879626613
288,"Ghana",20,2,8.27,0.442011203677205,3.65543265441049,4.61456734558951,4.899730865,-1.24429821058951
300,"Greece",20,2,12.17,0.955766693297481,11.6316806574303,0.538319342569661,11.92567339,-0.293992732569661
348,"Hungary",20,2,12.18,1.00666537306856,12.2611842439751,-0.0811842439750503,12.55769464,-0.296510396024949
372,"Ireland",20,2,14.01,0.979399875045437,13.7213922493866,0.288607750613423,14.2871832,-0.565790950613422
376,"Israel",20,2,12.66,0.951511838856099,12.0461398799182,0.613860120081792,12.37769643,-0.331556550081793
380,"Italy",20,2,12.55,1.00055040084248,12.5569075305731,-0.00690753057311788,12.27154406,0.285363470573119
392,"Japan",20,2,13.56,1.08805373508815,14.7540086477953,-1.19400864779535,15.11023923,-0.356230582204651
398,"Kazakhstan",20,2,12.05,0.905500060799186,10.9112757326302,1.13872426736981,11.13580927,-0.224533537369805
40,"Austria",20,2,12.28,1.03671359318677,12.7308429243336,-0.450842924333589,12.8081887,-0.0773457756664122
404,"Kenya",20,2,8.56,0.643509017399324,5.50843718893822,3.05156281106179,5.718304547,-0.209867358061785
410,"South Korea",20,2,13.13,1.04356909813913,13.7020622585668,-0.572062258566815,14.21325734,-0.511195081433184
440,"Lithuania",20,2,12.37,1.03497342765198,12.8026213000549,-0.432621300054935,13.0312866,-0.228665299945066
484,"Mexico",20,2,10.44,0.911694590060863,9.51809152023541,0.921908479764587,9.019092967,0.498998553235412
51,"Armenia",20,2,11.43,0.942167981398623,10.7689800273863,0.661019972613742,11.12223823,-0.353258202613743
528,"Netherlands",20,2,12.22,1.11085633951722,13.5746644689004,-1.35466446890041,13.61025408,-0.0355896110995921
554,"New Zealand",20,2,13.68,1.02293107708786,13.993697134562,-0.313697134561975,14.24864121,-0.254944075438026
56,"Belgium",20,2,11.58,1.06476409582624,12.3299682296678,-0.749968229667829,12.60144225,-0.271474020332171
578,"Norway",20,2,13.27,1.04750698045777,13.9004176306746,-0.630417630674584,13.78177966,0.118637970674584
604,"Peru",20,2,10.66,0.798838701501406,8.51562055800499,2.14437944199501,8.357738456,0.157882102004992
616,"Poland",20,2,12.44,1.02942981547259,12.806106904479,-0.366106904478974,13.0985769,-0.292469995521026
643,"Russia",20,2,11.96,0.995556110901461,11.9068510863815,0.0531489136185321,12.34992426,-0.443073173618531
68,"Bolivia",20,2,10.4,0.617783577779053,6.42494920890215,3.97505079109785,8.79270563,-2.36775642109785
702,"Singapore",20,2,12.67,1.00705549003067,12.7593930586886,-0.0893930586886462,13.64067721,-0.881284151311354
703,"Slovakia",20,2,13.13,1.01694423827525,13.352477848554,-0.222477848554021,13.60914161,-0.256663761445978
704,"Viet Nam",20,2,9.65,1.01985852972312,9.84163481182815,-0.191634811828147,9.889571124,-0.0479363121718528
705,"Slovenia",20,2,13.2,1.02787237545993,13.5679153560711,-0.367915356071077,13.63866417,-0.0707488139289243
724,"Spain",20,2,12.18,0.999649323376403,12.1757287587246,0.00427124127541667,11.97111841,0.204610348724582
752,"Sweden",20,2,12.59,1.08900475547549,13.7105698714365,-1.12056987143647,13.60725156,0.103318311436468
792,"Turkey",20,2,10.79,0.898056729037474,9.69003210631434,1.09996789368566,9.347838677,0.34219342931434
804,"Ukraine",20,2,11.64,1.00251000271004,11.6692164315448,-0.0292164315448353,11.7697906,-0.100574168455164
826,"United Kingdom",20,2,13.27,0.985821125150543,13.0818463307477,0.188153669252291,13.10879031,-0.026943979252291
840,"USA",20,2,12.61,1.02341401357628,12.9052507111968,-0.295250711196843,13.02532007,-0.120069358803157
124,"Canada",25,1,13.45,1.00399882175532,13.503784152609,-0.0537841526090332,14.11789231,-0.614108157390968
152,"Chile",25,1,11.7,0.870236983938854,10.1817727120846,1.51822728791541,10.19887829,-0.0171055779154123
170,"Colombia",25,1,9.36,0.710512330131684,6.65039541003256,2.70960458996744,8.750696654,-2.10030124396744
196,"Cyprus",25,1,13.43,0.969340002513647,13.0182362337583,0.411763766241727,13.37039207,-0.352155836241726
203,"Czechia",25,1,13.73,1.0414602449041,14.2992491625334,-0.56924916253336,14.34276328,-0.0435141174666391
208,"Denmark",25,1,12.44,1.04903429740968,13.0499866597764,-0.6099866597764,12.99975668,0.0502299797763985
218,"Ecuador",25,1,10.11,0.782001482322917,7.90603498628469,2.2039650137153,7.552463324,0.353571662284695
233,"Estonia",25,1,12.57,1.04471240836367,13.1320349731313,-0.562034973131333,13.16605331,-0.0340183368686677
246,"Finland",25,1,12.64,1.11224295556609,14.0587509583554,-1.41875095835536,14.12447153,-0.0657205716446416
250,"France",25,1,12.72,0.999032187676976,12.7076894272511,0.0123105727488593,13.12803355,-0.420344122748858
268,"Georgia",25,1,12.63,0.870321622375129,10.9921620905979,1.63783790940213,11.46226572,-0.470103629402125
276,"Germany",25,1,13.82,1.02774886586361,14.2034893262351,-0.383489326235086,14.3946828,-0.191193473764914
288,"Ghana",25,1,8.85,0.43611552527432,3.85962239867773,4.99037760132227,5.748888441,-1.88926604232227
300,"Greece",25,1,12.34,0.908490607314999,11.2107740942671,1.12922590573291,11.3110887,-0.10031460573291
348,"Hungary",25,1,12.75,0.99917885208719,12.7395303641117,0.0104696358883274,12.96246726,-0.222936895888328
372,"Ireland",25,1,14.46,0.976691399768535,14.122957640653,0.33704235934699,14.60490936,-0.48195171934699
376,"Israel",25,1,11.98,0.98890618241568,11.8470960653398,0.132903934660156,11.76898757,0.0781084953398441
380,"Italy",25,1,12.78,0.990697181749463,12.6611099827581,0.118890017241869,12.31240998,0.348700002758131
392,"Japan",25,1,14.24,1.09256765771484,15.5581634458593,-1.31816344585927,16.17525132,-0.617087874140731
398,"Kazakhstan",25,1,11.93,0.90175814533933,10.7579746738982,1.1720253261018,10.92958276,-0.1716080861018
40,"Austria",25,1,12.48,1.04429539020143,13.0328064697138,-0.55280646971384,13.02231986,0.0104866097138405
404,"Kenya",25,1,8.98,0.606167323952858,5.44338256909667,3.53661743090333,6.433017721,-0.989635151903333
410,"South Korea",25,1,13.76,1.02458815039659,14.098332949457,-0.338332949457042,14.80132569,-0.702992740542959
440,"Lithuania",25,1,13.26,1.00984810942513,13.3905859309773,-0.130585930977254,13.69168208,-0.301096149022746
484,"Mexico",25,1,10.24,0.926706225182456,9.48947174586835,0.75052825413165,8.746185593,0.74328615286835
51,"Armenia",25,1,11.09,0.92849107265232,10.2969659957142,0.793034004285772,10.63302377,-0.336057774285772
528,"Netherlands",25,1,12.88,1.10716327988884,14.2602630449682,-1.38026304496824,14.11282147,0.147441574968239
554,"New Zealand",25,1,13.9,1.02523906141706,14.2508229536972,-0.350822953697186,14.67747044,-0.426647486302814
56,"Belgium",25,1,12.65,1.06556399097323,13.4793844858114,-0.829384485811383,13.66489106,-0.185506574188617
578,"Norway",25,1,13.6,1.03206790154779,14.0361234610499,-0.436123461049888,14.11312682,-0.0770033589501118
604,"Peru",25,1,11.11,0.799492555300627,8.88236228938997,2.22763771061003,8.613450042,0.26891224738997
616,"Poland",25,1,13.25,0.995592931141388,13.1916063376234,0.0583936623766057,13.51845429,-0.326847952376605
643,"Russia",25,1,12.37,0.986179072575716,12.1990351277616,0.170964872238388,12.35323106,-0.154195932238389
68,"Bolivia",25,1,10.79,0.679635080750886,7.33326252130205,3.45673747869794,8.965610018,-1.63234749669795
702,"Singapore",25,1,13.34,0.998101042164494,13.3146679024744,0.0253320975256486,14.40780086,-1.09313295752565
703,"Slovakia",25,1,14,1.0276933454277,14.3877068359878,-0.387706835987835,14.2641254,0.123581435987836
704,"Viet Nam",25,1,8.94,0.979218983000318,8.75421770802284,0.185782291977159,8.274479758,0.479737950022841
705,"Slovenia",25,1,13.29,0.99888289322885,13.2751536510114,0.0148463489885859,13.16370487,0.111448781011413
724,"Spain",25,1,12.23,1.00892895383183,12.3392011053632,-0.109201105363244,11.91673674,0.422464365363245
752,"Sweden",25,1,12.83,1.05692212006172,13.5603108003919,-0.73031080039188,13.70771485,-0.14740404960812
792,"Turkey",25,1,11.32,0.902051706724428,10.2112253201205,1.10877467987947,9.904607209,0.306618111120528
804,"Ukraine",25,1,11.7,0.932562509063742,10.9109813560458,0.789018643954215,11.4704614,-0.559480043954215
826,"United Kingdom",25,1,13.63,1.0120519219698,13.7942676964483,-0.164267696448329,13.93366553,-0.139397833551671
840,"USA",25,1,12.87,1.00053670765795,12.8769074275578,-0.00690742755778828,13.19074105,-0.313833622442212
124,"Canada",25,2,13.71,1.01165837304218,13.8698362944083,-0.159836294408288,14.46060042,-0.590764125591711
152,"Chile",25,2,12.02,0.866671559458495,10.4173921446911,1.60260785530888,10.20759655,0.209795594691116
170,"Colombia",25,2,9.93,0.762445928730264,7.57108807229153,2.35891192770847,8.816800334,-1.24571226170847
196,"Cyprus",25,2,14.2,0.997594383524905,14.1658402460536,0.0341597539463514,14.65854714,-0.492706893946352
203,"Czechia",25,2,14.3,1.03793076357018,14.8424099190536,-0.542409919053613,14.99235507,-0.149945150946387
208,"Denmark",25,2,13.07,1.028858399286,13.4471792786681,-0.377179278668073,13.6195631,-0.172383821331927
218,"Ecuador",25,2,10.52,0.795925039982053,8.3731314206112,2.1468685793888,7.929553552,0.443577868611202
233,"Estonia",25,2,13.56,1.04508884108735,14.1714046851444,-0.61140468514442,14.50406227,-0.33265758485558
246,"Finland",25,2,13.23,1.1281502881049,14.9254283116279,-1.69542831162789,15.13540488,-0.209976568372108
250,"France",25,2,13.25,1.0281191342893,13.6225785293333,-0.37257852933328,13.64372501,-0.0211464806667205
268,"Georgia",25,2,13.19,0.860350540928138,11.3480236348421,1.84197636515787,12.01067636,-0.662652725157866
276,"Germany",25,2,14.16,1.03706955335639,14.6849048755265,-0.524904875526504,14.90448158,-0.219576704473496
288,"Ghana",25,2,7.52,0.271535551901161,2.04194735029673,5.47805264970327,3.11914475,-1.07719739970327
300,"Greece",25,2,13.02,0.911857317237019,11.872382270426,1.14761772957401,12.11466013,-0.242277859574008
348,"Hungary",25,2,13.3,1.00428831367675,13.3570345719008,-0.0570345719007932,13.56301289,-0.205978318099206
372,"Ireland",25,2,14.77,0.967707299095385,14.2930368076388,0.476963192361167,14.9136423,-0.620605492361166
376,"Israel",25,2,12.84,0.953225167343607,12.2394111486919,0.600588851308093,12.77910633,-0.539695181308092
380,"Italy",25,2,13.6,0.990051994107585,13.4647071198632,0.135292880136847,13.3011904,0.163516719863154
392,"Japan",25,2,14.59,1.09524866908318,15.9796780819236,-1.38967808192356,16.59513123,-0.615453148076435
398,"Kazakhstan",25,2,12.35,0.892381192011666,11.0209077213441,1.32909227865593,11.15344422,-0.132536498655929
40,"Austria",25,2,12.74,1.03981860862644,13.2472890739008,-0.507289073900822,13.23394582,0.0133432539008211
404,"Kenya",25,2,8.7,0.563176613077504,4.89963653377429,3.80036346622571,5.314744388,-0.415107854225715
410,"South Korea",25,2,14.07,1.01697275449391,14.3088066557293,-0.23880665572932,15.08168307,-0.77287641427068
440,"Lithuania",25,2,13.85,0.995139428158375,13.7826810799935,0.0673189200065085,14.30285348,-0.520172400006508
484,"Mexico",25,2,10.41,0.925865250910181,9.63825726197499,0.771742738025015,8.882128184,0.756129077974984
51,"Armenia",25,2,11.37,0.924109426255918,10.5071241765298,0.862875823470212,10.69829446,-0.191170283470212
528,"Netherlands",25,2,13.47,1.1008940758416,14.8290432015863,-1.35904320158635,14.83921206,-0.0101688584136514
554,"New Zealand",25,2,14.06,1.02559265521035,14.4198327322576,-0.359832732257578,14.70346791,-0.283635177742422
56,"Belgium",25,2,12.37,1.0258065118907,12.689226552088,-0.319226552087978,13.26992087,-0.580694317912023
578,"Norway",25,2,14.31,1.06794622396396,15.2823104649243,-0.972310464924266,15.45799753,-0.175687065075733
604,"Peru",25,2,11.06,0.798396415662982,8.83026435723258,2.22973564276742,8.53487038,0.295393977232582
616,"Poland",25,2,14.06,1.00778934007756,14.1695181214905,-0.109518121490499,14.69208071,-0.522562588509501
643,"Russia",25,2,13.11,0.960026446292106,12.5859467108895,0.524053289110494,13.45468057,-0.868733859110495
68,"Bolivia",25,2,10.73,0.592302323465639,6.35540393078631,4.37459606921369,8.19632371,-1.84091977921369
702,"Singapore",25,2,13.31,0.980293257671154,13.0477032596031,0.262296740396943,13.87357446,-0.825871200396943
703,"Slovakia",25,2,14.62,1.03281966086928,15.0998234419089,-0.479823441908875,15.05874042,0.0410830219088751
704,"Viet Nam",25,2,9.01,0.952917995419925,8.58579113873353,0.424208861266473,8.286705544,0.299085594733526
705,"Slovenia",25,2,14.03,0.996595436642653,13.9822339760964,0.0477660239035842,14.15559918,-0.173365203903584
724,"Spain",25,2,13.01,0.978923111445058,12.7357896799002,0.274210320099799,12.53688565,0.1989040299002
752,"Sweden",25,2,13.38,1.06733384889832,14.2809268982595,-0.90092689825954,14.53072272,-0.249795821740459
792,"Turkey",25,2,10.72,0.930132427133256,9.9710196188685,0.748980381131501,9.310406244,0.6606133748685
804,"Ukraine",25,2,12.06,1.01619521082684,12.2553142425717,-0.195314242571733,12.23606703,0.0192472125717345
826,"United Kingdom",25,2,13.93,1.03005860033527,14.3487163026703,-0.41871630267029,14.24803499,0.100681312670289
840,"USA",25,2,13.31,0.987903122666401,13.1489905626898,0.161009437310204,13.60310003,-0.454109467310204
124,"Canada",30,1,13.63,1.00286398519424,13.6690361181975,-0.0390361181974939,14.40343379,-0.734397671802505
152,"Chile",30,1,11.93,0.891237908216751,10.6324682450258,1.29753175497416,10.79641348,-0.163945234974156
170,"Colombia",30,1,8.99,0.683322355391339,6.14306797496814,2.84693202503186,7.999366945,-1.85629897003186
196,"Cyprus",30,1,13.47,0.988069489277997,13.3092960205746,0.160703979425374,13.61546962,-0.306173599425374
203,"Czechia",30,1,13.86,1.06818681897922,14.805069311052,-0.945069311052,14.80298338,0.00208593105199917
208,"Denmark",30,1,12.82,1.01721607783654,13.0407101178644,-0.220710117864391,13.3384324,-0.297722282135609
218,"Ecuador",30,1,9.72,0.809514814607833,7.86848399798814,1.85151600201186,7.344720293,0.523763704988136
233,"Estonia",30,1,12.91,1.04370894235202,13.4742824457646,-0.564282445764622,13.62579453,-0.151512084235378
246,"Finland",30,1,13.17,1.09632874171604,14.4386495284003,-1.26864952840031,14.80028014,-0.361630611599686
250,"France",30,1,12.76,1.02469044673443,13.0750501003313,-0.315050100331302,13.05467608,0.0203740203313014
268,"Georgia",30,1,12.42,0.849870479556076,10.5553913560865,1.86460864391353,11.01642955,-0.461038193913533
276,"Germany",30,1,14.01,1.01720742961344,14.2510760888843,-0.24107608888434,14.49902035,-0.247944261115661
288,"Ghana",30,1,8.72,0.404858990976817,3.53037040131784,5.18962959868216,4.686183024,-1.15581262268216
300,"Greece",30,1,12.23,0.937086049232279,11.4605623821108,0.769437617889231,11.49899492,-0.0384325378892303
348,"Hungary",30,1,12.75,0.999389096447276,12.7422109797028,0.00778902029723305,12.90142745,-0.159216470297233
372,"Ireland",30,1,14.36,0.992958713564108,14.2588871267806,0.101112873219408,14.7998998,-0.541012673219409
376,"Israel",30,1,11.87,1.00451065127521,11.9235414306367,-0.0535414306367201,11.9638015,-0.0402600693632813
380,"Italy",30,1,12.66,1.01558934332939,12.8573610865501,-0.19736108655006,12.23903433,0.61832675655006
392,"Japan",30,1,14.2,1.10508835063437,15.6922545790081,-1.49225457900811,16.39026995,-0.698015370991888
398,"Kazakhstan",30,1,11.86,0.918590307972078,10.8944810525488,0.965518947451161,10.96917908,-0.0746980274511611
40,"Austria",30,1,12.63,1.02497063217134,12.945379084324,-0.315379084324006,13.09665245,-0.151273365675994
404,"Kenya",30,1,8.94,0.583549672549731,5.21693407259459,3.72306592740541,5.826878831,-0.609944758405407
410,"South Korea",30,1,13.95,1.01310330117401,14.1327910513774,-0.182791051377428,14.9063606,-0.773569548622572
440,"Lithuania",30,1,13.24,0.976532022139801,12.929283973131,0.310716026869031,13.24971649,-0.320432516869031
484,"Mexico",30,1,9.92,0.915574764127861,9.08250166014838,0.837498339851622,8.390823146,0.691678514148377
51,"Armenia",30,1,11.05,0.918109955736509,10.1451150108884,0.904884989111579,10.30559189,-0.160476879111579
528,"Netherlands",30,1,13.09,1.11304390859056,14.5697447634504,-1.47974476345041,14.64230956,-0.0725647965495906
554,"New Zealand",30,1,13.97,1.04038317409831,14.5341529421534,-0.564152942153358,15.0533013,-0.519148357846641
56,"Belgium",30,1,12.78,1.05828453818344,13.5248763979843,-0.744876397984319,13.81089631,-0.286019912015682
578,"Norway",30,1,13.67,1.06893276379754,14.6123108811124,-0.942310881112407,14.80670655,-0.194395668887593
604,"Peru",30,1,10.99,0.778262949488645,8.55310981488021,2.43689018511979,8.213750116,0.339359698880214
616,"Poland",30,1,13.47,0.978747726558876,13.1837318767481,0.286268123251947,13.47238061,-0.288648733251947
643,"Russia",30,1,11.79,0.929409880031081,10.9577424855664,0.832257514433559,11.61954652,-0.66180403443356
68,"Bolivia",30,1,10.57,0.659039131437612,6.96604361929556,3.60395638070444,8.313087645,-1.34704402570444
702,"Singapore",30,1,13.31,0.97462842882676,12.9723043876842,0.337695612315825,14.02720904,-1.05490465231582
703,"Slovakia",30,1,14.14,1.04104965256403,14.7204420872555,-0.580442087255454,14.55057692,0.169865167255455
704,"Viet Nam",30,1,8.31,0.953143883758506,7.92062567403319,0.389374325966811,7.778684012,0.141941662033189
705,"Slovenia",30,1,12.51,0.991363949648552,12.4019630101034,0.108036989896611,12.27012605,0.131836960103389
724,"Spain",30,1,11.95,1.00310115842139,11.9870588431356,-0.0370588431355827,11.64496471,0.342094133135582
752,"Sweden",30,1,12.95,1.04578243702784,13.5428825595106,-0.592882559510564,14.14131343,-0.598430870489437
792,"Turkey",30,1,10.45,0.945155256545026,9.87687243089552,0.573127569104477,9.244729976,0.632142454895522
804,"Ukraine",30,1,10.94,0.959256714632484,10.4942684580794,0.44573154192063,11.06041095,-0.56614249192063
826,"United Kingdom",30,1,13.75,1.03610148873052,14.2463954700446,-0.496395470044583,14.50828261,-0.261887139955418
840,"USA",30,1,12.91,0.975976512658104,12.5998567784161,0.310143221583878,12.91707675,-0.317219971583878
124,"Canada",30,2,13.86,0.993343992918868,13.7677477418555,0.0922522581444944,14.62452857,-0.856780828144496
152,"Chile",30,2,12.16,0.851016927727093,10.3483658411614,1.81163415883855,10.36999417,-0.0216283288385508
170,"Colombia",30,2,9.59,0.71573092666569,6.86385958672397,2.72614041327603,8.695477298,-1.83161771127603
196,"Cyprus",30,2,14.05,0.989548352711383,13.9031543555949,0.146845644405063,14.39677064,-0.493616284405062
203,"Czechia",30,2,14.37,1.0612615229452,15.2503280847225,-0.880328084722526,15.45876028,-0.208432195277474
208,"Denmark",30,2,13.49,1.01375679262205,13.6755791324715,-0.185579132471492,14.11247713,-0.436897997528508
218,"Ecuador",30,2,10.07,0.789588573138438,7.95115693150407,2.11884306849593,7.425971481,0.525185450504075
233,"Estonia",30,2,14.06,1.02229450695504,14.3734607677879,-0.313460767787889,14.87170925,-0.49824848221211
246,"Finland",30,2,13.9,1.12972844240351,15.7032253494087,-1.80322534940874,16.46913058,-0.76590523059126
250,"France",30,2,13.27,1.02381957700546,13.5860857868624,-0.316085786862422,13.63954801,-0.0534622231375792
268,"Georgia",30,2,12.79,0.867582941573498,11.096385822725,1.69361417727495,11.59859771,-0.502211887274955
276,"Germany",30,2,14.18,1.01971204532046,14.4595168026441,-0.279516802644103,14.6166307,-0.157113897355897
288,"Ghana",30,2,7.06,0.309618337819484,2.18590546500556,4.87409453499444,2.76205869,-0.576153224994443
300,"Greece",30,2,12.96,0.960844114066152,12.4525397182973,0.50746028170267,12.75929732,-0.306757601702669
348,"Hungary",30,2,13.3,0.997723392085552,13.2697211147378,0.0302788852621578,13.73282567,-0.463104555262158
372,"Ireland",30,2,14.7,0.982131348548597,14.4373308236644,0.262669176335631,15.07212496,-0.634794136335632
376,"Israel",30,2,12.7,0.928113969796641,11.7870474164173,0.912952583582662,12.5421275,-0.755080083582662
380,"Italy",30,2,13.55,0.957114620599439,12.9689031091224,0.5810968908776,12.78983207,0.179071039122402
392,"Japan",30,2,14.55,1.09507539666277,15.9333470214432,-1.38334702144324,16.68410869,-0.750761668556761
398,"Kazakhstan",30,2,12.31,0.918422277119717,11.3057782313437,1.00422176865628,11.5735288,-0.267750568656277
40,"Austria",30,2,12.68,1.01397945587081,12.8572595004418,-0.177259500441846,12.92255921,-0.065299709558154
404,"Kenya",30,2,8.37,0.530939242619505,4.44396146072525,3.92603853927475,4.872478836,-0.428517375274747
410,"South Korea",30,2,14.02,1.01379129190717,14.2133539125385,-0.19335391253847,14.97097067,-0.75761675746153
440,"Lithuania",30,2,13.93,0.97516409822419,13.584035888263,0.345964111737032,14.21359937,-0.629563481737033
484,"Mexico",30,2,9.97,0.92796066811034,9.25176786106009,0.718232138939907,8.508687254,0.743080607060094
51,"Armenia",30,2,11.25,0.935170369075401,10.5206666520983,0.729333347901738,10.91165895,-0.390992297901738
528,"Netherlands",30,2,13.43,1.08129163382249,14.5217466422361,-1.09174664223609,14.65621395,-0.134467307763911
554,"New Zealand",30,2,14.11,1.01539007478816,14.327153955261,-0.217153955260958,14.8799067,-0.552752744739042
56,"Belgium",30,2,12.49,1.03291145712712,12.9010640995177,-0.411064099517739,13.36790726,-0.466843160482261
578,"Norway",30,2,14.38,1.02750894306616,14.7755786012913,-0.395578601291323,15.32109715,-0.545518548708676
604,"Peru",30,2,10.8,0.770268461073437,8.31889937959312,2.48110062040688,7.683812194,0.635087185593123
616,"Poland",30,2,14.26,0.990611198648886,14.1261156927331,0.133884307266884,14.68793584,-0.561820147266884
643,"Russia",30,2,12.64,0.981232016054609,12.4027726829303,0.23722731706974,12.95338311,-0.55061042706974
68,"Bolivia",30,2,10.29,0.626585107245277,6.4475607535539,3.8424392464461,7.716286525,-1.2687257714461
702,"Singapore",30,2,13.29,0.966668500397483,12.8470243702825,0.442975629717457,13.51897284,-0.671948469717458
703,"Slovakia",30,2,14.72,1.0478179216749,15.4238798070545,-0.703879807054493,15.30928239,0.114597417054494
704,"Viet Nam",30,2,8.28,0.965380924173288,7.99335405215482,0.286645947845178,7.473537541,0.519816511154821
705,"Slovenia",30,2,13.31,0.980932650790899,13.0562135820269,0.253786417973137,13.44558369,-0.389370107973136
724,"Spain",30,2,12.87,0.974782785220772,12.5454544457913,0.324545554208667,12.56279216,-0.0173377142086686
752,"Sweden",30,2,13.54,1.02461953080832,13.8733484471447,-0.333348447144669,14.09011598,-0.216767532855332
792,"Turkey",30,2,9.44,0.942190011515019,8.89427370870177,0.545726291298225,7.889642698,1.00463101070177
804,"Ukraine",30,2,11.32,0.996505475292976,11.2804419803165,0.0395580196835112,11.61626242,-0.335820439683511
826,"United Kingdom",30,2,14.04,1.02915963648215,14.4494012962094,-0.409401296209353,14.64129608,-0.191894783790648
840,"USA",30,2,13.35,0.996370907704578,13.3015516178561,0.0484483821438868,13.66506816,-0.363516542143888
124,"Canada",35,1,13.42,0.988544531399941,13.2662676113872,0.153732388612797,14.15386025,-0.887592638612796
152,"Chile",35,1,11.7,0.866396019127076,10.1368334237868,1.56316657621321,9.944516719,0.192316704786792
170,"Colombia",35,1,8.59,0.669118725790357,5.74772985453917,2.84227014546083,7.815264038,-2.06753418346083
196,"Cyprus",35,1,13.24,0.981091737274368,12.9896546015126,0.250345398487363,13.23338174,-0.243727138487364
203,"Czechia",35,1,13.02,1.03339604992531,13.4548165700275,-0.434816570027484,13.47093508,-0.0161185099725163
208,"Denmark",35,1,12.71,1.0435930635741,13.2640678380268,-0.554067838026763,13.40079514,-0.136727301973236
218,"Ecuador",35,1,9.25,0.807434125065953,7.46876565686007,1.78123434313993,6.593702627,0.875063029860068
233,"Estonia",35,1,12.69,1.01671189225774,12.9020739127507,-0.212073912750668,13.10504999,-0.202976077249332
246,"Finland",35,1,13.04,1.08967908890619,14.2094153193367,-1.16941531933669,14.61621198,-0.406796660663307
250,"France",35,1,12.62,0.996017853347631,12.5697453092471,0.0502546907529009,12.71004008,-0.140294770752902
268,"Georgia",35,1,12.51,0.827729172627423,10.3548919495691,2.15510805043094,10.94636093,-0.591468980430937
276,"Germany",35,1,14,1.00081103765037,14.0113545271052,-0.01135452710521,14.31105999,-0.29970546289479
288,"Ghana",35,1,8.5,0.319058837079527,2.71200011517598,5.78799988482402,3.991119211,-1.27911909582402
300,"Greece",35,1,11.96,0.937866258895153,11.216880456386,0.743119543613972,11.22265832,-0.00577786361397159
348,"Hungary",35,1,12.59,0.982610510298831,12.3710663246623,0.218933675337716,12.46379073,-0.0927244053377159
372,"Ireland",35,1,13.06,0.98972565834348,12.9258170979658,0.134182902034153,13.33855811,-0.412741012034152
376,"Israel",35,1,11.52,0.965282267063282,11.120051716569,0.399948283430986,11.32937494,-0.209323223430985
380,"Italy",35,1,12.27,0.991944530827684,12.1711593932557,0.0988406067443233,11.46852742,0.702631973255677
392,"Japan",35,1,13.97,1.09572077218592,15.3072191874372,-1.33721918743725,15.98221539,-0.674996202562751
398,"Kazakhstan",35,1,10.89,0.929585454866431,10.1231856034954,0.76681439650457,10.22023889,-0.0970532865045683
40,"Austria",35,1,12.71,1.02290394692866,13.0011091654633,-0.29110916546329,13.22603698,-0.224927814536709
404,"Kenya",35,1,8.49,0.361670425906099,3.07058191594278,5.41941808405722,5.645950273,-2.57536835705722
410,"South Korea",35,1,13.82,1.00052422963128,13.8272448535043,-0.00724485350431969,14.68226816,-0.85502330649568
440,"Lithuania",35,1,12.96,0.957137903135741,12.4045072246392,0.555492775360801,12.52076101,-0.116253785360799
484,"Mexico",35,1,9.45,0.916894323693616,8.66465135890467,0.785348641095332,7.848240399,0.816410959904667
51,"Armenia",35,1,10.94,0.925148465180454,10.1211242090742,0.818875790925837,10.41263857,-0.291514360925838
528,"Netherlands",35,1,12.92,1.09884227875057,14.1970422414574,-1.27704224145741,14.35050779,-0.153465548542586
554,"New Zealand",35,1,13.79,1.0246959926919,14.1305577392214,-0.340557739221351,14.63966386,-0.50910612077865
56,"Belgium",35,1,12.67,1.02388902668113,12.9726739680499,-0.30267396804987,13.4835251,-0.51085113195013
578,"Norway",35,1,13.28,1.05463092755916,14.0054987179857,-0.725498717985651,14.39452746,-0.38902874201435
604,"Peru",35,1,10.71,0.773532611309178,8.28453426712129,2.42546573287871,7.86187591,0.422658357121295
616,"Poland",35,1,13.25,0.985674406536858,13.0601858866134,0.189814113386635,13.18837811,-0.128192223386636
643,"Russia",35,1,9.66,1.13776650340172,10.9908244228606,-1.33082442286062,9.731069387,1.25975503586062
68,"Bolivia",35,1,10.16,0.679574330729642,6.90447520021316,3.25552479978684,8.307371043,-1.40289584278684
702,"Singapore",35,1,13.41,0.934998682976998,12.5383323387215,0.87166766127846,13.54344767,-1.00511533127846
703,"Slovakia",35,1,13.31,1.04324691802243,13.8856164788786,-0.57561647887858,13.91353771,-0.0279212311214199
704,"Viet Nam",35,1,7.74,0.93191767130531,7.2130427759031,0.526957224096901,6.670561225,0.542481550903099
705,"Slovenia",35,1,12.27,0.976134193717359,11.977166556912,0.292833443088011,12.02330948,-0.046142923088011
724,"Spain",35,1,11.49,1.00998286839454,11.6047031578532,-0.114703157853228,11.35565532,0.249047837853228
752,"Sweden",35,1,13.03,1.05603779458008,13.7601724633784,-0.73017246337845,14.12161452,-0.36144205662155
792,"Turkey",35,1,10.02,0.922834084759275,9.24679752928794,0.773202470712063,8.641360375,0.605437154287937
804,"Ukraine",35,1,10.67,0.999345901552874,10.6630207695692,0.0069792304308347,9.722899921,0.940120848569165
826,"United Kingdom",35,1,13.57,1.04011342666507,14.114339199845,-0.544339199844977,14.25120969,-0.136870490155022
840,"USA",35,1,12.73,0.995819144042123,12.6767777036562,0.0532222963437796,13.1147485,-0.437970796343778
124,"Canada",35,2,13.82,0.99244540119223,13.7155954444766,0.104404555523377,14.67025899,-0.954663545523378
152,"Chile",35,2,11.9,0.825669547149623,9.82546761108051,2.07453238891949,9.832125631,-0.00665801991948811
170,"Colombia",35,2,9.15,0.706783612263163,6.46707005220794,2.68292994779206,8.09080508,-1.62373502779206
196,"Cyprus",35,2,13.77,0.9806528356678,13.5035895471456,0.2664104528544,13.95120695,-0.4476174028544
203,"Czechia",35,2,13.37,1.03234982457845,13.8025171546139,-0.432517154613913,13.92322811,-0.120710955386087
208,"Denmark",35,2,13.31,1.04014319601487,13.8443059389579,-0.534305938957919,14.22177555,-0.377469611042081
218,"Ecuador",35,2,9.53,0.784874681023546,7.4798557101544,2.0501442898456,6.963285303,0.516570407154397
233,"Estonia",35,2,14.17,1.01269093741575,14.3498305831812,-0.17983058318123,14.94236189,-0.592531306818771
246,"Finland",35,2,13.81,1.1011313466726,15.2066238975487,-1.39662389754866,15.99806954,-0.791445642451338
250,"France",35,2,12.9,1.01148628442955,13.0481730691412,-0.148173069141178,13.21964962,-0.171476550858822
268,"Georgia",35,2,12.93,0.881121452625281,11.3929003824449,1.53709961755512,12.23744425,-0.844543867555116
276,"Germany",35,2,13.96,1.01402018134052,14.1557217315136,-0.195721731513595,14.30117556,-0.145453828486405
288,"Ghana",35,2,6.34,0.344303334696111,2.18288314197335,4.15711685802665,2.319546543,-0.136663401026654
300,"Greece",35,2,12.69,0.954551659180824,12.1132605550047,0.576739444995349,12.32846761,-0.21520705499535
348,"Hungary",35,2,13.13,0.99603850526771,13.077985574165,0.0520144258349635,13.4632742,-0.385288625834963
372,"Ireland",35,2,13.6,0.981003468012156,13.3416471649653,0.258352835034684,13.84566874,-0.504021575034685
376,"Israel",35,2,12.36,0.930210028961903,11.4973959579691,0.862604042030876,12.0018074,-0.504411442030877
380,"Italy",35,2,13.18,0.986444908186118,13.001343889893,0.178656110106971,12.61854602,0.382797869893029
392,"Japan",35,2,14.34,1.10316275334502,15.8193538829675,-1.47935388296754,16.63151872,-0.81216483703246
398,"Kazakhstan",35,2,11.33,0.920371633344601,10.4278106057943,0.902189394205671,10.79862687,-0.37081626420567
40,"Austria",35,2,12.45,1.03771137982974,12.9195066788803,-0.469506678880265,12.98253837,-0.0630316911197362
404,"Kenya",35,2,7.71,0.668630572639448,5.15514171505014,2.55485828494986,4.550985858,0.604155857050144
410,"South Korea",35,2,13.79,1.01589616417763,14.0092081040095,-0.219208104009466,14.71280709,-0.703598985990535
440,"Lithuania",35,2,13.83,0.991989927801433,13.7192207014938,0.110779298506188,14.12312831,-0.403907608506188
484,"Mexico",35,2,9.36,0.928397567146068,8.6898012284872,0.670198771512803,7.808716693,0.881084535487196
51,"Armenia",35,2,11.13,0.950341250938954,10.5772981229506,0.552701877049442,10.97392635,-0.39662822704944
528,"Netherlands",35,2,13.05,1.09576318780694,14.2997096008806,-1.24970960088061,14.42397626,-0.124266659119387
554,"New Zealand",35,2,14.08,1.06587325528704,15.0074954344415,-0.92749543444153,15.5868545,-0.579359065558469
56,"Belgium",35,2,12.36,1.0206860972095,12.6156801615094,-0.2556801615094,12.96189604,-0.3462158784906
578,"Norway",35,2,13.9,1.03726797527495,14.4180248563219,-0.518024856321865,14.89466764,-0.476642783678134
604,"Peru",35,2,10.38,0.78585329066305,8.15715715708246,2.22284284291755,7.482149296,0.675007861082455
616,"Poland",35,2,14.25,0.991765234553981,14.1326545923942,0.117345407605773,14.58159772,-0.448943127605773
643,"Russia",35,2,9.78,1.24619293126401,12.187766867762,-2.40776686776199,10.33041784,1.85734902776199
68,"Bolivia",35,2,9.59,0.637332190587838,6.11201570773737,3.47798429226263,6.656231972,-0.544216264262631
702,"Singapore",35,2,13.25,0.941901764654336,12.48019838167,0.76980161833005,13.20492342,-0.72472503833005
703,"Slovakia",35,2,13.87,1.05926261518999,14.6919724726852,-0.821972472685152,14.7725211,-0.0805486273148492
704,"Viet Nam",35,2,7.56,1.00240045987139,7.57814747662772,-0.0181474766277203,7.113530738,0.46461673862772
705,"Slovenia",35,2,12.85,0.980569876093289,12.6003229077988,0.249677092201241,12.74083969,-0.140516782201241
724,"Spain",35,2,12.52,0.981520893325114,12.2886415844304,0.231358415569577,12.21432192,0.0743196644304227
752,"Sweden",35,2,13.6,1.0519908600377,14.3070756965127,-0.707075696512691,14.79587176,-0.48879606348731
792,"Turkey",35,2,8.8,0.94665604023932,8.33057315410602,0.469426845893985,7.316629599,1.01394355510602
804,"Ukraine",35,2,10.94,0.963934254099542,10.545440739849,0.394559260151009,11.01887933,-0.473438590151011
826,"United Kingdom",35,2,13.83,1.03318326127442,14.2889245034252,-0.458924503425163,14.52956804,-0.240643536574837
840,"USA",35,2,13.2,0.981440531003805,12.9550150092502,0.244984990749767,13.47977539,-0.524760380749768
124,"Canada",40,1,13.46,0.973138614551143,13.0984457518584,0.361554248141612,13.90550222,-0.807056468141612
152,"Chile",40,1,11.49,0.791927831909151,9.09925078863614,2.39074921136386,9.692534742,-0.593283953363859
170,"Colombia",40,1,7.94,0.606990184151799,4.81950206216528,3.12049793783472,7.183761148,-2.36425908583472
196,"Cyprus",40,1,13.11,0.990588578670061,12.9866162663645,0.123383733635494,13.34008372,-0.353467453635496
203,"Czechia",40,1,12.72,1.03104017267924,13.11483099648,-0.394830996479959,13.19724304,-0.0824120435200406
208,"Denmark",40,1,12.75,1.02454369218192,13.0629320753195,-0.312932075319512,13.39890007,-0.335967994680487
218,"Ecuador",40,1,9.05,0.790223039192854,7.15151850469533,1.89848149530467,6.362772405,0.78874609969533
233,"Estonia",40,1,12.78,0.993024667101301,12.6908552455546,0.0891447544453676,13.20155901,-0.510703764445369
246,"Finland",40,1,13.23,1.04410812800216,13.8135505334686,-0.583550533468614,14.27953698,-0.465986446531385
250,"France",40,1,12.43,0.981428171459499,12.1991521712416,0.230847828758431,12.14799813,0.0511540412415687
268,"Georgia",40,1,12.53,0.856318240228843,10.7296675500674,1.80033244993259,11.44915799,-0.719490439932592
276,"Germany",40,1,13.96,1.01114940045072,14.1156456302921,-0.155645630292094,14.48481276,-0.369167129707906
288,"Ghana",40,1,8.13,0.533468624416973,4.33709991650999,3.79290008349001,4.03007401,0.307025906509988
300,"Greece",40,1,11.76,0.952378683157372,11.1999733139307,0.560026686069302,10.87681487,0.323158443930698
348,"Hungary",40,1,12.35,0.988784132907476,12.2114840414073,0.138515958592672,12.37472788,-0.163243838592672
372,"Ireland",40,1,12.06,0.994603497448195,11.9949181792252,0.065081820774763,12.23460604,-0.239687860774762
376,"Israel",40,1,11.19,0.935282231492665,10.4658081704029,0.724191829597075,10.87282596,-0.407017789597075
380,"Italy",40,1,11.93,1.00395232585576,11.9771512474592,-0.0471512474592224,11.31652508,0.660626167459222
392,"Japan",40,1,13.81,1.10866292515857,15.3106349964398,-1.50063499643981,16.03553273,-0.724897733560189
398,"Kazakhstan",40,1,10.59,0.902541323112277,9.55791261175902,1.03208738824098,9.721679914,-0.163767302240982
40,"Austria",40,1,12.63,1.01669550023985,12.8408641680293,-0.210864168029266,13.00591737,-0.165053201970734
404,"Kenya",40,1,9.13,0.354735108365647,3.23873153937836,5.89126846062164,5.87275832,-2.63402678062164
410,"South Korea",40,1,13.61,0.987390607886271,13.4383861733321,0.171613826667851,14.03140271,-0.593016536667852
440,"Lithuania",40,1,13.07,0.964827044054033,12.6102894657862,0.459710534213784,12.96542816,-0.355138694213784
484,"Mexico",40,1,9.22,0.911116442152721,8.40049359664809,0.819506403351909,7.534466526,0.866027070648092
51,"Armenia",40,1,10.92,0.934875969457244,10.2088455864731,0.711154413526897,10.60309069,-0.394245103526897
528,"Netherlands",40,1,12.72,1.10360197080753,14.0378170686718,-1.31781706867178,14.15893142,-0.121114351328215
554,"New Zealand",40,1,13.59,1.03990084342093,14.1322524620904,-0.542252462090387,14.67420561,-0.541953147909613
56,"Belgium",40,1,12.45,1.02911209866707,12.812445628405,-0.362445628404986,13.21563425,-0.403188621595016
578,"Norway",40,1,12.89,1.04290398250026,13.4430323344283,-0.553032334428337,14.06710051,-0.624068175571661
604,"Peru",40,1,10.39,0.741778535984627,7.70707898888028,2.68292101111972,7.292038927,0.415040061880277
616,"Poland",40,1,12.95,0.973458330320193,12.6062853776465,0.343714622353502,12.7988414,-0.192556022353504
643,"Russia",40,1,9.75,1.13403835588122,11.0568739698419,-1.30687396984191,10.12165584,0.935218129841907
68,"Bolivia",40,1,9.56,0.677862042057083,6.48036112206571,3.07963887793429,7.445772015,-0.965410892934287
702,"Singapore",40,1,14.58,0.943486730769011,13.7560365346122,0.823963465387823,14.59499067,-0.838954135387823
703,"Slovakia",40,1,12.9,1.02483174798959,13.2203295490658,-0.320329549065757,13.35258205,-0.132252500934243
704,"Viet Nam",40,1,7.68,0.908790862767616,6.97951382605529,0.700486173944712,6.69336152,0.286152306055288
705,"Slovenia",40,1,12.07,0.978707272483387,11.8129967788745,0.257003221125517,11.80792279,0.00507398887448396
724,"Spain",40,1,11.49,0.993609215776235,11.4165698892689,0.0734301107310653,11.12256674,0.294003149268935
752,"Sweden",40,1,12.89,1.05234806405208,13.5647665456314,-0.674766545631357,13.74064372,-0.175877174368642
792,"Turkey",40,1,9.62,0.937586092029764,9.01957820532632,0.600421794673675,8.188957392,0.830620813326323
804,"Ukraine",40,1,10.59,1.01131139854661,10.7097877106086,-0.119787710608644,10.53688422,0.172903490608645
826,"United Kingdom",40,1,13.41,1.03512484307915,13.8810241456914,-0.471024145691409,13.89705423,-0.016030084308591
840,"USA",40,1,12.77,0.985764472506351,12.5882123139061,0.181787686093896,13.12711974,-0.538907426093896
124,"Canada",40,2,13.74,0.987541930316291,13.5688261225458,0.171173877454162,14.41825491,-0.849428787454162
152,"Chile",40,2,11.64,0.813712620342631,9.47161490078823,2.16838509921177,9.185418666,0.286196234788228
170,"Colombia",40,2,8.39,0.630130542235243,5.28679524935369,3.10320475064631,7.297233532,-2.01043828264631
196,"Cyprus",40,2,13.32,0.992018448357724,13.2136857321249,0.106314267875121,13.6262927,-0.412606967875121
203,"Czechia",40,2,12.83,0.996479385530164,12.784830516352,0.0451694836479994,12.96462008,-0.179789563647999
208,"Denmark",40,2,13.23,1.0158333369181,13.4394750474265,-0.209475047426482,13.88408197,-0.444606922573518
218,"Ecuador",40,2,9.22,0.68498320036781,6.31554510739121,2.90445489260879,6.813600979,-0.498055871608791
233,"Estonia",40,2,14.01,1.00270885642023,14.0479510784474,-0.0379510784473656,14.70211384,-0.654162761552636
246,"Finland",40,2,13.99,1.07265344755542,15.0064217313004,-1.01642173130039,15.81961667,-0.813194938699612
250,"France",40,2,12.61,0.990298823652832,12.4876681662622,0.122331833737784,12.61427708,-0.126608913737785
268,"Georgia",40,2,12.9,0.86596343534567,11.1709283159591,1.72907168404086,12.1803786,-1.00945028404086
276,"Germany",40,2,13.76,1.02252262774701,14.0699113577988,-0.309911357798805,14.3876325,-0.317721142201195
288,"Ghana",40,2,5.71,0.375716076787202,2.14533879845492,3.56466120154508,2.093044267,0.0522945314549235
300,"Greece",40,2,12.36,0.971193385528598,12.0039502451335,0.356049754866532,12.11413628,-0.110186034866533
348,"Hungary",40,2,12.73,1.0009463749741,12.7420473534203,-0.0120473534203214,13.06516697,-0.323119616579678
372,"Ireland",40,2,12.36,0.990337166663502,12.2405673799609,0.119432620039111,12.57538191,-0.334814530039113
376,"Israel",40,2,12.01,0.921521634387935,11.0674748289991,0.942525171000906,11.66326117,-0.595786341000906
380,"Italy",40,2,12.7,0.986828856529306,12.5327264779222,0.167273522077814,12.12548311,0.407243367922186
392,"Japan",40,2,14.09,1.09413895080159,15.4164178167943,-1.32641781679434,16.14248292,-0.726065103205661
398,"Kazakhstan",40,2,10.94,0.929700083900039,10.1709189178664,0.769081082133571,10.41318688,-0.242267962133571
40,"Austria",40,2,12.15,1.00939019679203,12.2640908910232,-0.114090891023208,12.33870682,-0.074615928976792
404,"Kenya",40,2,7.9,0.432548225437721,3.417130980958,4.482869019042,4.320626918,-0.903495937042004
410,"South Korea",40,2,13.34,0.980295755743132,13.0771453816134,0.262854618386624,13.51383296,-0.436687578386625
440,"Lithuania",40,2,13.72,0.952845815742988,13.0730445919938,0.646955408006209,13.84888446,-0.775839868006209
484,"Mexico",40,2,9.01,0.932304742091362,8.40006572624317,0.609934273756826,7.606686128,0.793379598243174
51,"Armenia",40,2,11.06,0.923628954237802,10.2153362338701,0.844663766129909,10.66091959,-0.445583356129909
528,"Netherlands",40,2,12.65,1.09345259610374,13.8321753407124,-1.18217534071237,13.73261795,0.0995573907123664
554,"New Zealand",40,2,13.76,1.04936308738622,14.4392360824343,-0.679236082434331,14.89486705,-0.45563096756567
56,"Belgium",40,2,12.21,1.02145102198547,12.4719169784426,-0.261916978442629,12.9704708,-0.498553821557369
578,"Norway",40,2,13.22,1.03827339705,13.7259743090011,-0.50597430900106,14.25173049,-0.52575618099894
604,"Peru",40,2,9.87,0.733701825247304,7.24163701519089,2.62836298480911,6.554311426,0.687325589190888
616,"Poland",40,2,13.69,0.978588982446459,13.396883169692,0.293116830307977,13.9114424,-0.514559230307977
643,"Russia",40,2,9.85,1.18282814171649,11.6508571959074,-1.80085719590743,10.510504,1.14035319590743
68,"Bolivia",40,2,8.71,0.608319583789474,5.29846357480632,3.41153642519368,5.442719601,-0.144256026193683
702,"Singapore",40,2,14.13,0.930082354493816,13.1420636689976,0.987936331002384,13.33447772,-0.192414051002384
703,"Slovakia",40,2,13.19,1.015203585794,13.3905352966229,-0.200535296622879,13.49530221,-0.104766913377121
704,"Viet Nam",40,2,7.44,0.916211888530729,6.81661645066862,0.623383549331378,6.294537656,0.522078794668622
705,"Slovenia",40,2,12.43,0.971657185224579,12.0776988123415,0.352301187658481,12.38524017,-0.307541357658481
724,"Spain",40,2,12.32,0.967474354682387,11.919284049687,0.400715950312993,11.86769308,0.0515909696870072
752,"Sweden",40,2,13.31,1.04971000180658,13.9716401240456,-0.661640124045636,14.36337795,-0.391737825954364
792,"Turkey",40,2,8.16,0.949368670687926,7.74684835281348,0.413151647186524,6.794474664,0.952373688813476
804,"Ukraine",40,2,10.84,0.982070895273301,10.6456485047626,0.19435149523742,10.99522455,-0.34957604523742
826,"United Kingdom",40,2,13.56,1.03933475369546,14.0933792601104,-0.533379260110431,14.28331141,-0.189932149889568
840,"USA",40,2,13.14,0.988663610840094,12.9910398464388,0.148960153561164,13.47351631,-0.482476463561165
124,"Canada",45,1,13.38,0.984790050435703,13.1764908748297,0.203509125170298,14.01773113,-0.841240255170296
152,"Chile",45,1,11.19,0.845116494608331,9.45685357466722,1.73314642533278,9.146549032,0.310304542667222
170,"Colombia",45,1,7.49,0.90887104772265,6.80744414744265,0.682555852557351,6.264672571,0.542771576442649
196,"Cyprus",45,1,12.9,1.01841532355042,13.1375576738004,-0.237557673800378,13.40976532,-0.272207646199622
203,"Czechia",45,1,12.73,1.05094497660718,13.3785295522094,-0.648529552209352,13.34794812,0.0305814322093525
208,"Denmark",45,1,12.56,1.01510615170712,12.7497332654414,-0.189733265441443,12.82863648,-0.0789032145585562
218,"Ecuador",45,1,8.92,0.818627588327678,7.30215808788289,1.61784191211711,6.738076822,0.564081265882889
233,"Estonia",45,1,12.93,1.00052407182711,12.9367762487246,-0.00677624872458971,13.3123766,-0.375600351275411
246,"Finland",45,1,13.12,1.06831795446971,14.0163315626426,-0.896331562642583,14.53464324,-0.518311677357417
250,"France",45,1,12.14,0.988012134017493,11.9944673069724,0.14553269302764,11.95253043,0.0419368769723611
268,"Georgia",45,1,12.49,0.819216705113649,10.2320166468695,2.25798335313053,11.26460129,-1.03258464313053
276,"Germany",45,1,13.95,0.985918736254477,13.75356637075,0.196433629250043,14.2713078,-0.517741429250044
288,"Ghana",45,1,7.78,0.562657563544872,4.37747584437911,3.40252415562089,4.249167087,0.128308757379108
300,"Greece",45,1,11.58,0.994526478590038,11.5166166220726,0.063383377927364,11.43173716,0.0848794620726352
348,"Hungary",45,1,12.22,1.00623291590449,12.2961662323529,-0.0761662323528558,12.36265457,-0.0664883376471437
372,"Ireland",45,1,11.73,0.987820470508935,11.5871341190698,0.14286588093019,11.60718257,-0.0200484509301901
376,"Israel",45,1,11.22,0.932832185007143,10.4663771157801,0.753622884219853,10.89525935,-0.428882234219852
380,"Italy",45,1,11.47,1.02393431801094,11.7445266275855,-0.274526627585503,11.00247222,0.742054407585504
392,"Japan",45,1,13.73,1.09983246931658,15.1006998037166,-1.37069980371662,15.79801667,-0.697316866283382
398,"Kazakhstan",45,1,10.6,0.920105776421761,9.75312123007067,0.846878769929329,9.930367564,-0.177246333929331
40,"Austria",45,1,12.52,1.01971126805774,12.7667850760829,-0.246785076082885,13.00517227,-0.238387193917115
404,"Kenya",45,1,9.08,0.490694023599029,4.45550173427918,4.62449826572082,5.946320708,-1.49081897372082
410,"South Korea",45,1,13.32,0.983724213316034,13.1032065213696,0.21679347863043,13.56515586,-0.461949338630431
440,"Lithuania",45,1,13.37,0.961860399232495,12.8600735377385,0.509926462261541,13.46165013,-0.601576592261543
484,"Mexico",45,1,9.06,0.901867607159232,8.17092052086264,0.889079479137362,7.388884643,0.782035877862639
51,"Armenia",45,1,10.86,0.894230042623261,9.71133826288862,1.14866173711138,10.52215935,-0.810821087111384
528,"Netherlands",45,1,12.52,1.08311908098545,13.5606508939379,-1.04065089393785,13.54960823,0.0110426639378538
554,"New Zealand",45,1,13.41,1.03506292780534,13.8801938618696,-0.470193861869582,14.4302265,-0.550032638130418
56,"Belgium",45,1,12.11,1.0375377476016,12.5645821234554,-0.45458212345536,12.8613453,-0.296763176544641
578,"Norway",45,1,12.65,1.05737492012616,13.3757927395959,-0.725792739595875,13.80109096,-0.425298220404125
604,"Peru",45,1,10.15,0.76509043554913,7.76566792082367,2.38433207917633,7.257274104,0.508393816823671
616,"Poland",45,1,12.63,0.986352690089898,12.4576344758354,0.172365524164583,12.40259986,0.0550346158354174
643,"Russia",45,1,9.83,1.15541324967447,11.3577122443001,-1.52771224430009,10.51357353,0.844138714300085
68,"Bolivia",45,1,8.98,0.499239143237278,4.48316750627075,4.49683249372925,5.568072888,-1.08490538172925
702,"Singapore",45,1,13.59,0.950026999478582,12.9108669229139,0.679133077086075,13.42483831,-0.513971387086075
703,"Slovakia",45,1,12.79,1.040913443279,13.3132829395385,-0.523282939538472,13.37172773,-0.0584447904615288
704,"Viet Nam",45,1,7.78,0.922141894081703,7.17426393595565,0.605736064044353,6.69067175,0.483592185955647
705,"Slovenia",45,1,11.92,0.976806586872185,11.6435345155164,0.276465484483559,11.649309,-0.00577448448355966
724,"Spain",45,1,11.19,1.01476272336522,11.3551948744568,-0.165194874456807,10.83959357,0.515601304456807
752,"Sweden",45,1,12.66,1.04804425138717,13.2682402225615,-0.608240222561511,13.55489608,-0.28665585743849
792,"Turkey",45,1,9.22,0.964057162408858,8.88860703740967,0.331392962590334,8.190417795,0.698189242409667
804,"Ukraine",45,1,10.52,0.888801042615707,9.35018696831724,1.16981303168276,10.99206108,-1.64187411168276
826,"United Kingdom",45,1,13.04,1.04103447923475,13.5750896092212,-0.535089609221195,13.54632064,0.0287689692211952
840,"USA",45,1,12.78,0.978394832431353,12.5038859584727,0.276114041527309,12.88617935,-0.382293391527311
124,"Canada",45,2,13.55,0.975230354029757,13.2143712971032,0.335628702896795,14.0083775,-0.794006202896794
152,"Chile",45,2,11.23,0.811630270330342,9.11460793580974,2.11539206419026,9.079157212,0.0354507238097366
170,"Colombia",45,2,7.91,0.882878950051695,6.98357249490891,0.92642750509109,6.140827174,0.84274532090891
196,"Cyprus",45,2,12.91,1.02035698561089,13.1728086842366,-0.262808684236616,13.39881247,-0.226003785763384
203,"Czechia",45,2,12.72,1.01128182733562,12.8635048437091,-0.143504843709076,12.87268993,-0.00918508629092329
208,"Denmark",45,2,12.93,1.00834423503066,13.0378909589464,-0.107890958946372,13.38032106,-0.342430101053628
218,"Ecuador",45,2,8.93,0.783342262704581,6.99524640595191,1.93475359404809,6.445580874,0.549665531951909
233,"Estonia",45,2,13.98,0.99326665861105,13.8858678873825,0.0941321126175172,14.6226675,-0.736799612617517
246,"Finland",45,2,13.72,1.05254896428188,14.4409717899474,-0.720971789947413,15.37817619,-0.937204400052586
250,"France",45,2,12.16,0.977146645653445,11.8821032111459,0.277896788854115,11.77846232,0.103640891145886
268,"Georgia",45,2,12.75,0.877946003524607,11.1938115449387,1.55618845506126,12.13609065,-0.942279105061264
276,"Germany",45,2,13.65,0.995091286113501,13.5829960554493,0.0670039445507129,13.97644355,-0.393447494550713
288,"Ghana",45,2,5.35,0.391128159826324,2.09253565507083,3.25746434492917,2.14142945,-0.0488937949291688
300,"Greece",45,2,11.97,0.988941871397843,11.8376342006322,0.132365799367818,11.8142713,0.0233629006321827
348,"Hungary",45,2,12.4,0.991333392637557,12.2925340687057,0.107465931294296,12.71608407,-0.423550001294297
372,"Ireland",45,2,11.92,0.959178926535134,11.4334128042988,0.486587195701201,11.78232621,-0.348913405701202
376,"Israel",45,2,11.91,0.924492589176269,11.0107067370894,0.899293262910637,11.41366253,-0.402955792910637
380,"Italy",45,2,12.02,0.990069676573004,11.9006375124075,0.119362487592495,11.4539571,0.446680412407504
392,"Japan",45,2,13.85,1.0916474535437,15.1193172315802,-1.26931723158022,15.88735886,-0.76804162841978
398,"Kazakhstan",45,2,10.89,0.931900844065825,10.1484001918768,0.741599808123169,10.49642456,-0.348024368123168
40,"Austria",45,2,11.88,1.01858690274303,12.1008124045872,-0.22081240458721,12.17872067,-0.0779082654127894
404,"Kenya",45,2,7.37,0.667533262242794,4.91972014272939,2.45027985727061,4.224176004,0.695544138729389
410,"South Korea",45,2,12.83,0.987508534597767,12.6697344988894,0.160265501110649,12.89133081,-0.221596311110648
440,"Lithuania",45,2,14.04,0.947357269774374,13.3008960676322,0.739103932367794,14.22795599,-0.927059922367794
484,"Mexico",45,2,8.61,0.918155782753929,7.90532128951133,0.704678710488669,7.079393192,0.82592809751133
51,"Armenia",45,2,11,0.922317650677975,10.1454941574577,0.85450584254227,10.72073536,-0.575241202542271
528,"Netherlands",45,2,12.28,1.06687090236972,13.1011746811002,-0.821174681100192,13.08657326,0.0146014211001919
554,"New Zealand",45,2,13.52,1.05774475721197,14.3007091175059,-0.780709117505852,14.69737397,-0.396664852494148
56,"Belgium",45,2,11.94,1.0158821241491,12.1296325623403,-0.18963256234027,12.58018475,-0.450552187659731
578,"Norway",45,2,12.85,1.03543797841788,13.3053780226698,-0.455378022669763,13.72659908,-0.421221057330238
604,"Peru",45,2,9.35,0.774154517766996,7.23834474112142,2.11165525887858,6.528145762,0.710198979121415
616,"Poland",45,2,13.22,1.00241148623832,13.2518798480705,-0.0318798480705471,13.76118695,-0.509307101929453
643,"Russia",45,2,9.9,1.15373381794148,11.4219647976207,-1.52196479762066,10.52856792,0.893396877620656
68,"Bolivia",45,2,7.92,0.650549789224467,5.15235433065778,2.76764566934222,4.902585391,0.249768939657777
702,"Singapore",45,2,13.04,0.955982450614339,12.466011156011,0.573988843989023,12.30066218,0.165348976010977
703,"Slovakia",45,2,12.94,1.03021618178534,13.3309973923023,-0.390997392302298,13.50800922,-0.177011827697703
704,"Viet Nam",45,2,7.28,0.913991269287212,6.6538564404109,0.626143559589097,6.027897583,0.625958857410904
705,"Slovenia",45,2,12.02,0.973129425120286,11.6970156899458,0.322984310054167,11.79388099,-0.0968653000541675
724,"Spain",45,2,11.69,0.997394894037767,11.6595463113015,0.0304536886985058,11.32500594,0.334540371301493
752,"Sweden",45,2,12.97,1.0458201998966,13.5642879926589,-0.594287992658865,14.13037588,-0.566087887341135
792,"Turkey",45,2,7.58,0.996217868414805,7.55133144258422,0.0286685574157808,6.377540535,1.17379090758422
804,"Ukraine",45,2,10.73,0.938855953721768,10.0739243834346,0.656075616565435,11.05278622,-0.978861836565434
826,"United Kingdom",45,2,13.06,1.04084675639466,13.5934586385143,-0.53345863851426,13.72209774,-0.12863910148574
840,"USA",45,2,13.05,0.988029527623176,12.8937853354824,0.156214664517556,13.41875592,-0.524970584517556
124,"Canada",50,1,13.18,0.977683072825182,12.8858628998359,0.294137100164104,13.52979301,-0.643930110164105
152,"Chile",50,1,10.77,0.747821769959092,8.05404046245942,2.71595953754058,8.455853747,-0.401813284540584
170,"Colombia",50,1,7.26,0.553435473113564,4.01794153480448,3.24205846519552,6.269355716,-2.25141418119552
196,"Cyprus",50,1,12.62,1.0395561283624,13.1191983399335,-0.499198339933509,13.06549433,0.053704009933508
203,"Czechia",50,1,12.77,1.00951141985399,12.8914608315355,-0.121460831535472,13.00245543,-0.110994598464528
208,"Denmark",50,1,12.38,1.00252351084951,12.4112410643169,-0.0312410643169088,12.52174092,-0.11049985568309
218,"Ecuador",50,1,8.7,0.667653821610661,5.80858824801275,2.89141175198725,6.346784784,-0.538196535987252
233,"Estonia",50,1,13.16,0.992266489998669,13.0582270083825,0.101772991617523,13.52551518,-0.467288171617522
246,"Finland",50,1,13.03,1.04334629535363,13.5948022284578,-0.564802228457804,13.95061291,-0.355810681542197
250,"France",50,1,11.74,0.983196577251382,11.5427278169312,0.19727218306878,11.33069244,0.212035376931221
268,"Georgia",50,1,12.51,0.815686334396283,10.2042360432975,2.30576395670249,10.97346689,-0.769230846702493
276,"Germany",50,1,13.91,0.983747660004391,13.6839299506611,0.226070049338915,14.25071386,-0.566783909338914
288,"Ghana",50,1,7.71,0.56671063384528,4.36933898694711,3.34066101305289,5.125455023,-0.756116036052892
300,"Greece",50,1,11.41,0.978437374411484,11.163970442035,0.246029557964969,10.95583101,0.208139432035031
348,"Hungary",50,1,12.18,0.985854790575722,12.0077113492123,0.17228865078771,12.01765814,-0.00994679078771021
372,"Ireland",50,1,11.14,1.02647711642368,11.4349550769598,-0.294955076959834,11.34063442,0.0943206569598338
376,"Israel",50,1,11.23,0.915775240504257,10.2841559508628,0.945844049137198,10.41155696,-0.127401009137198
380,"Italy",50,1,11.13,1.0075420238711,11.2139427256853,-0.0839427256853487,10.57657983,0.637362895685349
392,"Japan",50,1,13.74,1.08466724077218,14.9033278882097,-1.1633278882097,15.61757279,-0.714244901790297
398,"Kazakhstan",50,1,10.59,0.923787029388881,9.78290464122825,0.807095358771754,9.967790622,-0.184885980771755
40,"Austria",50,1,12.39,1.00211496219459,12.416204381591,-0.026204381591004,12.63227475,-0.216070368408996
404,"Kenya",50,1,8.57,0.548065121961789,4.69691809521253,3.87308190478747,5.150633532,-0.453715436787465
410,"South Korea",50,1,12.84,0.994813782665685,12.7734089694274,0.066591030572603,12.83189886,-0.0584898905726039
440,"Lithuania",50,1,13.56,0.909127003163045,12.3277621628909,1.23223783710912,12.94803007,-0.620267907109115
484,"Mexico",50,1,8.72,0.897685138730727,7.82781440973194,0.892185590268062,7.044561605,0.783252804731938
51,"Armenia",50,1,10.81,0.901056917892174,9.7404252824144,1.0695747175856,10.61989482,-0.879469537585601
528,"Netherlands",50,1,12.28,1.07117611337435,13.1540426722371,-0.874042672237058,13.19786076,-0.0438180877629417
554,"New Zealand",50,1,13.25,1.06002369388819,14.0453139440185,-0.795313944018488,14.34468404,-0.299370095981512
56,"Belgium",50,1,11.68,1.04855567215113,12.2471302507252,-0.567130250725192,12.38351892,-0.136388669274808
578,"Norway",50,1,12.47,1.02993950316011,12.8433456044066,-0.373345604406595,13.24853549,-0.405189885593405
604,"Peru",50,1,9.79,0.758508228837107,7.42579556031528,2.36420443968472,6.797743226,0.628052334315281
616,"Poland",50,1,12.44,0.96258040313419,11.9745002149893,0.465499785010673,11.9981254,-0.0236251850106726
643,"Russia",50,1,9.84,1.11185555741962,10.9406586850091,-1.10065868500908,10.55345779,0.387200895009084
68,"Bolivia",50,1,8.55,0.50327822936433,4.30302886106502,4.24697113893498,5.646389124,-1.34336026293498
702,"Singapore",50,1,12.33,0.909889102435196,11.218932633026,1.11106736697403,11.21867426,0.000258373025967984
703,"Slovakia",50,1,12.74,1.03789382593297,13.222767342386,-0.482767342386014,13.12187644,0.100890902386015
704,"Viet Nam",50,1,7.94,0.930223441018907,7.38597412169012,0.55402587830988,6.880933856,0.50504026569012
705,"Slovenia",50,1,11.74,0.938262855828536,11.015205927427,0.724794072572987,11.04614512,-0.0309391925729869
724,"Spain",50,1,10.77,0.991533681176488,10.6788177462708,0.0911822537292206,10.26648634,0.412331406270779
752,"Sweden",50,1,12.46,1.03988401613548,12.9569548410481,-0.496954841048124,13.07488981,-0.117934968951875
792,"Turkey",50,1,8.71,0.952787720759777,8.29878104781766,0.411218952182338,7.469455943,0.829325104817663
804,"Ukraine",50,1,10.6,0.980404733174368,10.3922901716483,0.207709828351701,10.52422979,-0.131939618351701
826,"United Kingdom",50,1,12.85,1.0455221238941,13.4349592920391,-0.584959292039134,13.59175512,-0.156795827960867
840,"USA",50,1,12.71,0.999905865134354,12.7088035458576,0.00119645414235947,13.08852452,-0.379720974142359
124,"Canada",50,2,13.26,0.984061626490929,13.0486571672697,0.211342832730287,13.67844487,-0.629787702730287
152,"Chile",50,2,10.7,0.800805120272677,8.56861478691765,2.13138521308235,8.241429779,0.327185007917645
170,"Colombia",50,2,7.52,0.549753471189413,4.13414610334438,3.38585389665562,5.888974496,-1.75482839265562
196,"Cyprus",50,2,12.5,1.04237841422182,13.0297301777728,-0.529730177772755,13.23362187,-0.203891692227245
203,"Czechia",50,2,12.6,1.01696327714216,12.8137372919912,-0.213737291991205,12.993665,-0.179927708008796
208,"Denmark",50,2,12.64,1.00253390876791,12.6720286068264,-0.0320286068263584,13.04334002,-0.371311413173641
218,"Ecuador",50,2,8.47,0.782117783219124,6.62453762386598,1.84546237613402,6.06884283,0.555694793865976
233,"Estonia",50,2,14.08,0.982306751586283,13.8308790623349,0.249120937665134,14.76060608,-0.929727017665135
246,"Finland",50,2,13.61,1.0332907008951,14.0630864391823,-0.453086439182254,14.675053,-0.611966560817747
250,"France",50,2,11.6,1.00004621842829,11.6005361337681,-0.000536133768116898,11.62130102,-0.0207648862318841
268,"Georgia",50,2,12.63,0.871364112591149,11.0053287420262,1.62467125797379,11.95408458,-0.948755837973788
276,"Germany",50,2,13.53,0.969252472251811,13.113985949567,0.416014050433001,13.50550842,-0.391522470433001
288,"Ghana",50,2,5.4,0.383909907069415,2.07311349817484,3.32688650182516,1.821863708,0.25124979017484
300,"Greece",50,2,11.38,1.00296558504487,11.4137483578106,-0.0337483578105644,11.25365051,0.160097847810565
348,"Hungary",50,2,12.18,0.9837140760989,11.9816374468846,0.198362553115402,12.44019544,-0.458557993115402
372,"Ireland",50,2,11.46,0.99709334793786,11.4266897673679,0.0333102326321288,11.58124639,-0.154556622632128
376,"Israel",50,2,11.76,0.924217852030733,10.8688019398814,0.891198060118583,11.33340453,-0.464602590118583
380,"Italy",50,2,11.45,1.02574120523785,11.7447367999734,-0.294736799973437,11.19716836,0.547568439973437
392,"Japan",50,2,13.73,1.09079626219924,14.9766326799956,-1.24663267999562,15.81060745,-0.833974770004383
398,"Kazakhstan",50,2,10.8,0.930482115356074,10.0492068458456,0.750793154154398,10.58523502,-0.536028174154398
40,"Austria",50,2,11.52,1.01931426248221,11.742500303795,-0.222500303795032,11.83113967,-0.0886393662049691
404,"Kenya",50,2,6.48,0.395832484236855,2.56499449785482,3.91500550214518,3.206922231,-0.641927733145176
410,"South Korea",50,2,11.99,0.985125381618838,11.8116533256099,0.178346674390127,11.63686201,0.174791315609873
440,"Lithuania",50,2,14.08,0.963925557626079,13.5720718513752,0.50792814862481,14.57511169,-1.00303983862481
484,"Mexico",50,2,7.97,0.901625749525908,7.18595722372149,0.784042776278509,6.371208324,0.81474889972149
51,"Armenia",50,2,10.87,0.927637166572246,10.0834160006403,0.786583999359687,10.70577524,-0.622359239359687
528,"Netherlands",50,2,11.93,1.05658203094673,12.6050236291945,-0.67502362919452,12.62034561,-0.0153219808054796
554,"New Zealand",50,2,13.27,1.05912387908767,14.0545738754934,-0.784573875493432,14.55507182,-0.500497944506568
56,"Belgium",50,2,11.58,0.997414420791156,11.5500589927616,0.0299410072384116,11.77697911,-0.226920117238411
578,"Norway",50,2,12.53,1.02716723177765,12.8704054141739,-0.340405414173945,13.27913875,-0.408733335826055
604,"Peru",50,2,8.8,0.770916966807849,6.78406930790907,2.01593069209093,5.925055345,0.859013962909069
616,"Poland",50,2,12.94,0.980231443600152,12.684194880186,0.255805119814033,13.16112784,-0.476932959814034
643,"Russia",50,2,9.91,1.17639940286584,11.6581180824005,-1.74811808240046,10.6956115,0.962506582400456
68,"Bolivia",50,2,7.26,0.608194664054256,4.4154932610339,2.8445067389661,4.562849409,-0.147356147966103
702,"Singapore",50,2,11.73,0.917832892605544,10.766179830263,0.963820169736969,10.55895461,0.20722522026303
703,"Slovakia",50,2,12.75,1.03999449017162,13.2599297496882,-0.509929749688162,13.38681253,-0.126882780311838
704,"Viet Nam",50,2,7.11,0.916746634029837,6.51806856795214,0.591931432047861,6.23353854,0.284530027952139
705,"Slovenia",50,2,11.59,0.952725160848525,11.0420846142344,0.547915385765595,11.07323097,-0.0311463557655944
724,"Spain",50,2,11.01,0.966828207085128,10.6447785600073,0.365221439992739,10.35418454,0.29059402000726
752,"Sweden",50,2,12.72,1.03268356410656,13.1357349354355,-0.415734935435468,13.38573741,-0.250002474564532
792,"Turkey",50,2,6.79,0.991414094583243,6.73170170222022,0.0582982977797801,5.582864202,1.14883750022022
804,"Ukraine",50,2,10.78,1.0074172535889,10.8599579936884,-0.0799579936883728,11.53445481,-0.674496816311628
826,"United Kingdom",50,2,12.81,1.02641743991158,13.1484074052674,-0.338407405267379,13.28305536,-0.134647954732621
840,"USA",50,2,12.91,0.998553699520902,12.8913282608148,0.018671739185157,13.43230548,-0.540977219185157
124,"Canada",55,1,12.99,0.992800093862883,12.8964732192789,0.0935267807211435,13.52083718,-0.624363960721142
152,"Chile",55,1,10.46,0.823266078036717,8.61136317626407,1.84863682373594,8.310515816,0.300847360264065
170,"Colombia",55,1,6.94,0.546765537024243,3.79455282694825,3.14544717305175,5.300888357,-1.50633553005175
196,"Cyprus",55,1,12.22,1.03662418945303,12.667547595116,-0.447547595116049,12.58947887,0.078068725116049
203,"Czechia",55,1,12.74,1.01549218210937,12.9373704000733,-0.197370400073348,13.17916931,-0.241798909926652
208,"Denmark",55,1,12.29,0.998676359590151,12.273732459363,0.0162675406370472,12.44515372,-0.171421260637048
218,"Ecuador",55,1,8.18,0.811702730966228,6.63972833930375,1.54027166069625,6.000772815,0.638955524303747
233,"Estonia",55,1,13.25,0.992660157930962,13.1527470925852,0.0972529074147577,13.58929611,-0.436549017414757
246,"Finland",55,1,12.84,1.02163852097327,13.1178386092967,-0.277838609296724,13.37578718,-0.257948570703276
250,"France",55,1,11.4,0.983376093042051,11.2104874606794,0.189512539320615,10.90316058,0.307326880679385
268,"Georgia",55,1,12.49,0.787827665827182,9.8399675461815,2.6500324538185,11.24119618,-1.4012286338185
276,"Germany",55,1,13.95,0.996105097768081,13.8956661138647,0.0543338861352662,14.64700949,-0.751343376135267
288,"Ghana",55,1,7.85,0.47461854920167,3.72575561123311,4.12424438876689,4.581392888,-0.85563727676689
300,"Greece",55,1,11.08,1.0006246726145,11.0869213725687,-0.00692137256870673,10.76833645,0.318584922568707
348,"Hungary",55,1,12.08,0.951504356239754,11.4941726233762,0.58582737662377,11.64970916,-0.155536536623771
372,"Ireland",55,1,10.73,1.0279585246399,11.0299949693862,-0.299994969386159,10.6764915,0.35350346938616
376,"Israel",55,1,11.21,0.894146211148052,10.0233790269697,1.18662097303033,10.01485676,0.00852226696966873
380,"Italy",55,1,10.99,0.986325966872658,10.8397223759305,0.150277624069494,10.13384963,0.705872745930506
392,"Japan",55,1,13.6,1.07708368385083,14.6483381003713,-1.04833810037128,15.26957717,-0.62123906962872
398,"Kazakhstan",55,1,10.54,0.938886143805701,9.89585995571209,0.644140044287907,10.26709032,-0.371230364287907
40,"Austria",55,1,12.18,0.966128372822405,11.7674435809769,0.412556419023103,12.09202954,-0.324585959023103
404,"Kenya",55,1,7.77,0.657998953462731,5.11265186840542,2.65734813159458,5.11733484,-0.00468297159458242
410,"South Korea",55,1,12.07,1.02027448782498,12.3147130680475,-0.24471306804749,12.12437767,0.190335398047491
440,"Lithuania",55,1,13.61,0.943108002376628,12.8356999123459,0.774300087654096,13.642489,-0.806789087654096
484,"Mexico",55,1,8.15,0.908651763492218,7.40551187246157,0.744488127538426,6.621299328,0.784212544461575
51,"Armenia",55,1,10.83,0.919123301577375,9.95410535608297,0.875894643917029,10.42445281,-0.470347453917029
528,"Netherlands",55,1,12.22,1.04341969946814,12.7505887275007,-0.530588727500707,12.64316126,0.107427467500708
554,"New Zealand",55,1,13.02,1.05401775295352,13.7233111434548,-0.703311143454831,14.15109731,-0.42778616654517
56,"Belgium",55,1,11.24,1.01534706267499,11.4125009844669,-0.172500984466888,11.38410245,0.0283985344668878
578,"Norway",55,1,12.5,1.01499879029535,12.6874848786919,-0.187484878691864,13.18045348,-0.492968601308137
604,"Peru",55,1,9.48,0.76506880349732,7.25285225715459,2.22714774284541,6.705311028,0.547541229154594
616,"Poland",55,1,12.29,0.959214459117176,11.7887457025501,0.501254297449909,11.85512125,-0.0663755474499101
643,"Russia",55,1,9.77,1.14588497961229,11.1952962508121,-1.42529625081211,10.59729758,0.597998670812112
68,"Bolivia",55,1,8.23,0.463540210705668,3.81493593410765,4.41506406589236,4.547125497,-0.732189562892354
702,"Singapore",55,1,11.4,0.913707806562297,10.4162689948102,0.983731005189817,9.966393793,0.449875201810183
703,"Slovakia",55,1,12.7,1.02596150882642,13.0297111620955,-0.329711162095496,13.0336804,-0.00396923790450465
704,"Viet Nam",55,1,7.82,0.936040226366775,7.31983457018818,0.50016542981182,7.256226789,0.0636077811881801
705,"Slovenia",55,1,11.45,0.911729037601912,10.4392974805419,1.0107025194581,10.28720396,0.152093520541898
724,"Spain",55,1,10.4,0.970940229769747,10.0977783896054,0.302221610394636,9.429091379,0.668687010605364
752,"Sweden",55,1,12.27,1.05558012196446,12.9519680965039,-0.681968096503883,13.25460761,-0.302639513496118
792,"Turkey",55,1,8.21,0.956907318573393,7.85620908548755,0.353790914512447,6.983050634,0.873158451487554
804,"Ukraine",55,1,10.6,0.903528925070818,9.57740660575067,1.02259339424933,11.44427364,-1.86686703424933
826,"United Kingdom",55,1,12.8,1.04335155249361,13.3548998719182,-0.554899871918174,13.24274378,0.112156091918175
840,"USA",55,1,12.73,0.998552739350716,12.7115763719346,0.0184236280653884,13.22175155,-0.510175178065388
124,"Canada",55,2,13,0.989620962925442,12.8650725180308,0.134927481969248,13.59650005,-0.731427531969247
152,"Chile",55,2,10.28,0.810027561804991,8.3270833353553,1.95291666464469,8.001078021,0.326005314355305
170,"Colombia",55,2,6.98,0.769476568135449,5.37094644558544,1.60905355441456,5.699009821,-0.328063375414563
196,"Cyprus",55,2,11.96,1.06213678884838,12.7031559946267,-0.743155994626656,12.78467014,-0.0815141453733421
203,"Czechia",55,2,12.3,1.05338274136107,12.9566077187412,-0.656607718741203,13.04282621,-0.086218491258796
208,"Denmark",55,2,12.41,0.995753469826034,12.3573005605411,0.0526994394589178,12.75150887,-0.394208309458918
218,"Ecuador",55,2,7.69,0.81053763561665,6.23303441789204,1.45696558210796,5.721937297,0.511097120892036
233,"Estonia",55,2,14.04,0.976135063866977,13.7049362966924,0.335063703307636,14.80270944,-1.09777314330764
246,"Finland",55,2,13.3,1.01416285995804,13.4883660374419,-0.188366037441938,14.15987519,-0.671509152558061
250,"France",55,2,11.05,0.987154783164513,10.9080603539679,0.141939646032128,10.74659005,0.161470303967873
268,"Georgia",55,2,12.49,0.865836398201854,10.8142966135412,1.67570338645884,11.95643783,-1.14214121645884
276,"Germany",55,2,13.39,0.98222082680146,13.1519368708715,0.238063129128456,13.63309697,-0.481160099128456
288,"Ghana",55,2,5.39,0.313174326121403,1.68800961779436,3.70199038220564,2.434779239,-0.74676962120564
300,"Greece",55,2,10.67,1.03191493109611,11.0105323147954,-0.340532314795444,10.69390921,0.316623104795445
348,"Hungary",55,2,11.86,0.993529089163507,11.7832549974792,0.0767450025208074,12.04100257,-0.257747572520808
372,"Ireland",55,2,10.94,0.994223897195996,10.8768094353242,0.0631905646758071,10.90428172,-0.0274722846758078
376,"Israel",55,2,11.55,0.89290307588561,10.3130305264788,1.2369694735212,10.82253674,-0.509506213521203
380,"Italy",55,2,10.97,1.00900410932095,11.0687750792508,-0.0987750792508262,10.6105933,0.458181779250827
392,"Japan",55,2,13.5,1.08248564533603,14.6135562120364,-1.11355621203638,15.24302988,-0.629473667963616
398,"Kazakhstan",55,2,10.64,0.983351938456138,10.4628646251733,0.177135374826696,10.88619244,-0.423327814826695
40,"Austria",55,2,11.01,0.995894353299147,10.9647968298236,0.0452031701763893,11.04794507,-0.0831482401763903
404,"Kenya",55,2,5.2,0.205221009302384,1.06714924837239,4.13285075162761,1.512700151,-0.445550902627606
410,"South Korea",55,2,10.88,1.01956174559505,11.0928317920741,-0.212831792074104,10.60792966,0.484902132074104
440,"Lithuania",55,2,14.11,0.939286304614859,13.2533297581157,0.856670241884341,14.46426801,-1.21093825188434
484,"Mexico",55,2,7.13,0.903168871080236,6.43959405080208,0.690405949197919,5.757126039,0.682468011802081
51,"Armenia",55,2,10.81,0.940376150598072,10.1654661879652,0.644533812034842,10.8463726,-0.680906412034842
528,"Netherlands",55,2,11.57,1.05162723406844,12.1673270981718,-0.597327098171824,12.14226751,0.0250595881718247
554,"New Zealand",55,2,12.85,1.05584604077172,13.5676216239166,-0.717621623916596,14.12024812,-0.552626496083404
56,"Belgium",55,2,11.23,1.01087560695056,11.3521330660548,-0.122133066054833,11.53181571,-0.179682643945167
578,"Norway",55,2,12.43,1.01230273291679,12.5829229701558,-0.15292297015576,13.17867909,-0.595756119844239
604,"Peru",55,2,8.25,0.751909810719857,6.20325593843882,2.04674406156118,5.707274818,0.495981120438817
616,"Poland",55,2,12.59,1.00154627033472,12.6094675435141,-0.0194675435141196,13.02399386,-0.41452631648588
643,"Russia",55,2,9.86,1.23918757457681,12.2183894853273,-2.3583894853273,11.06727977,1.1511097153273
68,"Bolivia",55,2,6.67,0.656852864214279,4.38120860430924,2.28879139569076,4.112935914,0.26827269030924
702,"Singapore",55,2,10.48,0.913391098431856,9.57233871156585,0.907661288434149,9.191969469,0.380369242565852
703,"Slovakia",55,2,12.47,1.06515181490808,13.2824431319038,-0.812443131903796,13.49370878,-0.211265648096203
704,"Viet Nam",55,2,6.56,0.864945855726927,5.67404481356864,0.88595518643136,5.568095642,0.105949171568639
705,"Slovenia",55,2,11.03,0.951847992506645,10.4988833573483,0.531116642651707,10.45009532,0.0487880373482916
724,"Spain",55,2,10.26,0.948721350531756,9.73388105645581,0.526118943544187,9.302479988,0.431401068455813
752,"Sweden",55,2,12.44,1.04064440322338,12.9456163760988,-0.505616376098832,13.30126682,-0.355650443901169
792,"Turkey",55,2,6.13,0.966360955059599,5.92379265451534,0.206207345484661,4.765404781,1.15838787351534
804,"Ukraine",55,2,10.77,1.04907141555007,11.2984991454743,-0.528499145474285,11.85678345,-0.558284304525715
826,"United Kingdom",55,2,12.62,1.04959585519971,13.2458996926203,-0.625899692620338,13.28426823,-0.0383685373796627
840,"USA",55,2,12.87,0.989363107762551,12.733103196904,0.136896803095972,13.38502158,-0.651918383095973
124,"Canada",60,1,12.92,0.999376782147894,12.9119480253508,0.00805197464920759,13.49618617,-0.584238144649207
152,"Chile",60,1,10.21,0.825434825432838,8.42768956766927,1.78231043233073,7.951719048,0.475970519669272
170,"Colombia",60,1,6.41,0.451931293825483,2.89687959342135,3.51312040657865,5.020062532,-2.12318293857865
196,"Cyprus",60,1,11.68,1.0510816891211,12.2766341289345,-0.596634128934495,12.19435904,0.0822750889344945
203,"Czechia",60,1,12.59,1.01825383561082,12.8198157903403,-0.229815790340256,13.11779659,-0.297980799659744
208,"Denmark",60,1,12.32,0.966929575520805,11.9125723704163,0.407427629583678,12.23303881,-0.320466439583678
218,"Ecuador",60,1,7.44,0.77354914421533,5.75520563296206,1.68479436703794,5.209017053,0.546188579962056
233,"Estonia",60,1,13.12,0.98864352577885,12.9710030582185,0.148996941781485,13.43957166,-0.468568601781486
246,"Finland",60,1,12.38,1.01006418992347,12.5045946712526,-0.124594671252563,12.58863831,-0.0840436387474366
250,"France",60,1,11.09,1.00026057713191,11.0928898003928,-0.00288980039284503,10.69076328,0.402126520392844
268,"Georgia",60,1,12.47,0.845759639965971,10.5466227103757,1.92337728962435,11.55280252,-1.00617980962435
276,"Germany",60,1,13.98,0.95415269699001,13.3390547039203,0.640945296079661,13.98009923,-0.641044526079661
288,"Ghana",60,1,8.1,0.760840993031663,6.16281204355647,1.93718795644353,5.391930618,0.770881425556469
300,"Greece",60,1,10.62,1.02089937628554,10.8419513761525,-0.221951376152484,10.46915339,0.372797986152483
348,"Hungary",60,1,12.04,0.937551196028581,11.2881164001841,0.751883599815891,11.59310612,-0.304989719815891
372,"Ireland",60,1,10.14,1.05247457286202,10.6720921688209,-0.532092168820862,10.14169108,0.530401088820863
376,"Israel",60,1,11.18,0.889453642673511,9.94409172508986,1.23590827491014,10.17725957,-0.233167844910144
380,"Italy",60,1,10.69,0.984153180437084,10.5205974988724,0.169402501127568,9.848559384,0.672038114872432
392,"Japan",60,1,13.07,1.0453547917049,13.6627871275831,-0.592787127583065,14.0593106,-0.396523472416934
398,"Kazakhstan",60,1,10.48,0.945649716184303,9.9104090256115,0.569590974388502,10.17133242,-0.260923394388502
40,"Austria",60,1,12,0.977239257237402,11.7268710868488,0.273128913151176,12.08343573,-0.356564643151176
404,"Kenya",60,1,7.13,0.384865485837242,2.74409091401954,4.38590908598046,3.420840943,-0.676750028980464
410,"South Korea",60,1,11.29,1.01449703418297,11.4536715159257,-0.163671515925731,11.07330122,0.380370295925731
440,"Lithuania",60,1,13.53,0.966205792358279,13.0727643706075,0.457235629392484,13.75045766,-0.677693289392485
484,"Mexico",60,1,7.31,0.869534896590251,6.35630009407473,0.953699905925266,5.565922704,0.790377390074734
51,"Armenia",60,1,10.9,0.962581319375351,10.4921363811913,0.407863618808671,11.03307954,-0.54094315880867
528,"Netherlands",60,1,12,1.05817598299673,12.6981117959607,-0.698111795960722,12.75886266,-0.060750864039278
554,"New Zealand",60,1,12.79,1.00448610388706,12.8473772687155,-0.0573772687155305,13.4900714,-0.64269413128447
56,"Belgium",60,1,10.87,1.03983591017916,11.3030163436475,-0.433016343647459,11.25149098,0.0515253636474586
578,"Norway",60,1,12.56,0.998404790200684,12.5399641649206,0.0200358350794101,13.12063283,-0.58066866507941
604,"Peru",60,1,9.19,0.784628719761102,7.21073793460453,1.97926206539547,6.486716434,0.724021500604532
616,"Poland",60,1,12.09,0.954565695573887,11.5406992594883,0.549300740511706,11.73053474,-0.189835480511706
643,"Russia",60,1,9.63,1.22499572161682,11.79670879917,-2.16670879916995,10.38083772,1.41587107916995
68,"Bolivia",60,1,7.79,0.570129680223516,4.44131020894119,3.34868979105881,4.93486429,-0.49355408105881
702,"Singapore",60,1,10.91,0.890769011007117,9.71828991008765,1.19171008991235,9.498574464,0.219715446087651
703,"Slovakia",60,1,12.63,1.04893523180971,13.2480519777567,-0.618051977756661,13.40803178,-0.159979802243338
704,"Viet Nam",60,1,7.55,0.958801077815004,7.23894813750328,0.311051862496721,7.114289727,0.124658410503279
705,"Slovenia",60,1,11.3,0.944742475104328,10.6755899686789,0.6244100313211,10.66721076,0.00837920867890141
724,"Spain",60,1,9.92,0.976933491295989,9.69118023365621,0.228819766343786,9.053633379,0.637546854656213
752,"Sweden",60,1,11.94,1.03581769225212,12.3676632454903,-0.427663245490345,12.40765982,-0.0399965745096544
792,"Turkey",60,1,7.65,0.975142608610314,7.4598409558689,0.1901590441311,6.743688837,0.716152118868901
804,"Ukraine",60,1,10.61,0.996111332906303,10.5687412421359,0.0412587578641261,10.71413503,-0.145393787864126
826,"United Kingdom",60,1,12.76,1.06796339705602,13.6272129464348,-0.867212946434801,13.69783065,-0.0706177035651994
840,"USA",60,1,12.91,1.01040892231925,13.0443791871415,-0.134379187141535,13.62385463,-0.579475442858465
124,"Canada",60,2,12.82,0.97668664612142,12.5211228032766,0.298877196723399,13.27700197,-0.7558791667234
152,"Chile",60,2,9.85,0.781299472107628,7.69579980026014,2.15420019973986,7.40641435,0.289385450260135
170,"Colombia",60,2,6.25,0.556015718858701,3.47509824286688,2.77490175713312,5.437237655,-1.96213941213312
196,"Cyprus",60,2,11.06,1.06468559541539,11.7754226852943,-0.715422685294262,11.40423771,0.371184975294263
203,"Czechia",60,2,11.86,1.02745433272254,12.1856083860893,-0.325608386089325,12.63750018,-0.451891793910676
208,"Denmark",60,2,12.24,0.976742172658414,11.955324193339,0.284675806661017,12.45288467,-0.497560476661016
218,"Ecuador",60,2,6.79,0.813725124386791,5.52519359458631,1.26480640541369,4.881429271,0.64376432358631
233,"Estonia",60,2,13.8,0.993482267472302,13.7100552911178,0.0899447088822303,14.69568268,-0.98562738888223
246,"Finland",60,2,12.68,0.997452149626033,12.6476932572581,0.0323067427419037,13.1986634,-0.550970142741903
250,"France",60,2,10.48,1.01028688166691,10.5878065198692,-0.107806519869177,10.25872331,0.329083209869177
268,"Georgia",60,2,12.36,0.863531071452474,10.6732440431526,1.68675595684742,11.91096915,-1.23772510684742
276,"Germany",60,2,13.13,0.953468012921399,12.519035009658,0.610964990342028,12.98010533,-0.461070320342028
288,"Ghana",60,2,5.22,0.458982206985459,2.3958871204641,2.8241128795359,2.144572044,0.251315076464095
300,"Greece",60,2,9.99,1.07644424791682,10.7536780366891,-0.763678036689056,10.21707778,0.536600256689056
348,"Hungary",60,2,11.51,0.959151571637143,11.0398345895435,0.470165410456479,11.45410983,-0.41427524045648
372,"Ireland",60,2,10.25,1.03369473504935,10.5953710342558,-0.345371034255807,10.42075554,0.174615494255807
376,"Israel",60,2,11.28,0.875419233453575,9.87472895335633,1.40527104664367,10.15151732,-0.276788366643673
380,"Italy",60,2,10.23,1.01298094501037,10.362795067456,-0.132795067456041,9.57380763,0.788987437456042
392,"Japan",60,2,12.83,1.04488278414818,13.4058461206212,-0.57584612062116,13.81538142,-0.40953529937884
398,"Kazakhstan",60,2,10.39,0.966032734805422,10.0370801146283,0.352919885371671,10.51651709,-0.479436975371671
40,"Austria",60,2,10.51,0.991152898346377,10.4170169616204,0.0929830383795824,10.48209166,-0.0650746983795827
404,"Kenya",60,2,4.15,0.365181528715721,1.51550334417024,2.63449665582976,1.887956454,-0.372453109829757
410,"South Korea",60,2,9.78,1.02140666178957,9.98935715230201,-0.20935715230201,9.20408071,0.78527644230201
440,"Lithuania",60,2,13.88,0.963856686663742,13.3783308108927,0.501669189107266,14.64343904,-1.26510822910727
484,"Mexico",60,2,6.18,0.889789970347367,5.49890201674673,0.68109798325327,4.772777958,0.72612405874673
51,"Armenia",60,2,10.82,0.922774600742572,9.98442118003463,0.835578819965372,10.91722952,-0.932808339965371
528,"Netherlands",60,2,10.97,1.02560472725965,11.2508838580384,-0.280883858038399,11.24840894,0.00247491803840028
554,"New Zealand",60,2,12.42,1.02381156802311,12.715739674847,-0.295739674846995,13.32378948,-0.608049805153005
56,"Belgium",60,2,10.95,1.00586397398346,11.0142105151189,-0.0642105151189281,11.04094814,-0.026737624881072
578,"Norway",60,2,12.31,0.999471517768276,12.3034943837275,0.00650561627252166,12.78343253,-0.479938146272522
604,"Peru",60,2,7.68,0.783654128966578,6.01846371046332,1.66153628953668,5.318788672,0.699675038463321
616,"Poland",60,2,12.21,0.972444844423364,11.8735515504093,0.336448449590723,12.39947646,-0.525924909590723
643,"Russia",60,2,9.75,1.15709033321953,11.2816307488904,-1.53163074889045,10.78805674,0.493574008890448
68,"Bolivia",60,2,6.02,0.536740264985405,3.23117639521214,2.78882360478786,3.635562228,-0.404385832787863
702,"Singapore",60,2,9.17,0.889389885617491,8.15570525111239,1.01429474888761,7.803097201,0.352608050112391
703,"Slovakia",60,2,12.12,1.06083795969785,12.857356071538,-0.737356071537993,13.20592466,-0.348568588462008
704,"Viet Nam",60,2,5.94,0.888171839354069,5.27574072576317,0.664259274236833,5.221855515,0.053885210763168
705,"Slovenia",60,2,10.6,0.947245832439345,10.0408058238571,0.559194176142938,10.25611382,-0.215307996142938
724,"Spain",60,2,9.34,0.972268690411259,9.08098956844116,0.259010431558838,8.439852988,0.641136580441161
752,"Sweden",60,2,12.03,1.00178159960528,12.0514326432515,-0.0214326432515133,12.42011484,-0.368682196748487
792,"Turkey",60,2,5.27,0.935776121494241,4.93154016027465,0.338459839725348,4.018237632,0.913302528274651
804,"Ukraine",60,2,10.69,0.976920899172002,10.4432844121487,0.2467155878513,11.29540864,-0.8521242278513
826,"United Kingdom",60,2,12.43,1.06147980900385,13.1941940259179,-0.764194025917881,13.41403702,-0.21984299408212
840,"USA",60,2,12.89,1.00932993352268,13.0102628431073,-0.120262843107339,13.84900044,-0.83873759689266
