"iso","year","illiterate_prop"
4,1970,87.108177
4,1975,81.842316
4,1980,80.280991
4,1985,75.886818
4,1990,70.925781
4,1995,65.703362
4,2000,60.293983
4,2005,54.29303
4,2010,68.258881
4,2015,56.980282
8,1970,45.361618
8,1975,37.975117
8,1980,31.633141
8,1985,26.108137
8,1990,21.345938
8,1995,17.43873
8,2000,1.2870178
8,2005,4.0613632
8,2010,2.9538651
8,2015,1.8588486
12,1970,73.225815
12,1975,66.041801
12,1980,58.09679
12,1985,50.369122
12,1990,42.782051
12,1995,35.962315
12,2000,30.126503
12,2005,26.107635
12,2010,21.009813
12,2015,18.592163
16,1970,34.288975
16,1975,15.934054
16,1980,2.655838
16,1985,25.695402
16,1990,2.0556717
16,1995,11.148297
16,2000,19.134161
16,2005,9.0628624
16,2010,0.82060623
16,2015,0.74493027
24,1970,71.674934
24,1975,66.826813
24,1980,56.009636
24,1985,52.062386
24,1990,42.994389
24,1995,42.035908
24,2000,32.594582
24,2005,31.799746
24,2010,33.969887
24,2015,29.08198
28,1970,17.808514
28,1975,21.10346
28,1980,13.758053
28,1985,16.747963
28,1990,10.757634
28,1995,13.912856
28,2000,1.0500031
28,2005,9.9192209
28,2010,1.0500031
28,2015,1.0500031
31,1970,47.610863
31,1975,42.94355
31,1980,37.220085
31,1985,29.239998
31,1990,26.760311
31,1995,1.2081985
31,2000,14.300962
31,2005,0.31912231
31,2010,0.2192215
31,2015,0.21021526
32,1970,6.7430353
32,1975,6.0528488
32,1980,6.0871429
32,1985,4.6564274
32,1990,3.8718033
32,1995,3.456527
32,2000,2.8066864
32,2005,1.2028885
32,2010,0.9431259
32,2015,0.89705402
36,1970,1.6087557
36,1975,1.1971706
36,1980,0.79552633
36,1985,0.53177327
36,1990,0.37593016
36,1995,0.29987678
36,2000,0.25392306
36,2005,0.2239619
36,2010,0.2075292
36,2015,0.2007187
40,1970,1.6087557
40,1975,1.1971706
40,1980,0.79552633
40,1985,0.53177327
40,1990,0.37593016
40,1995,0.29987678
40,2000,0.25392306
40,2005,0.2239619
40,2010,0.2075292
40,2015,0.2007187
44,1970,8.34622
44,1975,7.2211666
44,1980,6.3407297
44,1985,5.6372943
44,1990,5.0533118
44,1995,4.5577283
44,2000,4.1488709
44,2005,3.7560799
44,2010,3.403383
44,2015,3.0730619
48,1970,44.260014
48,1975,33.581001
48,1980,30.24649
48,1985,21.165058
48,1990,15.986168
48,1995,13.796916
48,2000,13.451263
48,2005,9.0849609
48,2010,9.0225983
48,2015,2.6884129
50,1970,74.84623
50,1975,72.294495
50,1980,70.772766
50,1985,66.798561
50,1990,64.680695
50,1995,60.571301
50,2000,52.5145
50,2005,53.336399
50,2010,40.315308
50,2015,28.824696
51,1970,47.610863
51,1975,42.94355
51,1980,37.220085
51,1985,1.2480392
51,1990,26.760311
51,1995,21.130911
51,2000,0.59983826
51,2005,12.786404
51,2010,0.25559235
51,2015,0.26393127
52,1970,0.73191833
52,1975,21.10346
52,1980,0.40000153
52,1985,16.747963
52,1990,0.40000153
52,1995,13.912856
52,2000,0.40000153
52,2005,9.9192209
52,2010,0.40000153
52,2015,7.0446215
56,1970,3.2175114
56,1975,2.3943412
56,1980,1.5910527
56,1985,1.0635465
56,1990,0.75186032
56,1995,0.59975356
56,2000,0.50784612
56,2005,0.44792381
56,2010,0.4150584
56,2015,0.4014374
64,1970,60.184578
64,1975,58.310974
64,1980,54.105499
64,1985,50.211208
64,1990,45.671272
64,1995,41.298729
64,2000,36.329659
64,2005,47.18531
64,2010,42.9664
64,2015,33.43885
68,1970,39.886139
68,1975,36.791851
68,1980,29.085789
68,1985,24.377327
68,1990,20.008232
68,1995,16.354481
68,2000,13.276329
68,2005,9.1301956
68,2010,6.6566391
68,2015,7.5449219
70,1970,15.734859
70,1975,13.137277
70,1980,11.674517
70,1985,8.8507786
70,1990,10.936409
70,1995,6.100039
70,2000,3.3368988
70,2005,3.5038762
70,2010,2.4330978
70,2015,1.7880181
72,1970,51.309074
72,1975,45.673065
72,1980,40.052799
72,1985,34.62664
72,1990,31.41909
72,1995,25.508556
72,2000,18.811287
72,2005,17.304949
72,2010,13.176819
72,2015,12.104816
76,1970,30.37958
76,1975,26.709396
76,1980,25.413269
76,1985,20.58219
76,1990,18.159569
76,1995,15.956846
76,2000,12.507938
76,2005,10.010143
76,2010,8.7316113
76,2015,7.2100849
84,1970,23.333536
84,1975,19.534325
84,1980,15.917679
84,1985,12.625463
84,1990,29.701576
84,1995,7.7418175
84,2000,6.2131877
84,2005,4.7716827
84,2010,3.718451
84,2015,2.9743707
90,1970,41.646004
90,1975,32.532303
90,1980,35.945595
90,1985,21.84107
90,1990,27.903666
90,1995,23.400002
90,2000,23.590893
90,2005,23.400002
90,2010,14.956351
90,2015,12.915357
96,1970,39.477261
96,1975,29.762377
96,1980,22.264503
96,1985,17.197311
96,1990,12.195824
96,1995,10.086279
96,2000,7.3288727
96,2005,6.4952927
96,2010,3.9144363
96,2015,2.7858887
100,1970,7.0435405
100,1975,5.7489548
100,1980,4.4244933
100,1985,3.3417358
100,1990,2.5225749
100,1995,1.9054431
100,2000,1.7964401
100,2005,1.0874318
100,2010,1.6475525
100,2015,0.67916721
104,1970,28.894245
104,1975,26.003504
104,1980,21.429588
104,1985,20.712755
104,1990,18.358709
104,1995,16.360804
104,2000,10.058243
104,2005,13.323649
104,2010,12.109745
104,2015,24.448799
108,1970,76.450562
108,1975,77.491447
108,1980,68.905548
108,1985,64.624619
108,1990,62.61528
108,1995,54.885128
108,2000,40.696381
108,2005,51.915939
108,2010,38.430271
108,2015,31.624672
112,1970,1.9380673
112,1975,1.5353794
112,1980,1.1510773
112,1985,2.1166306
112,1990,0.65031809
112,1995,0.40927124
112,2000,0.38871199
112,2005,0.3829422
112,2010,0.24339351
112,2015,0.24343872
116,1970,49.95414
116,1975,46.292591
116,1980,43.789417
116,1985,39.708038
116,1990,36.466686
116,1995,32.66497
116,2000,26.390053
116,2005,24.256714
116,2010,21.944908
116,2015,19.473511
120,1970,65.697289
120,1975,58.783791
120,1980,49.981548
120,1985,42.047108
120,1990,34.558136
120,1995,27.780731
120,2000,31.590843
120,2005,29.320061
120,2010,28.709488
120,2015,22.928963
124,1970,1.6087557
124,1975,1.1971706
124,1980,0.79552633
124,1985,0.53177327
124,1990,0.37593016
124,1995,0.29987678
124,2000,0.25392306
124,2005,0.2239619
124,2010,0.2075292
124,2015,0.2007187
132,1970,60.059822
132,1975,54.241226
132,1980,47.137959
132,1985,39.968952
132,1990,37.20314
132,1995,28.546204
132,2000,23.889557
132,2005,20.13183
132,2010,14.672211
132,2015,13.209709
136,1970,17.808514
136,1975,21.10346
136,1980,13.758053
136,1985,16.747963
136,1990,10.757634
136,1995,13.912856
136,2000,7.0584054
136,2005,1.1321793
136,2010,6.700449
136,2015,7.0446215
140,1970,83.945633
140,1975,81.763832
140,1980,74.993538
140,1985,66.37558
140,1990,64.120239
140,1995,57.437374
140,2000,49.354832
140,2005,43.504833
140,2010,63.247391
140,2015,62.604179
144,1970,18.482811
144,1975,16.033073
144,1980,13.222076
144,1985,12.242582
144,1990,10.665136
144,1995,9.1878166
144,2000,9.3172531
144,2005,9.3166084
144,2010,8.8186417
144,2015,8.0025072
148,1970,89.471741
148,1975,85.839943
148,1980,81.312393
148,1985,75.924561
148,1990,89.105347
148,1995,62.237576
148,2000,72.982178
148,2005,46.223061
148,2010,38.840027
148,2015,75.842728
152,1970,11.068094
152,1975,9.3387508
152,1980,8.8715973
152,1985,6.5881786
152,1990,5.7088623
152,1995,4.7548409
152,2000,4.2833786
152,2005,1.3986549
152,2010,3.5149651
152,2015,3.3617935
156,1970,45.851746
156,1975,38.842682
156,1980,34.494911
156,1985,25.989693
156,1990,22.214943
156,1995,17.897171
156,2000,9.0797882
156,2005,11.654642
156,2010,4.8755188
156,2015,3.159111
158,1970,20.10948
158,1975,16.539391
158,1980,13.524364
158,1985,11.321924
158,1990,9.3121357
158,1995,7.478868
158,2000,5.9273677
158,2005,4.6603112
158,2010,3.6059279
158,2015,2.8321025
170,1970,20.683397
170,1975,17.565287
170,1980,14.754224
170,1985,12.523201
170,1990,8.9369125
170,1995,8.7928391
170,2000,7.1962204
170,2005,7.1153994
170,2010,6.2869644
170,2015,5.3361993
174,1970,57.021309
174,1975,54.159374
174,1980,52.080769
174,1985,48.019497
174,1990,45.043655
174,1995,42.111794
174,2000,31.510773
174,2005,36.856323
174,2010,50.80386
174,2015,41.18298
175,1970,57.021309
175,1975,54.159374
175,1980,52.080769
175,1985,48.019497
175,1990,45.043655
175,1995,42.111794
175,2000,31.510773
175,2005,36.856323
175,2010,50.80386
175,2015,41.18298
178,1970,68.219902
178,1975,63.818592
178,1980,49.786003
178,1985,45.220383
178,1990,33.916851
178,1995,42.660316
178,2000,32.04298
178,2005,22.894995
178,2010,20.688828
178,2015,19.701241
180,1970,71.674934
180,1975,66.826813
180,1980,56.009636
180,1985,52.062386
180,1990,42.994389
180,1995,42.035908
180,2000,32.827011
180,2005,38.794449
180,2010,24.982811
180,2015,22.957321
188,1970,11.041476
188,1975,9.2482843
188,1980,7.3709564
188,1985,6.6651435
188,1990,5.7144938
188,1995,4.859128
188,2000,5.131813
188,2005,3.4694762
188,2010,2.5934219
188,2015,2.1362076
191,1970,8.1656246
191,1975,6.6132464
191,1980,5.0732508
191,1985,3.7993746
191,1990,3.2984467
191,1995,2.0972919
191,2000,1.8533173
191,2005,1.0941558
191,2010,0.87464142
191,2015,0.51741338
192,1970,10.018645
192,1975,8.4480791
192,1980,2.1533508
192,1985,5.5158
192,1990,4.5018654
192,1995,3.7542305
192,2000,0.20092773
192,2005,2.436214
192,2010,0.24746704
192,2015,1.4323975
196,1970,14.998545
196,1975,11.427257
196,1980,8.8491087
196,1985,6.795074
196,1990,5.6375275
196,1995,3.6371188
196,2000,3.196373
196,2005,1.7639275
196,2010,1.3215714
196,2015,0.81683058
203,1970,1.6087557
203,1975,1.1971706
203,1980,0.79552633
203,1985,0.53177327
203,1990,0.37593016
203,1995,0.29987678
203,2000,0.25392306
203,2005,0.2239619
203,2010,0.2075292
203,2015,0.2007187
204,1970,87.853226
204,1975,83.517212
204,1980,79.761482
204,1985,74.932007
204,1990,72.754745
204,1995,63.583332
204,2000,65.342148
204,2005,71.29789
204,2010,67.051178
204,2015,57.6376
208,1970,1.6087557
208,1975,1.1971706
208,1980,0.79552633
208,1985,0.53177327
208,1990,0.37593016
208,1995,0.29987678
208,2000,0.25392306
208,2005,0.2239619
208,2010,0.2075292
208,2015,0.2007187
214,1970,31.526941
214,1975,28.110739
214,1980,26.935432
214,1985,22.133284
214,1990,19.743275
214,1995,17.611521
214,2000,13.003532
214,2005,11.755539
214,2010,9.5155611
214,2015,7.1151657
218,1970,24.18281
218,1975,20.466993
218,1980,16.447311
218,1985,14.181208
218,1990,11.701241
218,1995,9.7910213
218,2000,9.0159683
218,2005,7.7544656
218,2010,7.3954115
218,2015,6.1214423
222,1970,40.29509
222,1975,36.30505
222,1980,32.773346
222,1985,29.527945
222,1990,25.856842
222,1995,22.840864
222,2000,20.209572
222,2005,16.589428
222,2010,14.415237
222,2015,11.599268
226,1970,51.040096
226,1975,43.927887
226,1980,37.308598
226,1985,30.744303
226,1990,24.736246
226,1995,20.063549
226,2000,11.691704
226,2005,11.397207
226,2010,5.6294632
226,2015,6.1052108
231,1970,86.093796
231,1975,82.633331
231,1980,78.782623
231,1985,74.540466
231,1990,72.98864
231,1995,64.854691
231,2000,64.099998
231,2005,65.591843
231,2010,47.801685
231,2015,48.228821
232,1970,69.436913
232,1975,65.325699
232,1980,60.87624
232,1985,56.288246
232,1990,51.725399
232,1995,47.062008
232,2000,47.48605
232,2005,35.337029
232,2010,33.459736
232,2015,23.429482
233,1970,0.92080343
233,1975,0.76623142
233,1980,0.61534274
233,1985,0.27355957
233,1990,0.41785401
233,1995,0.35462597
233,2000,0.23280334
233,2005,0.26766866
233,2010,0.11421204
233,2015,0.17731124
242,1970,24.658947
242,1975,19.868723
242,1980,16.113081
242,1985,12.905176
242,1990,10.534678
242,1995,7.0571136
242,2000,6.5159392
242,2005,5.0936961
242,2010,3.9254031
242,2015,0.91789246
246,1970,1.6087557
246,1975,1.1971706
246,1980,0.79552633
246,1985,0.53177327
246,1990,0.37593016
246,1995,0.29987678
246,2000,0.25392306
246,2005,0.2239619
246,2010,0.2075292
246,2015,0.2007187
250,1970,3.2175114
250,1975,2.3943412
250,1980,1.5910527
250,1985,1.0635465
250,1990,0.75186032
250,1995,0.59975356
250,2000,0.50784612
250,2005,0.44792381
250,2010,0.4150584
250,2015,0.4014374
254,1970,19.610388
254,1975,16.917896
254,1980,17.08075
254,1985,11.837346
254,1990,9.7087831
254,1995,8.3060417
254,2000,7.3742652
254,2005,6.7534399
254,2010,6.0591912
254,2015,4.3469939
258,1970,19.610388
258,1975,16.917896
258,1980,15.174514
258,1985,11.837346
258,1990,9.7087831
258,1995,8.3060417
258,2000,10.401939
258,2005,5.3790588
258,2010,6.2277946
258,2015,5.6167297
262,1970,67.936256
262,1975,62.819588
262,1980,57.100559
262,1985,50.835846
262,1990,44.596981
262,1995,38.863304
262,2000,33.283516
262,2005,27.848064
262,2010,23.229704
262,2015,19.240797
266,1970,71.674934
266,1975,66.826813
266,1980,56.009636
266,1985,52.062386
266,1990,27.766327
266,1995,42.035908
266,2000,34.771954
266,2005,31.799746
266,2010,17.716202
266,2015,15.33284
268,1970,47.610863
268,1975,42.94355
268,1980,37.220085
268,1985,29.239998
268,1990,26.760311
268,1995,21.130911
268,2000,0.34764862
268,2005,12.786404
268,2010,0.41381073
268,2015,0.63574219
270,1970,89.040733
270,1975,85.823936
270,1980,82.016342
270,1985,77.467041
270,1990,72.281044
270,1995,66.778015
270,2000,63.18227
270,2005,55.125454
270,2010,58.04995
270,2015,49.222031
275,1970,47.610863
275,1975,42.94355
275,1980,37.220085
275,1985,29.239998
275,1990,26.760311
275,1995,13.937111
275,2000,7.7200317
275,2005,6.4010448
275,2010,4.236249
275,2015,3.053477
276,1970,1.6087557
276,1975,1.1971706
276,1980,0.79552633
276,1985,0.53177327
276,1990,0.37593016
276,1995,0.29987678
276,2000,0.25392306
276,2005,0.2239619
276,2010,0.2075292
276,2015,0.2007187
288,1970,67.733482
288,1975,60.649151
288,1980,53.319874
288,1985,45.996189
288,1990,38.943409
288,1995,32.328712
288,2000,42.102531
288,2005,21.214922
288,2010,28.50293
288,2015,20.960358
296,1970,3.5793533
296,1975,3.5793533
296,1980,3.5793533
296,1985,0.63085175
296,1990,0.63085175
296,1995,1.1158943
296,2000,1.1158943
296,2005,1.1158943
296,2010,1.1158943
296,2015,3.4062576
300,1970,12.535503
300,1975,10.23992
300,1980,9.4876785
300,1985,6.0128479
300,1990,7.3895493
300,1995,3.3061819
300,2000,4.0056381
300,2005,6.3730087
300,2010,2.6312637
300,2015,2.0640488
308,1970,2.2055283
308,1975,21.10346
308,1980,1.4000015
308,1985,16.747963
308,1990,1.4000015
308,1995,13.912856
308,2000,1.4000015
308,2005,9.9192209
308,2010,1.4000015
308,2015,7.0446215
312,1970,17.808514
312,1975,21.10346
312,1980,9.9020233
312,1985,16.747963
312,1990,5.9000015
312,1995,13.912856
312,2000,4
312,2005,9.9192209
312,2010,4
312,2015,7.0446215
316,1970,3.5793533
316,1975,3.5793533
316,1980,3.5793533
316,1985,0.63085175
316,1990,0.63085175
316,1995,1.1158943
316,2000,1.1158943
316,2005,1.1158943
316,2010,1.1158943
316,2015,3.4062576
320,1970,53.164394
320,1975,49.213089
320,1980,45.238853
320,1985,41.241291
320,1990,35.788361
320,1995,33.428871
320,2000,30.89827
320,2005,26.746933
320,2010,21.136856
320,2015,21.350151
324,1970,81.349655
324,1975,77.385834
324,1980,72.794395
324,1985,67.707664
324,1990,63.368469
324,1995,79.446251
324,2000,70.295982
324,2005,53.040802
324,2010,71.344208
324,2015,47.364422
328,1970,8.427084
328,1975,6.4285927
328,1980,4.7535701
328,1985,3.4434078
328,1990,2.5485101
328,1995,1.8704414
328,2000,1.3238745
328,2005,15.005989
328,2010,14.360268
328,2015,0.508515
332,1970,76.234535
332,1975,72.061958
332,1980,65.265305
332,1985,63.03194
332,1990,58.265408
332,1995,53.214069
332,2000,41.2561
332,2005,51.31498
332,2010,39.57729
332,2015,38.308651
340,1970,44.892796
340,1975,40.866478
340,1980,37.002544
340,1985,33.449184
340,1990,30.205976
340,1995,27.159725
340,2000,19.988968
340,2005,16.411011
340,2010,14.420767
340,2015,11.966817
344,1970,20.10948
344,1975,16.539391
344,1980,13.524364
344,1985,11.321924
344,1990,9.3121357
344,1995,7.478868
344,2000,5.9273677
344,2005,4.6603112
344,2010,3.6059279
344,2015,2.8321025
348,1970,1.8106322
348,1975,1.5725135
348,1980,1.1417084
348,1985,1.0765023
348,1990,0.87201655
348,1995,0.73579913
348,2000,0.63977414
348,2005,0.55240518
348,2010,0.90000153
348,2015,0.40396068
352,1970,3.2175114
352,1975,2.3943412
352,1980,1.5910527
352,1985,1.0635465
352,1990,0.75186032
352,1995,0.59975356
352,2000,0.50784612
352,2005,0.44792381
352,2010,0.4150584
352,2015,0.4014374
356,1970,65.368004
356,1975,61.425953
356,1980,59.236408
356,1985,53.130966
356,1990,51.777931
356,1995,45.145275
356,2000,38.985439
356,2005,37.245529
356,2010,30.697441
356,2015,25.627007
360,1970,40.992725
360,1975,34.437523
360,1980,32.687332
360,1985,23.250286
360,1990,18.480148
360,1995,15.014409
360,2000,9.6152115
360,2005,7.7479095
360,2010,6.0359344
360,2015,4.5821786
364,1970,62.003078
364,1975,63.481602
364,1980,46.963306
364,1985,47.680241
364,1990,34.468597
364,1995,26.939751
364,2000,23
364,2005,17.421724
364,2010,15.680656
364,2015,14.45575
368,1970,72.458954
368,1975,68.058311
368,1980,63.214584
368,1985,57.97942
368,1990,52.587559
368,1995,47.291374
368,2000,25.9478
368,2005,37.160049
368,2010,22.633337
368,2015,15.549999
372,1970,3.2175114
372,1975,2.3943412
372,1980,1.5910527
372,1985,1.0635465
372,1990,0.75186032
372,1995,0.59975356
372,2000,0.50784612
372,2005,0.44792381
372,2010,0.4150584
372,2015,0.4014374
376,1970,11.894577
376,1975,10.157244
376,1980,8.2485886
376,1985,7.0145369
376,1990,5.67558
376,1995,4.6061921
376,2000,3.6820941
376,2005,2.8772247
376,2010,2.1303887
376,2015,1.5797259
380,1970,5.1854439
380,1975,4.3156924
380,1980,3.5394592
380,1985,2.657748
380,1990,2.1061189
380,1995,1.7178273
380,2000,1.5833817
380,2005,1.1204804
380,2010,1.1517181
380,2015,0.84423828
384,1970,82.656754
384,1975,78.726646
384,1980,74.383682
384,1985,65.860718
384,1990,63.572559
384,1995,63.649761
384,2000,51.259239
384,2005,43.834217
384,2010,57.554977
384,2015,52.834648
388,1970,30.725948
388,1975,26.435089
388,1980,22.618965
388,1985,19.550951
388,1990,16.957081
388,1995,20.07988
388,2000,12.442885
388,2005,10.764374
388,2010,11.900002
388,2015,7.9913483
392,1970,1.6087557
392,1975,1.1971706
392,1980,0.79552633
392,1985,0.53177327
392,1990,0.37593016
392,1995,0.29987678
392,2000,0.25392306
392,2005,0.2239619
392,2010,0.2075292
392,2015,0.2007187
398,1970,21.64456
398,1975,16.949947
398,1980,13.397698
398,1985,2.4706192
398,1990,8.5060682
398,1995,0.48734283
398,2000,0.95336914
398,2005,0.26759338
398,2010,0.21836853
398,2015,0.21836853
400,1970,42.958767
400,1975,33.203194
400,1980,28.989977
400,1985,22.501707
400,1990,16.631834
400,1995,12.230158
400,2000,10.107681
400,2005,8.3348351
400,2010,4.5513968
400,2015,1.7728882
404,1970,56.158714
404,1975,48.461926
404,1980,40.673729
404,1985,33.363091
404,1990,26.672436
404,1995,20.791517
404,2000,17.77092
404,2005,27.842972
404,2010,21.26696
404,2015,18.465027
408,1970,25.92742
408,1975,21.351284
408,1980,16.024881
408,1985,14.082211
408,1990,11.737253
408,1995,9.3697538
408,2000,5.5890899
408,2005,0.001808167
408,2010,3.1133738
408,2015,2.3278487
410,1970,11.821035
410,1975,8.6717768
410,1980,6.4584351
410,1985,4.9350152
410,1990,3.68468
410,1995,2.7332225
410,2000,2.0025172
410,2005,1.4379352
410,2010,0.98246336
410,2015,0.60963875
414,1970,39.282646
414,1975,40.435612
414,1980,32.482338
414,1985,25.509132
414,1990,21.464495
414,1995,21.6045
414,2000,16.464411
414,2005,6.470232
414,2010,4.8106666
414,2015,4.0740433
417,1970,21.64456
417,1975,16.949947
417,1980,13.397698
417,1985,7.928175
417,1990,8.5060682
417,1995,1.2983932
417,2000,0.95336914
417,2005,0.75656891
417,2010,0.18266582
417,2015,0.41400146
418,1970,30.404457
418,1975,25.705452
418,1980,23.215105
418,1985,18.365356
418,1990,15.056507
418,1995,39.748669
418,2000,30.841244
418,2005,27.297737
418,2010,41.712059
418,2015,15.338959
422,1970,34.481941
422,1975,29.863014
422,1980,26.058611
422,1985,22.028639
422,1990,18.416473
422,1995,15.596467
422,2000,13.060669
422,2005,9.6016846
422,2010,8.8634148
422,2015,4.9305573
426,1970,34.260395
426,1975,30.655649
426,1980,27.352642
426,1985,23.980919
426,1990,20.933744
426,1995,18.166876
426,2000,13.745567
426,2005,24.199799
426,2010,23.364799
426,2015,10.093046
428,1970,0.21733835
428,1975,0.21405138
428,1980,0.21089266
428,1985,0.54769897
428,1990,0.20621698
428,1995,0.20478898
428,2000,0.25343323
428,2005,0.20108545
428,2010,0.10410309
428,2015,0.11068726
430,1970,79.954315
430,1975,75.340652
430,1980,67.893234
430,1985,64.159019
430,1990,58.38258
430,1995,50.845623
430,2000,43.63343
430,2005,57.058922
430,2010,34.165531
430,2015,51.698639
434,1970,60.805031
434,1975,51.99612
434,1980,39.835609
434,1985,36.179096
434,1990,23.5
434,1995,23.224695
434,2000,13.900002
434,2005,14.547688
434,2010,11.638208
434,2015,9.1393242
440,1970,1.6242685
440,1975,1.3184115
440,1980,1.0197928
440,1985,1.5587311
440,1990,0.62949103
440,1995,0.50446296
440,2000,0.35424805
440,2005,0.33425188
440,2010,0.18440247
440,2015,0.24393523
442,1970,1.6087557
442,1975,1.1971706
442,1980,0.79552633
442,1985,0.53177327
442,1990,0.37593016
442,1995,0.29987678
442,2000,0.25392306
442,2005,0.2239619
442,2010,0.2075292
442,2015,0.2007187
446,1970,25.92742
446,1975,21.351284
446,1980,9.6218185
446,1985,14.082211
446,1990,11.737253
446,1995,9.3697538
446,2000,8.704628
446,2005,6.5002518
446,2010,4.3599625
446,2015,3.4615097
450,1970,59.59597
450,1975,55.093506
450,1980,50.382076
450,1985,45.069263
450,1990,40.262405
450,1995,35.997784
450,2000,29.313828
450,2005,35.519089
450,2010,28.427383
450,2015,25.195679
454,1970,60.759087
454,1975,57.457878
454,1980,54.000229
454,1985,51.463348
454,1990,46.586014
454,1995,35.865753
454,2000,38.170853
454,2005,34.122982
454,2010,36.772453
454,2015,37.856461
458,1970,38.884026
458,1975,32.247154
458,1980,30.483673
458,1985,21.748194
458,1990,17.084633
458,1995,14.333777
458,2000,11.312241
458,2005,9.1886625
458,2010,6.8821106
458,2015,5.4427466
462,1970,13.101389
462,1975,17.700043
462,1980,8.6672907
462,1985,7.7699509
462,1990,3.9817429
462,1995,3.6735001
462,2000,3.2369263
462,2005,1.6020966
462,2010,1.3898773
462,2015,2.2650528
466,1970,92.428329
466,1975,90.566193
466,1980,84.110664
466,1985,78.262352
466,1990,71.434776
466,1995,80.955032
466,2000,76
466,2005,73.823448
466,2010,67.669655
466,2015,65.728668
470,1970,21.163734
470,1975,18.146257
470,1980,15.382398
470,1985,13.07016
470,1990,10.748176
470,1995,12.131302
470,2000,7.3662176
470,2005,7.6369095
470,2010,6.6926422
470,2015,5.4968109
474,1970,10.376828
474,1975,8.642725
474,1980,7.2043076
474,1985,5.2450619
474,1990,4.6999969
474,1995,3.0954108
474,2000,3.0999985
474,2005,1.8116531
474,2010,3.0999985
474,2015,0.97416061
478,1970,73.171402
478,1975,70.912231
478,1980,68.165871
478,1985,65.242439
478,1990,62.382286
478,1995,59.439671
478,2000,48.79232
478,2005,54.49622
478,2010,50.935295
478,2015,46.502411
480,1970,31.350475
480,1975,27.932688
480,1980,24.548979
480,1985,21.72007
480,1990,20.13134
480,1995,16.67664
480,2000,15.696907
480,2005,12.766469
480,2010,8.7548409
480,2015,7.6030555
484,1970,23.588844
484,1975,19.889816
484,1980,17.010757
484,1985,13.717635
484,1990,12.443848
484,1995,9.6064777
484,2000,9.4119949
484,2005,7.4945116
484,2010,6.1327896
484,2015,5.0788517
496,1970,25.92742
496,1975,21.351284
496,1980,16.024881
496,1985,14.082211
496,1990,11.737253
496,1995,9.3697538
496,2000,2.2311478
496,2005,4.8509898
496,2010,1.7429962
496,2015,1.5768814
498,1970,8.21838
498,1975,6.2226982
498,1980,4.5363469
498,1985,3.6224518
498,1990,2.2201967
498,1995,1.4886284
498,2000,3.346199
498,2005,0.57277322
498,2010,0.75089645
498,2015,0.26689392
499,1970,13.417259
499,1975,9.9505424
499,1980,10.3647
499,1985,4.2652659
499,1990,6.537262
499,1995,2.3076577
499,2000,2.2265396
499,2005,1.6877451
499,2010,1.5577927
499,2015,1.1528168
504,1970,78.415764
504,1975,73.869759
504,1980,69.742203
504,1985,64.426117
504,1990,58.405891
504,1995,54.017754
504,2000,47.693741
504,2005,44.384205
504,2010,31.745224
504,2015,26.249992
508,1970,81.918869
508,1975,78.042198
508,1980,73.002289
508,1985,69.258957
508,1990,64.505058
508,1995,61.292122
508,2000,51.84116
508,2005,49.416191
508,2010,40.604229
508,2015,41.652786
512,1970,77.865143
512,1975,68.80381
512,1980,60.071701
512,1985,50.690956
512,1990,41.703964
512,1995,33.105957
512,2000,18.636688
512,2005,13.37886
512,2010,10.539898
512,2015,5.2084694
516,1970,41.129311
516,1975,36.433544
516,1980,31.879318
516,1985,27.563784
516,1990,24.183418
516,1995,20.097446
516,2000,15.05574
516,2005,23.513412
516,2010,11.725372
516,2015,8.4727325
524,1970,82.668701
524,1975,79.426224
524,1980,79.426331
524,1985,71.711914
524,1990,67.024414
524,1995,61.868126
524,2000,51.391029
524,2005,50.540165
524,2010,40.372749
524,2015,32.091568
528,1970,3.2175114
528,1975,2.3943412
528,1980,1.5910527
528,1985,1.0635465
528,1990,0.75186032
528,1995,0.59975356
528,2000,0.50784612
528,2005,0.44792381
528,2010,0.4150584
528,2015,0.4014374
530,1970,17.808514
530,1975,21.10346
530,1980,13.758053
530,1985,16.747963
530,1990,4.8964462
530,1995,13.912856
530,2000,7.0584054
530,2005,9.9192209
530,2010,6.700449
530,2015,7.0446215
531,1970,17.808514
531,1975,21.10346
531,1980,9.9020233
531,1985,16.747963
531,1990,5.9000015
531,1995,13.912856
531,2000,4
531,2005,9.9192209
531,2010,4
531,2015,7.0446215
533,1970,17.808514
533,1975,21.10346
533,1980,13.758053
533,1985,16.747963
533,1990,10.757634
533,1995,13.912856
533,2000,2.7087479
533,2005,9.9192209
533,2010,3.1773605
533,2015,2.1925812
540,1970,41.646004
540,1975,8.6996307
540,1980,35.945595
540,1985,6.9193726
540,1990,27.903666
540,1995,3.8620834
540,2000,23.590893
540,2005,19.93969
540,2010,2.1999969
540,2015,12.915357
548,1970,41.646004
548,1975,47.12608
548,1980,41.799999
548,1985,21.84107
548,1990,31.300003
548,1995,26
548,2000,21.599998
548,2005,19.93969
548,2010,15.300003
548,2015,12.49369
554,1970,1.6087557
554,1975,1.1971706
554,1980,0.79552633
554,1985,0.53177327
554,1990,0.37593016
554,1995,0.29987678
554,2000,0.25392306
554,2005,0.2239619
554,2010,0.2075292
554,2015,0.2007187
558,1970,42.244064
558,1975,40.153023
558,1980,38.136021
558,1985,36.196114
558,1990,34.321907
558,1995,32.491528
558,2000,23.322868
558,2005,21.997017
558,2010,27.738583
558,2015,17.385452
562,1970,93.861214
562,1975,92.787445
562,1980,91.404175
562,1985,89.698235
562,1990,87.757309
562,1995,85.514915
562,2000,85.623962
562,2005,71.327576
562,2010,69.439606
562,2015,73.398079
566,1970,77.609924
566,1975,71.336388
566,1980,63.938389
566,1985,56.087986
566,1990,44.553249
566,1995,40.605824
566,2000,45.226822
566,2005,48.92234
566,2010,21.542625
566,2015,37.98399
578,1970,1.6087557
578,1975,1.1971706
578,1980,0.79552633
578,1985,0.53177327
578,1990,0.37593016
578,1995,0.29987678
578,2000,0.25392306
578,2005,0.2239619
578,2010,0.2075292
578,2015,0.2007187
583,1970,3.5793533
583,1975,3.5793533
583,1980,3.5793533
583,1985,0.63085175
583,1990,0.63085175
583,1995,1.1158943
583,2000,1.1158943
583,2005,1.1158943
583,2010,1.1158943
583,2015,3.4062576
586,1970,77.898224
586,1975,74.284103
586,1980,74.274811
586,1985,66.468628
586,1990,61.845879
586,1995,57.30069
586,2000,51.898151
586,2005,46.683861
586,2010,44.110062
586,2015,40.86795
591,1970,19.764076
591,1975,16.86315
591,1980,11.928261
591,1985,12.101281
591,1990,11.220139
591,1995,8.8827944
591,2000,8.1003799
591,2005,6.5239692
591,2010,5.9058838
591,2015,4.5881882
598,1970,58.633064
598,1975,54.434772
598,1980,49.923702
598,1985,45.698662
598,1990,41.876316
598,1995,38.227352
598,2000,42.656738
598,2005,31.325369
598,2010,38.400002
598,2015,25.334488
600,1970,18.93395
600,1975,15.817893
600,1980,21.541389
600,1985,10.83977
600,1990,9.7281799
600,1995,7.5380425
600,2000,6.2680707
600,2005,6.1318183
600,2010,5.4594402
600,2015,5.2580414
604,1970,26.772978
604,1975,22.736498
604,1980,18.081543
604,1985,16.084076
604,1990,12.849373
604,1995,11.276468
604,2000,12.330147
604,2005,11.267059
604,2010,6.2251625
604,2015,5.7765274
608,1970,15.19624
608,1975,12.506391
608,1980,16.68277
608,1985,8.4585752
608,1990,6.2550659
608,1995,5.4373736
608,2000,7.4046249
608,2005,4.5799026
608,2010,3.6019974
608,2015,1.8174515
616,1970,1.6334844
616,1975,1.2572632
616,1980,0.8044374
616,1985,1.2572632
616,1990,0.37796065
616,1995,1.2572632
616,2000,0.25435582
616,2005,1.2572632
616,2010,0.20752886
616,2015,0.20068797
620,1970,24.879896
620,1975,20.678423
620,1980,20.564392
620,1985,14.41552
620,1990,12.052147
620,1995,9.041255
620,2000,6.9634171
620,2005,5.1751909
620,2010,5.5229492
620,2015,3.8624115
624,1970,86.182999
624,1975,80.041748
624,1980,78.821457
624,1985,74.459267
624,1990,69.779167
624,1995,64.50235
624,2000,58.642231
624,2005,53.040932
624,2010,54.418839
624,2015,41.367012
626,1970,30.404457
626,1975,25.705452
626,1980,23.215105
626,1985,18.365356
626,1990,15.056507
626,1995,15.729896
626,2000,62.400002
626,2005,49.400002
626,2010,41.691021
626,2015,31.933167
630,1970,13.829218
630,1975,11.986751
630,1980,13.253937
630,1985,9.2951784
630,1990,10.377502
630,1995,6.8827434
630,2000,5.948204
630,2005,5.1383619
630,2010,8.0347672
630,2015,7.6100006
634,1970,39.137493
634,1975,34.474831
634,1980,28.495119
634,1985,24.36496
634,1990,21.931269
634,1995,16.737839
634,2000,11.037613
634,2005,6.0677466
634,2010,9.0198975
634,2015,6.6953659
638,1970,33.251598
638,1975,27.607946
638,1980,21.390457
638,1985,19.715012
638,1990,16.353733
638,1995,13.643144
638,2000,11.325771
638,2005,9.2091932
638,2010,7.1383586
638,2015,5.5800066
642,1970,6.3271265
642,1975,5.2666769
642,1980,4.2563105
642,1985,3.4459076
642,1990,3.2900238
642,1995,2.2095544
642,2000,2.7024078
642,2005,1.3209325
642,2010,1.3957138
642,2015,1.1555023
643,1970,1.688182
643,1975,1.382743
643,1980,1.1037799
643,1985,0.87545735
643,1990,0.69142246
643,1995,0.53945488
643,2000,0.41244248
643,2005,0.33163258
643,2010,0.26956064
643,2015,0.23176168
646,1970,69.926804
646,1975,61.756569
646,1980,57.467659
646,1985,50.759399
646,1990,42.146511
646,1995,37.161499
646,2000,35.111397
646,2005,25.384823
646,2010,31.670855
646,2015,26.784409
654,1970,81.349655
654,1975,77.385834
654,1980,72.794395
654,1985,67.707664
654,1990,63.368469
654,1995,4.0282288
654,2000,57.805496
654,2005,53.040802
654,2010,51.279797
654,2015,47.364422
660,1970,17.808514
660,1975,21.10346
660,1980,4.5929031
660,1985,16.747963
660,1990,4.5929031
660,1995,13.912856
660,2000,7.0584054
660,2005,9.9192209
660,2010,6.700449
660,2015,7.0446215
662,1970,17.808514
662,1975,21.10346
662,1980,9.9020233
662,1985,16.747963
662,1990,5.9000015
662,1995,13.912856
662,2000,4
662,2005,9.9192209
662,2010,4
662,2015,7.0446215
670,1970,4.3678436
670,1975,21.10346
670,1980,13.758053
670,1985,16.747963
670,1990,10.757634
670,1995,13.912856
670,2000,7.0584054
670,2005,9.9192209
670,2010,6.700449
670,2015,7.0446215
674,1970,15.734859
674,1975,13.137277
674,1980,11.674517
674,1985,8.8507786
674,1990,7.7798543
674,1995,6.100039
674,2000,3.340184
674,2005,3.5038762
674,2010,2.6252508
674,2015,0.083572388
678,1970,71.674934
678,1975,66.826813
678,1980,42.675739
678,1985,52.062386
678,1990,26.757584
678,1995,42.035908
678,2000,15.091492
678,2005,30.463608
678,2010,9.8569031
678,2015,7.1833572
682,1970,61.601974
682,1975,53.0742
682,1980,44.377235
682,1985,36.709679
682,1990,29.178352
682,1995,25.924004
682,2000,18.89566
682,2005,17.404459
682,2010,5.5736618
682,2015,4.6713715
686,1970,83.977516
686,1975,80.783417
686,1980,77.607185
686,1985,73.131149
686,1990,69.877518
686,1995,65.374115
686,2000,60.724751
686,2005,54.20686
686,2010,52.565269
686,2015,48.099579
688,1970,13.417259
688,1975,9.9505424
688,1980,6.5097132
688,1985,4.2652659
688,1990,2.9425707
688,1995,2.3076577
688,2000,1.9307642
688,2005,1.6877451
688,2010,1.5564564
688,2015,1.5035934
690,1970,62.169964
690,1975,55.510612
690,1980,50.015766
690,1985,15.770782
690,1990,12.18885
690,1995,36.16555
690,2000,8.1635437
690,2005,31.476519
690,2010,6.0457687
690,2015,4.1322937
694,1970,81.349655
694,1975,77.385834
694,1980,72.794395
694,1985,67.707664
694,1990,63.368469
694,1995,57.430771
694,2000,65.17321
694,2005,53.040802
694,2010,67.57383
694,2015,56.793671
702,1970,24.695667
702,1975,19.666208
702,1980,17.093948
702,1985,12.969121
702,1990,10.903999
702,1995,8.6144047
702,2000,7.4505997
702,2005,5.5152307
702,2010,3.664412
702,2015,2.894453
703,1970,1.6087557
703,1975,1.1971706
703,1980,0.79552633
703,1985,0.53177327
703,1990,0.37593016
703,1995,0.29987678
703,2000,0.25392306
703,2005,0.2239619
703,2010,0.2075292
703,2015,0.2007187
704,1970,17.54895
704,1975,16.174057
704,1980,12.486469
704,1985,12.403549
704,1990,8.8792
704,1995,9.7217026
704,2000,9.8438721
704,2005,6.4795532
704,2010,4.280797
704,2015,4.9996185
705,1970,0.64963388
705,1975,0.5885911
705,1980,0.5255816
705,1985,0.4703005
705,1990,0.47547913
705,1995,0.3786217
705,2000,0.30000305
705,2005,0.31975231
705,2010,0.30000305
705,2015,0.2711004
706,1970,94.595352
706,1975,55.510612
706,1980,50.015766
706,1985,43.913101
706,1990,39.701962
706,1995,36.16555
706,2000,31.043764
706,2005,31.476519
706,2010,27.094393
706,2015,23.161285
710,1970,28.878979
710,1975,25.638123
710,1980,23.799507
710,1985,20.15789
710,1990,17.907564
710,1995,17.5979
710,2000,13.991755
710,2005,9.1939468
710,2010,6.5377922
710,2015,9.2927055
716,1970,39.874062
716,1975,33.504284
716,1980,22.205833
716,1985,22.252569
716,1990,16.487419
716,1995,13.702117
716,2000,9.9955311
716,2005,7.1503587
716,2010,13.861935
716,2015,3.9280734
724,1970,7.9374142
724,1975,6.5409675
724,1980,7.1902313
724,1985,4.2721434
724,1990,3.5050278
724,1995,2.6891007
724,2000,2.834877
724,2005,2.2501488
724,2010,2.0799911
724,2015,1.7232437
728,1970,70.218025
728,1975,63.683933
728,1980,56.926056
728,1985,51.426266
728,1990,44.357212
728,1995,39.340618
728,2000,34.12426
728,2005,73.168716
728,2010,23.5597
728,2015,65.477242
729,1970,72.727821
729,1975,68.11026
729,1980,62.920719
729,1985,57.256569
729,1990,51.465778
729,1995,45.612438
729,2000,39.813194
729,2005,34.723381
729,2010,30.132933
729,2015,25.88896
732,1970,78.415764
732,1975,73.869759
732,1980,69.742203
732,1985,64.426117
732,1990,58.405891
732,1995,54.017754
732,2000,47.693741
732,2005,44.384205
732,2010,31.745224
732,2015,26.249992
736,1970,70.218025
736,1975,63.683933
736,1980,56.926056
736,1985,51.426266
736,1990,44.357212
736,1995,39.340618
736,2000,38.654129
736,2005,46.48262
736,2010,23.5597
736,2015,39.302818
740,1970,19.610388
740,1975,16.917896
740,1980,15.174514
740,1985,11.837346
740,1990,9.7087831
740,1995,8.3060417
740,2000,10.401939
740,2005,5.3790588
740,2010,6.2277946
740,2015,5.6167297
748,1970,48.893192
748,1975,44.674961
748,1980,37.518959
748,1985,32.76062
748,1990,26.6353
748,1995,22.563936
748,2000,18.339302
748,2005,16.020327
748,2010,16.901711
748,2015,11.58062
752,1970,1.6087557
752,1975,1.1971706
752,1980,0.79552633
752,1985,0.53177327
752,1990,0.37593016
752,1995,0.29987678
752,2000,0.25392306
752,2005,0.2239619
752,2010,0.2075292
752,2015,0.2007187
756,1970,1.6087557
756,1975,1.1971706
756,1980,0.79552633
756,1985,0.53177327
756,1990,0.37593016
756,1995,0.29987678
756,2000,0.25392306
756,2005,0.2239619
756,2010,0.2075292
756,2015,0.2007187
760,1970,56.271076
760,1975,50.031616
760,1980,44.345501
760,1985,38.35812
760,1990,33.122692
760,1995,28.278597
760,2000,18.133614
760,2005,20.330435
760,2010,17.479919
760,2015,14.982486
762,1970,8.2146835
762,1975,5.6721563
762,1980,3.7281144
762,1985,2.3059769
762,1990,1.5808094
762,1995,1.0505743
762,2000,0.54931641
762,2005,0.47288561
762,2010,0.19999695
762,2015,0.26689839
764,1970,17.996861
764,1975,14.25926
764,1980,12.018242
764,1985,8.8403702
764,1990,6.8842955
764,1995,5.3165679
764,2000,7.3534622
764,2005,6.4935303
764,2010,4.9335098
764,2015,6.6819649
768,1970,72.031082
768,1975,67.360596
768,1980,62.398006
768,1985,57.212482
768,1990,51.806007
768,1995,46.142456
768,2000,46.822399
768,2005,43.009125
768,2010,39.590061
768,2015,36.254379
776,1970,34.288975
776,1975,0.40753937
776,1980,15.743801
776,1985,25.695402
776,1990,2.0556717
776,1995,1.0946274
776,2000,19.134161
776,2005,0.98153687
776,2010,0.61447144
776,2015,0.58563232
780,1970,7.5300217
780,1975,5.9211769
780,1980,5.0296783
780,1985,3.5742011
780,1990,3.0614471
780,1995,2.1072628
780,2000,2.0999985
780,2005,1.1636057
780,2010,1.3000031
780,2015,0.69884294
784,1970,45.12001
784,1975,46.485119
784,1980,33.797886
784,1985,28.764702
784,1990,28.630907
784,1995,26.060186
784,2000,23.300472
784,2005,9.9661484
784,2010,18.746531
784,2015,6.7728577
788,1970,69.132965
788,1975,60.282425
788,1980,51.809299
788,1985,44.750675
788,1990,38.724461
788,1995,32.813499
788,2000,25.703003
788,2005,22.624237
788,2010,20.490084
788,2015,14.894849
792,1970,40.585201
792,1975,38.372318
792,1980,34.305656
792,1985,24.031761
792,1990,20.767548
792,1995,16.722937
792,2000,12.634506
792,2005,11.044733
792,2010,5.5234556
792,2015,4.0269089
795,1970,21.64456
795,1975,16.949947
795,1980,13.397698
795,1985,7.928175
795,1990,8.5060682
795,1995,1.2216797
795,2000,0.95336914
795,2005,2.4089327
795,2010,0.30000305
795,2015,0.22787584
800,1970,61.97456
800,1975,57.206661
800,1980,52.258186
800,1985,47.114689
800,1990,43.89262
800,1995,36.027046
800,2000,31.857491
800,2005,28.626862
800,2010,28.294949
800,2015,23.472504
804,1970,1.1495061
804,1975,0.97115207
804,1980,0.80549532
804,1985,0.66102505
804,1990,0.53743809
804,1995,0.44158342
804,2000,0.56958771
804,2005,0.29833215
804,2010,0.025650024
804,2015,0.21072938
807,1970,15.734859
807,1975,13.137277
807,1980,11.674517
807,1985,8.8507786
807,1990,5.9412537
807,1995,6.100039
807,2000,3.8710709
807,2005,3.5038762
807,2010,2.1999969
807,2015,1.7880181
810,1970,3.7261147
810,1975,2.9946725
810,1980,2.277956
810,1985,2.0139465
810,1990,1.3952439
810,1995,1.1233747
810,2000,0.55902863
810,2005,0.72546411
810,2010,0.31572723
810,2015,0.26994324
818,1970,67.000763
818,1975,61.803242
818,1980,59.151711
818,1985,55.576012
818,1990,51.265083
818,1995,44.412998
818,2000,42.979256
818,2005,31.128231
818,2010,26.341942
818,2015,28.831749
826,1970,1.6087557
826,1975,1.1971706
826,1980,0.79552633
826,1985,0.53177327
826,1990,0.37593016
826,1995,0.29987678
826,2000,0.25392306
826,2005,0.2239619
826,2010,0.2075292
826,2015,0.2007187
834,1970,60.324318
834,1975,53.854645
834,1980,47.070084
834,1985,40.8862
834,1990,33.735294
834,1995,27.716082
834,2000,30.569099
834,2005,17.464447
834,2010,27.049355
834,2015,22.11277
840,1970,1.6087557
840,1975,1.1971706
840,1980,0.79552633
840,1985,0.53177327
840,1990,0.37593016
840,1995,0.29987678
840,2000,0.25392306
840,2005,0.2239619
840,2010,0.2075292
840,2015,0.2007187
850,1970,17.808514
850,1975,21.10346
850,1980,9.9020233
850,1985,16.747963
850,1990,5.9000015
850,1995,13.912856
850,2000,4
850,2005,9.9192209
850,2010,4
850,2015,7.0446215
854,1970,92.334351
854,1975,91.31485
854,1980,88.163239
854,1985,85.42942
854,1990,86.430771
854,1995,87.151833
854,2000,78.177078
854,2005,75.081497
854,2010,65.400604
854,2015,58.775551
858,1970,6.7152963
858,1975,6.1389313
858,1980,4.7097788
858,1985,4.620018
858,1990,3.1091838
858,1995,3.2181931
858,2000,2.0604589
858,2005,1.9789238
858,2010,1.6791306
858,2015,1.3987694
860,1970,35.074436
860,1975,28.227739
860,1980,23.067282
860,1985,19.007929
860,1990,15.431328
860,1995,12.579341
860,2000,1.3574219
860,2005,8.1386824
860,2010,0.012294769
860,2015,0.012235005
862,1970,21.921906
862,1975,18.04981
862,1980,15.267799
862,1985,12.315005
862,1990,10.174751
862,1995,8.3567572
862,2000,7.0201721
862,2005,4.6666832
862,2010,5.2297821
862,2015,3.1338463
882,1970,34.288975
882,1975,31.460569
882,1980,28.831764
882,1985,25.695402
882,1990,2.0556717
882,1995,21.201967
882,2000,19.134161
882,2005,17.144188
882,2010,1.026741
882,2015,0.90422821
887,1970,85.63575
887,1975,83.242195
887,1980,77.598396
887,1985,71.438194
887,1990,62.91
887,1995,57.357025
887,2000,45.900002
887,2005,44.376999
887,2010,37.68362
887,2015,31.531603
890,1970,15.734859
890,1975,13.137277
890,1980,11.674517
890,1985,8.8507786
890,1990,7.7798543
890,1995,6.100039
890,2000,3.340184
890,2005,3.5038762
890,2010,2.03759
890,2015,1.158493
894,1970,50.220753
894,1975,44.822044
894,1980,39.506969
894,1985,34.840652
894,1990,35.00174
894,1995,31.998207
894,2000,30.850777
894,2005,38.571709
894,2010,16.992332
894,2015,13.252037
