"iso","country","year","age","sex","educ","mys","adj_factor","samys"
124,"Canada",1970,0,0,0,10.53,0.966739426958138,10.1797661658692
124,"Canada",1975,0,0,0,11.11,0.983538226428195,10.9271096956172
124,"Canada",1980,0,0,0,11.64,0.998150295795549,11.6184694430602
124,"Canada",1985,0,0,0,12.09,1.00668949554674,12.1708760011601
124,"Canada",1990,0,0,0,12.49,1.01336902113964,12.6569790740341
124,"Canada",1995,0,0,0,12.82,1.02092065465889,13.088202792727
124,"Canada",2000,0,0,0,13.1,1.02524879500018,13.4307592145023
124,"Canada",2005,0,0,0,13.33,1.03018770256187,13.7324020751498
124,"Canada",2010,0,0,0,13.5,1.03600402309841,13.9860543118285
152,"Chile",1970,0,0,0,7.12,0.715478454725265,5.09420659764389
152,"Chile",1975,0,0,0,7.76,0.726671683511314,5.63897226404779
152,"Chile",1980,0,0,0,8.38,0.73745441989155,6.17986803869119
152,"Chile",1985,0,0,0,8.96,0.748242032077029,6.70424860741018
152,"Chile",1990,0,0,0,9.49,0.755082185368975,7.16572993915158
152,"Chile",1995,0,0,0,9.97,0.764305631586512,7.62012714691753
152,"Chile",2000,0,0,0,10.39,0.773735547396015,8.0391123374446
152,"Chile",2005,0,0,0,10.79,0.784583846564913,8.46565970443541
152,"Chile",2010,0,0,0,11.08,0.796152372712669,8.82136828965637
170,"Colombia",1970,0,0,0,3.79,0.62716806786296,2.37696697720062
170,"Colombia",1975,0,0,0,4.32,0.632700973199779,2.73326820422305
170,"Colombia",1980,0,0,0,4.91,0.642069965225029,3.15256352925489
170,"Colombia",1985,0,0,0,5.5,0.664342654517552,3.65388459984654
170,"Colombia",1990,0,0,0,6.04,0.695382304250909,4.20010911767549
170,"Colombia",1995,0,0,0,6.53,0.713577275464022,4.65965960878007
170,"Colombia",2000,0,0,0,7.03,0.722317746885994,5.07789376060854
170,"Colombia",2005,0,0,0,7.52,0.728305221251101,5.47685526380828
170,"Colombia",2010,0,0,0,7.96,0.723416069252401,5.75839191124912
196,"Cyprus",1970,0,0,0,6.55,1.00577261063072,6.58781059963123
196,"Cyprus",1975,0,0,0,7.64,1.01462562469695,7.75173977268468
196,"Cyprus",1980,0,0,0,8.73,1.02542443992576,8.9519553605519
196,"Cyprus",1985,0,0,0,9.64,1.0314188385179,9.94287760331259
196,"Cyprus",1990,0,0,0,10.47,1.03384309323992,10.824337186222
196,"Cyprus",1995,0,0,0,11.22,1.03520585521277,11.6150096954873
196,"Cyprus",2000,0,0,0,11.85,1.03265065706938,12.2369102862721
196,"Cyprus",2005,0,0,0,12.4,1.03108923647783,12.7855065323251
196,"Cyprus",2010,0,0,0,12.89,1.0309669916392,13.2891645222292
203,"Czech Republic",1970,0,0,0,10.52,1.01309226473573,10.6577306250199
203,"Czech Republic",1975,0,0,0,10.84,1.0213660324162,11.0716077913916
203,"Czech Republic",1980,0,0,0,11.15,1.02847453906249,11.4674911105467
203,"Czech Republic",1985,0,0,0,11.35,1.02728544154773,11.6596897615667
203,"Czech Republic",1990,0,0,0,11.57,1.02940691056579,11.9102379552461
203,"Czech Republic",1995,0,0,0,11.71,1.03128131382929,12.076304184941
203,"Czech Republic",2000,0,0,0,11.87,1.03474020678671,12.2823662545582
203,"Czech Republic",2005,0,0,0,12.12,1.03664887321467,12.5641843433618
203,"Czech Republic",2010,0,0,0,12.34,1.03870539802725,12.8176246116562
208,"Denmark",1970,0,0,0,10.49,0.956950562505748,10.0384114006853
208,"Denmark",1975,0,0,0,10.77,0.962874671779425,10.3701602150644
208,"Denmark",1980,0,0,0,11.02,0.972151754696017,10.7131123367501
208,"Denmark",1985,0,0,0,11.25,0.981547152940616,11.0424054705819
208,"Denmark",1990,0,0,0,11.47,0.98902814690794,11.3441528450341
208,"Denmark",1995,0,0,0,11.68,0.996047805327624,11.6338383662267
208,"Denmark",2000,0,0,0,11.86,1.00539693879317,11.9240076940869
208,"Denmark",2005,0,0,0,12.03,1.00879196934598,12.1357673912322
208,"Denmark",2010,0,0,0,12.12,1.01617957001247,12.3160963885511
218,"Ecuador",1970,0,0,0,4.2,0.683280818593682,2.86977943809347
218,"Ecuador",1975,0,0,0,4.79,0.692274657392479,3.31599560890998
218,"Ecuador",1980,0,0,0,5.48,0.706247451151597,3.87023603231075
218,"Ecuador",1985,0,0,0,6.22,0.70747501491574,4.40049459277591
218,"Ecuador",1990,0,0,0,6.94,0.715746073508855,4.96727775015145
218,"Ecuador",1995,0,0,0,7.58,0.72028494322798,5.45975986966809
218,"Ecuador",2000,0,0,0,8.12,0.720971748642191,5.85429059897459
218,"Ecuador",2005,0,0,0,8.59,0.7239406180233,6.21864990882014
218,"Ecuador",2010,0,0,0,9.04,0.724272006953693,6.54741894286138
233,"Estonia",1970,0,0,0,9.98,0.982400235700376,9.80435435228975
233,"Estonia",1975,0,0,0,10.81,0.997569703842436,10.7837284985367
233,"Estonia",1980,0,0,0,11.38,1.00946552614998,11.4877176875868
233,"Estonia",1985,0,0,0,11.79,1.01420451947577,11.9574712846193
233,"Estonia",1990,0,0,0,12.18,1.01909040434815,12.4125211249605
233,"Estonia",1995,0,0,0,12.46,1.02606079166662,12.7847174641661
233,"Estonia",2000,0,0,0,12.66,1.03057927360434,13.0471336038309
233,"Estonia",2005,0,0,0,12.76,1.0341015844696,13.1951362178321
233,"Estonia",2010,0,0,0,12.71,1.03328665826088,13.1330734264958
246,"Finland",1970,0,0,0,8.85,0.984054072342569,8.70887854023174
246,"Finland",1975,0,0,0,9.49,0.9912008182356,9.40649576505585
246,"Finland",1980,0,0,0,10.11,1.00105866662656,10.1207031195945
246,"Finland",1985,0,0,0,10.67,1.01139478884927,10.7915823970217
246,"Finland",1990,0,0,0,11.2,1.02320529437886,11.4598992970432
246,"Finland",1995,0,0,0,11.67,1.0372332426044,12.1045119411933
246,"Finland",2000,0,0,0,12.01,1.05066497175448,12.6184863107713
246,"Finland",2005,0,0,0,12.28,1.06022356416051,13.019545367891
246,"Finland",2010,0,0,0,12.45,1.07360684399447,13.3664052077311
250,"France",1970,0,0,0,7.97,0.917739471941262,7.31438359137186
250,"France",1975,0,0,0,8.5,0.931442679428669,7.91726277514369
250,"France",1980,0,0,0,9.03,0.940376764516002,8.4916021835795
250,"France",1985,0,0,0,9.48,0.946887354660086,8.97649212217762
250,"France",1990,0,0,0,10.01,0.955634884911069,9.5659051979598
250,"France",1995,0,0,0,10.49,0.963016026630496,10.1020381193539
250,"France",2000,0,0,0,10.92,0.972484765029082,10.6195336341176
250,"France",2005,0,0,0,11.3,0.981986530758173,11.0964477975674
250,"France",2010,0,0,0,11.62,0.990177065307155,11.5058574988691
268,"Georgia",1970,0,0,0,8.39,0.891542187786917,7.48003895553223
268,"Georgia",1975,0,0,0,9.28,0.886626481229424,8.22789374580905
268,"Georgia",1980,0,0,0,10.07,0.880201994877024,8.86363408841163
268,"Georgia",1985,0,0,0,10.67,0.878731673482727,9.3760669560607
268,"Georgia",1990,0,0,0,11.2,0.878172700345239,9.83553424386667
268,"Georgia",1995,0,0,0,11.64,0.880065309444103,10.2439602019294
268,"Georgia",2000,0,0,0,11.91,0.880644370750656,10.4884744556403
268,"Georgia",2005,0,0,0,12.09,0.881811021946209,10.6610952553297
268,"Georgia",2010,0,0,0,12.21,0.882554697614497,10.775992857873
276,"Germany",1970,0,0,0,11.94,0.955245052072583,11.4056259217466
276,"Germany",1975,0,0,0,12.17,0.959468650656618,11.676733478491
276,"Germany",1980,0,0,0,12.4,0.966174200621178,11.9805600877026
276,"Germany",1985,0,0,0,12.6,0.969265685044264,12.2127476315577
276,"Germany",1990,0,0,0,12.81,0.974795979975414,12.4871365034851
276,"Germany",1995,0,0,0,13.01,0.985753474472154,12.8246527028827
276,"Germany",2000,0,0,0,13.15,0.991406513302044,13.0369956499219
276,"Germany",2005,0,0,0,13.28,0.997815262568951,13.2509866869157
276,"Germany",2010,0,0,0,13.39,1.00756326616111,13.4912721338973
288,"Ghana",1970,0,0,0,3.13,0.371655409670179,1.16328143226766
288,"Ghana",1975,0,0,0,3.87,0.385628350382539,1.49238171598043
288,"Ghana",1980,0,0,0,4.55,0.361766459390474,1.64603739022666
288,"Ghana",1985,0,0,0,5.13,0.37114401086689,1.90396877574715
288,"Ghana",1990,0,0,0,5.59,0.378694822286353,2.11690405658071
288,"Ghana",1995,0,0,0,5.98,0.368428339906495,2.20320147264084
288,"Ghana",2000,0,0,0,6.38,0.338948309533392,2.16249021482304
288,"Ghana",2005,0,0,0,6.78,0.32001524082376,2.1697033327851
288,"Ghana",2010,0,0,0,7.1,0.301905681929004,2.14353034169593
300,"Greece",1970,0,0,0,6.42,0.96040588097589,6.16580575586521
300,"Greece",1975,0,0,0,7.08,0.96605601193592,6.83967656450631
300,"Greece",1980,0,0,0,7.78,0.970075762428407,7.54718943169301
300,"Greece",1985,0,0,0,8.45,0.97204544341302,8.21378399684002
300,"Greece",1990,0,0,0,9.11,0.97398180605643,8.87297425317408
300,"Greece",1995,0,0,0,9.84,0.976326998655329,9.60705766676844
300,"Greece",2000,0,0,0,10.48,0.9762093648293,10.2306741434111
300,"Greece",2005,0,0,0,10.99,0.97614902050982,10.7278777354029
300,"Greece",2010,0,0,0,11.38,0.969899106283743,11.037451829509
348,"Hungary",1970,0,0,0,8.15,0.829340137145247,6.75912211773376
348,"Hungary",1975,0,0,0,8.91,0.861506070147877,7.67601908501759
348,"Hungary",1980,0,0,0,9.65,0.891481004976406,8.60279169802232
348,"Hungary",1985,0,0,0,10.11,0.908403259734515,9.18395695591595
348,"Hungary",1990,0,0,0,10.62,0.931656169451381,9.89418851957366
348,"Hungary",1995,0,0,0,11.05,0.950945369410354,10.5079463319844
348,"Hungary",2000,0,0,0,11.41,0.965657602836918,11.0181532483692
348,"Hungary",2005,0,0,0,11.72,0.976368421066684,11.4430378949015
348,"Hungary",2010,0,0,0,11.93,0.985323816160372,11.7549131267932
372,"Ireland",1970,0,0,0,8.11,0.957798963569541,7.76774959454898
372,"Ireland",1975,0,0,0,8.53,0.970498665560712,8.27835361723288
372,"Ireland",1980,0,0,0,9.02,0.979644720701686,8.83639538072921
372,"Ireland",1985,0,0,0,9.5,0.98964520535801,9.4016294509011
372,"Ireland",1990,0,0,0,9.92,0.99104407537796,9.83115722774937
372,"Ireland",1995,0,0,0,10.35,0.996717072519584,10.3160217005777
372,"Ireland",2000,0,0,0,10.89,1.00381927755375,10.9315919325603
372,"Ireland",2005,0,0,0,11.62,1.01120617411587,11.7502157432264
372,"Ireland",2010,0,0,0,12.31,1.01490353923302,12.4934625679585
376,"Israel",1970,0,0,0,7.08,0.771540198021069,5.46250460198917
376,"Israel",1975,0,0,0,7.74,0.783752248456851,6.06624240305603
376,"Israel",1980,0,0,0,8.38,0.797999809684713,6.68723840515789
376,"Israel",1985,0,0,0,8.92,0.811027540162371,7.23436565824835
376,"Israel",1990,0,0,0,9.67,0.831036436494507,8.03612234090189
376,"Israel",1995,0,0,0,10.36,0.848993579866682,8.79557348741882
376,"Israel",2000,0,0,0,11.01,0.870367873219846,9.5827502841505
376,"Israel",2005,0,0,0,11.61,0.891286399520304,10.3478350984307
376,"Israel",2010,0,0,0,11.85,0.902487892652376,10.6944815279307
380,"Italy",1970,0,0,0,6.34,0.899640473155481,5.70372059980575
380,"Italy",1975,0,0,0,6.99,0.909084217808921,6.35449868248436
380,"Italy",1980,0,0,0,7.7,0.920051050721415,7.08439309055489
380,"Italy",1985,0,0,0,8.35,0.931063164398835,7.77437742273027
380,"Italy",1990,0,0,0,9.01,0.943065391612465,8.49701917842831
380,"Italy",1995,0,0,0,9.61,0.952405817856313,9.15261990959917
380,"Italy",2000,0,0,0,10.14,0.957944441813312,9.71355663998698
380,"Italy",2005,0,0,0,10.65,0.962190750995837,10.2473314981057
380,"Italy",2010,0,0,0,11.07,0.965543630063494,10.6885679848029
392,"Japan",1970,0,0,0,10.68,1.03835358956162,11.0896163365181
392,"Japan",1975,0,0,0,11.06,1.04245941416367,11.5296011206502
392,"Japan",1980,0,0,0,11.43,1.04942701430135,11.9949507734644
392,"Japan",1985,0,0,0,11.81,1.0589641907114,12.5063670923016
392,"Japan",1990,0,0,0,12.23,1.07120408592807,13.1008259709003
392,"Japan",1995,0,0,0,12.67,1.08657058593338,13.7668493237759
392,"Japan",2000,0,0,0,13.11,1.10054248133208,14.4281119302636
392,"Japan",2005,0,0,0,13.51,1.11287129201871,15.0348911551728
392,"Japan",2010,0,0,0,13.88,1.12430364326451,15.6053345685113
398,"Kazakhstan",1970,0,0,0,7.62,0.9861047148188,7.51411792691926
398,"Kazakhstan",1975,0,0,0,8.23,0.983301879746009,8.09257447030966
398,"Kazakhstan",1980,0,0,0,8.83,0.983415181036917,8.68355604855597
398,"Kazakhstan",1985,0,0,0,9.32,0.975766792910157,9.09414650992266
398,"Kazakhstan",1990,0,0,0,9.71,0.969253461843213,9.4114511144976
398,"Kazakhstan",1995,0,0,0,10.1,0.963416339801021,9.73050503199031
398,"Kazakhstan",2000,0,0,0,10.45,0.959335100247898,10.0250517975905
398,"Kazakhstan",2005,0,0,0,10.91,0.955071248129009,10.4198273170875
398,"Kazakhstan",2010,0,0,0,11.19,0.947781324197095,10.6056730177655
40,"Austria",1970,0,0,0,8.63,0.942263426758452,8.13173337292544
40,"Austria",1975,0,0,0,9.09,0.950261577918391,8.63787774327817
40,"Austria",1980,0,0,0,9.58,0.957921936597226,9.17689215260142
40,"Austria",1985,0,0,0,10.02,0.968484419864274,9.70421388704003
40,"Austria",1990,0,0,0,10.48,0.980392022077419,10.2745083913714
40,"Austria",1995,0,0,0,10.9,0.991328117146158,10.8054764768931
40,"Austria",2000,0,0,0,11.2,0.999373005941946,11.1929776665498
40,"Austria",2005,0,0,0,11.5,1.0052652343625,11.5605501951688
40,"Austria",2010,0,0,0,11.76,1.01461839263125,11.9319122973435
404,"Kenya",1970,0,0,0,2.51,0.308818071299296,0.775133358961233
404,"Kenya",1975,0,0,0,3.23,0.32308590432989,1.04356747098555
404,"Kenya",1980,0,0,0,4.02,0.313420542494269,1.25995058082696
404,"Kenya",1985,0,0,0,4.89,0.342614341906616,1.67538413192335
404,"Kenya",1990,0,0,0,5.76,0.378627842530245,2.18089637297421
404,"Kenya",1995,0,0,0,6.59,0.391422508950152,2.5794743339815
404,"Kenya",2000,0,0,0,7.08,0.410977297095203,2.90971926343403
404,"Kenya",2005,0,0,0,7.47,0.410970706547091,3.06995117790677
404,"Kenya",2010,0,0,0,7.67,0.410589247298513,3.14921952677959
410,"Republic of Korea",1970,0,0,0,6.02,0.925510763812937,5.57157479815388
410,"Republic of Korea",1975,0,0,0,7.09,0.939462243581464,6.66078730699258
410,"Republic of Korea",1980,0,0,0,8.19,0.956032945560728,7.82990982414236
410,"Republic of Korea",1985,0,0,0,9.18,0.964804703041145,8.85690717391771
410,"Republic of Korea",1990,0,0,0,10.06,0.976633983041185,9.82493786939432
410,"Republic of Korea",1995,0,0,0,10.78,0.987436104071128,10.6445612018868
410,"Republic of Korea",2000,0,0,0,11.4,1.00067600832735,11.4077064949318
410,"Republic of Korea",2005,0,0,0,11.96,1.01297132807979,12.1151370838343
410,"Republic of Korea",2010,0,0,0,12.5,1.02911459438421,12.8639324298026
440,"Lithuania",1970,0,0,0,8.69,1.02040155455597,8.86728950909134
440,"Lithuania",1975,0,0,0,9.68,1.02058582181891,9.87927075520704
440,"Lithuania",1980,0,0,0,10.56,1.00993754363069,10.66494046074
440,"Lithuania",1985,0,0,0,11.29,1.00616052190968,11.3595522923603
440,"Lithuania",1990,0,0,0,12,1.00631310426655,12.0757572511986
440,"Lithuania",1995,0,0,0,12.62,1.00812054476652,12.7224812749534
440,"Lithuania",2000,0,0,0,13.1,1.00906326697353,13.2187287973533
440,"Lithuania",2005,0,0,0,13.35,1.0071957021362,13.4460626235183
440,"Lithuania",2010,0,0,0,13.36,1.00905966036027,13.4810370624132
484,"Mexico",1970,0,0,0,3.73,0.734541649893482,2.73984035410269
484,"Mexico",1975,0,0,0,4.38,0.745303010294482,3.26442718508983
484,"Mexico",1980,0,0,0,5.09,0.762391439166826,3.88057242535914
484,"Mexico",1985,0,0,0,5.83,0.777655465662302,4.53373136481122
484,"Mexico",1990,0,0,0,6.59,0.790919607184518,5.21216021134597
484,"Mexico",1995,0,0,0,7.29,0.806731636418391,5.88107362949007
484,"Mexico",2000,0,0,0,7.83,0.815424401505167,6.38477306378546
484,"Mexico",2005,0,0,0,8.3,0.820731753303804,6.81207355242158
484,"Mexico",2010,0,0,0,8.75,0.825423478269729,7.22245543486013
51,"Armenia",1970,0,0,0,7.7,0.952252019923123,7.33234055340805
51,"Armenia",1975,0,0,0,8.68,0.955572513158688,8.29436941421741
51,"Armenia",1980,0,0,0,9.47,0.952133203749789,9.0167014395105
51,"Armenia",1985,0,0,0,9.97,0.953046519363372,9.50187379805282
51,"Armenia",1990,0,0,0,10.37,0.950130787530808,9.85285626669448
51,"Armenia",1995,0,0,0,10.69,0.950429079385451,10.1600868586305
51,"Armenia",2000,0,0,0,10.85,0.94808480564174,10.2867201412129
51,"Armenia",2005,0,0,0,10.95,0.946658972759255,10.3659157517138
51,"Armenia",2010,0,0,0,11,0.943026513911465,10.3732916530261
528,"Netherlands",1970,0,0,0,9.36,0.992805907566534,9.29266329482276
528,"Netherlands",1975,0,0,0,9.73,1.00102509558006,9.739974179994
528,"Netherlands",1980,0,0,0,10.11,1.00977378602145,10.2088129766769
528,"Netherlands",1985,0,0,0,10.46,1.02015291392549,10.6707994796607
528,"Netherlands",1990,0,0,0,10.82,1.03232705937803,11.1697787824702
528,"Netherlands",1995,0,0,0,11.13,1.04417218400338,11.6216364079576
528,"Netherlands",2000,0,0,0,11.38,1.05247531547808,11.9771690901405
528,"Netherlands",2005,0,0,0,11.6,1.05984578808756,12.2942111418157
528,"Netherlands",2010,0,0,0,11.82,1.0688362001473,12.6336438857411
554,"New Zealand",1970,0,0,0,9.75,0.932867371801018,9.09545687505993
554,"New Zealand",1975,0,0,0,10.41,0.95381498480887,9.92921399186033
554,"New Zealand",1980,0,0,0,11,0.97838136761289,10.7621950437418
554,"New Zealand",1985,0,0,0,11.57,1.00284278576503,11.6028910313014
554,"New Zealand",1990,0,0,0,12.05,1.01965924518689,12.2868939045021
554,"New Zealand",1995,0,0,0,12.47,1.03454682601418,12.9007989203968
554,"New Zealand",2000,0,0,0,12.78,1.04420237737718,13.3449063828804
554,"New Zealand",2005,0,0,0,13.05,1.05029008524732,13.7062856124775
554,"New Zealand",2010,0,0,0,13.28,1.05537370286528,14.015362774051
56,"Belgium",1970,0,0,0,8.3,0.960428380224572,7.97155555586395
56,"Belgium",1975,0,0,0,8.73,0.969439607322817,8.46320777192819
56,"Belgium",1980,0,0,0,9.19,0.976588905439086,8.9748520409852
56,"Belgium",1985,0,0,0,9.61,0.983107529198473,9.44766335559733
56,"Belgium",1990,0,0,0,10.08,0.99106222903595,9.98990726868238
56,"Belgium",1995,0,0,0,10.51,0.99825755547727,10.4916869080661
56,"Belgium",2000,0,0,0,10.91,1.00337295731362,10.9467989642916
56,"Belgium",2005,0,0,0,11.23,1.00778066193587,11.3173768335399
56,"Belgium",2010,0,0,0,11.49,1.01471072610364,11.6590262429308
578,"Norway",1970,0,0,0,10.8,1.00854941555207,10.8923336879624
578,"Norway",1975,0,0,0,11.03,1.01211387481398,11.1636160391982
578,"Norway",1980,0,0,0,11.29,1.01744914110775,11.4870008031065
578,"Norway",1985,0,0,0,11.54,1.02431670480791,11.8206147734833
578,"Norway",1990,0,0,0,11.76,1.03431649925734,12.1635620312663
578,"Norway",1995,0,0,0,11.95,1.04185584442915,12.4501773409284
578,"Norway",2000,0,0,0,12.16,1.04593130756825,12.7185247000299
578,"Norway",2005,0,0,0,12.39,1.04920361238897,12.9996327574994
578,"Norway",2010,0,0,0,12.67,1.05414828466652,13.3560587667248
604,"Peru",1970,0,0,0,5.24,0.679463290343275,3.56038764139876
604,"Peru",1975,0,0,0,5.9,0.690049860216451,4.07129417527706
604,"Peru",1980,0,0,0,6.56,0.70032515834782,4.5941330387617
604,"Peru",1985,0,0,0,7.21,0.702778237967256,5.06703109574391
604,"Peru",1990,0,0,0,7.84,0.709796653283304,5.5648057617411
604,"Peru",1995,0,0,0,8.43,0.712644714559568,6.00759494373716
604,"Peru",2000,0,0,0,8.96,0.719283906540168,6.4447838025999
604,"Peru",2005,0,0,0,9.4,0.722425082571252,6.79079577616977
604,"Peru",2010,0,0,0,9.91,0.734295617384763,7.276869568283
616,"Poland",1970,0,0,0,9.84,0.938127085416794,9.23117052050126
616,"Poland",1975,0,0,0,10.26,0.94812300187117,9.72774199919821
616,"Poland",1980,0,0,0,10.67,0.958775719833316,10.2301369306215
616,"Poland",1985,0,0,0,11,0.962838705586355,10.5912257614499
616,"Poland",1990,0,0,0,11.3,0.971212830818981,10.9747049882545
616,"Poland",1995,0,0,0,11.57,0.977711797722173,11.3121254996455
616,"Poland",2000,0,0,0,11.81,0.982944106626159,11.6085698992549
616,"Poland",2005,0,0,0,12.03,0.986142275170427,11.8632915703002
616,"Poland",2010,0,0,0,12.23,0.994002849853093,12.1566548537033
643,"Russian Federation",1970,0,0,0,6.43,1.02821010833044,6.61139099656471
643,"Russian Federation",1975,0,0,0,7.28,1.0368925668215,7.54857788646053
643,"Russian Federation",1980,0,0,0,8.11,1.04901856447105,8.5075405578602
643,"Russian Federation",1985,0,0,0,8.72,1.04916373674637,9.14870778442839
643,"Russian Federation",1990,0,0,0,9.27,1.05440238194092,9.77431008059232
643,"Russian Federation",1995,0,0,0,9.83,1.06368326088363,10.4560064544861
643,"Russian Federation",2000,0,0,0,10.16,1.05958896695765,10.7654239042898
643,"Russian Federation",2005,0,0,0,10.43,1.0492361073443,10.943532599601
643,"Russian Federation",2010,0,0,0,10.69,1.04092739008812,11.127513800042
68,"Bolivia (Plurinational State of)",1970,0,0,0,4.33,0.465445826579926,2.01538042909108
68,"Bolivia (Plurinational State of)",1975,0,0,0,4.87,0.464684500468464,2.26301351728142
68,"Bolivia (Plurinational State of)",1980,0,0,0,5.42,0.485035947102489,2.62889483329549
68,"Bolivia (Plurinational State of)",1985,0,0,0,5.94,0.448834815467787,2.66607880387865
68,"Bolivia (Plurinational State of)",1990,0,0,0,6.47,0.463677328949129,2.99999231830086
68,"Bolivia (Plurinational State of)",1995,0,0,0,7.03,0.477595875744865,3.3574990064864
68,"Bolivia (Plurinational State of)",2000,0,0,0,7.64,0.486521492956009,3.71702420618391
68,"Bolivia (Plurinational State of)",2005,0,0,0,8.25,0.50994661882611,4.2070596053154
68,"Bolivia (Plurinational State of)",2010,0,0,0,8.84,0.525516646310126,4.64556715338151
702,"Singapore",1970,0,0,0,4.9,0.730661426079795,3.580240987791
702,"Singapore",1975,0,0,0,6.29,0.759108511035101,4.77479253441079
702,"Singapore",1980,0,0,0,7.66,0.79214625556875,6.06784031765662
702,"Singapore",1985,0,0,0,8.78,0.81630201980232,7.16713173386437
702,"Singapore",1990,0,0,0,9.99,0.84998133116669,8.49131349835523
702,"Singapore",1995,0,0,0,10.87,0.869940000810254,9.45624780880746
702,"Singapore",2000,0,0,0,11.58,0.889690658072947,10.3026178204847
702,"Singapore",2005,0,0,0,12.27,0.915057929645456,11.2277607967497
702,"Singapore",2010,0,0,0,12.96,0.944352422640211,12.2388073974171
703,"Slovakia",1970,0,0,0,10.35,1.04353245043372,10.800560861989
703,"Slovakia",1975,0,0,0,10.74,1.05346304915058,11.3141931478772
703,"Slovakia",1980,0,0,0,11.07,1.05734934413473,11.7048572395714
703,"Slovakia",1985,0,0,0,11.3,1.05579798607593,11.930517242658
703,"Slovakia",1990,0,0,0,11.56,1.05800066017408,12.2304876316123
703,"Slovakia",1995,0,0,0,11.76,1.05570763312591,12.4151217655607
703,"Slovakia",2000,0,0,0,11.96,1.05768117521954,12.6498668556257
703,"Slovakia",2005,0,0,0,12.23,1.05581735326835,12.9126462304719
703,"Slovakia",2010,0,0,0,12.43,1.05302931536091,13.0891543899361
704,"Viet Nam",1970,0,0,0,3.65,0.553259450248999,2.01939699340885
704,"Viet Nam",1975,0,0,0,4.42,0.571015601262531,2.52388895758039
704,"Viet Nam",1980,0,0,0,5.18,0.582217973454067,3.01588910249207
704,"Viet Nam",1985,0,0,0,5.87,0.595216726844904,3.49392218657959
704,"Viet Nam",1990,0,0,0,6.4,0.60236546117921,3.85513895154694
704,"Viet Nam",1995,0,0,0,6.78,0.60495352335244,4.10158488832954
704,"Viet Nam",2000,0,0,0,7.09,0.613100601596437,4.34688326531874
704,"Viet Nam",2005,0,0,0,7.39,0.616567033032703,4.55643037411167
704,"Viet Nam",2010,0,0,0,7.73,0.620343489805893,4.79525517619955
705,"Slovenia",1970,0,0,0,10.3,0.934356591617315,9.62387289365834
705,"Slovenia",1975,0,0,0,10.48,0.938278498854086,9.83315866799082
705,"Slovenia",1980,0,0,0,10.63,0.93642829441056,9.95423276958426
705,"Slovenia",1985,0,0,0,10.79,0.936077172931354,10.1002726959293
705,"Slovenia",1990,0,0,0,10.96,0.940221805083785,10.3048309837183
705,"Slovenia",1995,0,0,0,11.13,0.944203266532042,10.5089823565016
705,"Slovenia",2000,0,0,0,11.32,0.94993863736185,10.7533053749361
705,"Slovenia",2005,0,0,0,11.54,0.955673178767037,11.0284684829716
705,"Slovenia",2010,0,0,0,11.85,0.963913824529994,11.4223788206804
724,"Spain",1970,0,0,0,5.58,0.870132914464315,4.85534166271088
724,"Spain",1975,0,0,0,6.24,0.880475398894147,5.49416648909948
724,"Spain",1980,0,0,0,6.91,0.890774055382185,6.1552487226909
724,"Spain",1985,0,0,0,7.57,0.90277881854708,6.8340356564014
724,"Spain",1990,0,0,0,8.27,0.920774429975303,7.61480453589575
724,"Spain",1995,0,0,0,8.98,0.93547903926091,8.40060177256298
724,"Spain",2000,0,0,0,9.66,0.948567735516246,9.16316432508694
724,"Spain",2005,0,0,0,10.2,0.958102965704266,9.77265025018352
724,"Spain",2010,0,0,0,10.65,0.963835376406455,10.2648467587287
752,"Sweden",1970,0,0,0,9.18,0.97508562792037,8.951286064309
752,"Sweden",1975,0,0,0,9.66,0.984328017351757,9.50860864761798
752,"Sweden",1980,0,0,0,10.16,0.997972923023884,10.1394048979227
752,"Sweden",1985,0,0,0,10.63,1.00948104793725,10.7307835395729
752,"Sweden",1990,0,0,0,11.1,1.02222523067633,11.3467000605073
752,"Sweden",1995,0,0,0,11.49,1.03287187513625,11.8676978453155
752,"Sweden",2000,0,0,0,11.8,1.03901630876249,12.2603924433974
752,"Sweden",2005,0,0,0,12.07,1.04577943931827,12.6225578325715
752,"Sweden",2010,0,0,0,12.34,1.0568138736888,13.0410832013198
792,"Turkey",1970,0,0,0,3.52,0.814237903110771,2.86611741894992
792,"Turkey",1975,0,0,0,4.17,0.819846977578284,3.41876189650145
792,"Turkey",1980,0,0,0,4.89,0.82601535182661,4.03921507043212
792,"Turkey",1985,0,0,0,5.59,0.83481664609348,4.66662505166255
792,"Turkey",1990,0,0,0,6.3,0.84750601113407,5.33928787014464
792,"Turkey",1995,0,0,0,6.96,0.855519622089523,5.95441656974308
792,"Turkey",2000,0,0,0,7.55,0.860696616624489,6.49825945551489
792,"Turkey",2005,0,0,0,8.08,0.866344998177653,7.00006758527544
792,"Turkey",2010,0,0,0,8.64,0.869389944394481,7.51152911956832
804,"Ukraine",1970,0,0,0,6.66,0.794154134278509,5.28906653429487
804,"Ukraine",1975,0,0,0,7.66,0.836159075200985,6.40497851603955
804,"Ukraine",1980,0,0,0,8.56,0.878919392077634,7.52354999618455
804,"Ukraine",1985,0,0,0,9.16,0.914616003870705,8.37788259545566
804,"Ukraine",1990,0,0,0,9.73,0.924873735661135,8.99902144798284
804,"Ukraine",1995,0,0,0,10.19,0.960428168248074,9.78676303444787
804,"Ukraine",2000,0,0,0,10.4,0.974016636320114,10.1297730177292
804,"Ukraine",2005,0,0,0,10.62,0.983286466215997,10.4425022712139
804,"Ukraine",2010,0,0,0,10.86,0.982625909054763,10.6713173723347
826,"United Kingdom of Great Britain and Northern Ireland",1970,0,0,0,10.9,1.06686120051371,11.6287870855994
826,"United Kingdom of Great Britain and Northern Ireland",1975,0,0,0,11.12,1.06966101349008,11.8946304700097
826,"United Kingdom of Great Britain and Northern Ireland",1980,0,0,0,11.38,1.06947965434164,12.1706784664079
826,"United Kingdom of Great Britain and Northern Ireland",1985,0,0,0,11.65,1.06685375725988,12.4288462720776
826,"United Kingdom of Great Britain and Northern Ireland",1990,0,0,0,11.93,1.06541550219451,12.7104069411805
826,"United Kingdom of Great Britain and Northern Ireland",1995,0,0,0,12.17,1.06423537894708,12.951744561786
826,"United Kingdom of Great Britain and Northern Ireland",2000,0,0,0,12.4,1.06080326211161,13.153960450184
826,"United Kingdom of Great Britain and Northern Ireland",2005,0,0,0,12.63,1.06017585384245,13.3900210340301
826,"United Kingdom of Great Britain and Northern Ireland",2010,0,0,0,12.86,1.05455073213068,13.5615224152006
840,"United States of America",1970,0,0,0,10.69,0.967150624345744,10.338840174256
840,"United States of America",1975,0,0,0,11.14,0.986136013083791,10.9855551857534
840,"United States of America",1980,0,0,0,11.54,0.998114708651049,11.5182437378331
840,"United States of America",1985,0,0,0,11.87,1.01028306282698,11.9920599557563
840,"United States of America",1990,0,0,0,12.12,1.01505930282131,12.3025187501943
840,"United States of America",1995,0,0,0,12.28,1.01722159726558,12.4914812144213
840,"United States of America",2000,0,0,0,12.38,1.0154426093398,12.5711795036268
840,"United States of America",2005,0,0,0,12.46,1.01202264380631,12.6098021418266
840,"United States of America",2010,0,0,0,12.54,1.0105960589218,12.6728745788794
124,"Canada",2015,0,0,0,13.29,1.04239437308215,13.8534212182618
152,"Chile",2015,0,0,0,11.32,0.832871503808861,9.42810542311631
196,"Cyprus",2015,0,0,0,13.01,1.0262772292919,13.3518667530876
203,"Czech Republic",2015,0,0,0,13.02,1.04368984090454,13.5888417285771
208,"Denmark",2015,0,0,0,12.6,1.03157340656577,12.9978249227287
218,"Ecuador",2015,0,0,0,9.4,0.742226858236727,6.97693246742523
233,"Estonia",2015,0,0,0,13.27,1.04940514012094,13.9256062094049
246,"Finland",2015,0,0,0,13.03,1.09531804382604,14.2719941110533
250,"France",2015,0,0,0,12.14,0.995757531476315,12.0884964321225
276,"Germany",2015,0,0,0,13.73,1.0262772292919,14.0907863581778
300,"Greece",2015,0,0,0,11.78,0.965580751613713,11.3745412540095
348,"Hungary",2015,0,0,0,12.41,1.00490201022256,12.4708339468619
372,"Ireland",2015,0,0,0,12.63,1.01534195679119,12.8237689142727
376,"Israel",2015,0,0,0,11.86,0.96828599324281,11.4838718798597
380,"Italy",2015,0,0,0,11.94,0.949501709818236,11.3370504152297
392,"Japan",2015,0,0,0,13.81,1.12900020720803,15.5914928615429
398,"Kazakhstan",2015,0,0,0,11.31,0.949768423781668,10.7418808729707
40,"Austria",2015,0,0,0,12.16,1.02650584126056,12.4823110297284
410,"Republic of Korea",2015,0,0,0,12.9,1.0319925285083,13.3127036177571
440,"Lithuania",2015,0,0,0,13.48,1.01377977500537,13.6657513670724
484,"Mexico",2015,0,0,0,9.32,0.839386944915559,7.82308632661301
528,"Netherlands",2015,0,0,0,12.42,1.0809154898007,13.4249703833247
554,"New Zealand",2015,0,0,0,13.52,1.07127568512237,14.4836472628545
56,"Belgium",2015,0,0,0,11.95,1.04894791618363,12.5349275983944
578,"Norway",2015,0,0,0,13.1,1.06476024401567,13.9483591966053
604,"Peru",2015,0,0,0,10.22,0.736206743062117,7.52403291409483
616,"Poland",2015,0,0,0,13.04,1.01263671516209,13.2047827657136
643,"Russian Federation",2015,0,0,0,10.87,1.04917652815228,11.4045488610153
702,"Singapore",2015,0,0,0,12.64,0.971562764793547,12.2805533469904
703,"Slovakia",2015,0,0,0,13.25,1.04368984090454,13.8288903919851
705,"Slovenia",2015,0,0,0,12.2,0.97278202862638,11.8679407492418
724,"Spain",2015,0,0,0,11.47,0.95757933271075,10.9834349461923
752,"Sweden",2015,0,0,0,12.77,1.06658913976492,13.6203433147981
792,"Turkey",2015,0,0,0,9.21,0.85878086025655,7.90937172296282
826,"United Kingdom of Great Britain and Northern Ireland",2015,0,0,0,13.26,1.04178474116574,13.8140656678577
840,"United States of America",2015,0,0,0,12.89,1.02985881680085,13.2748801485629
170,"Colombia",2015,0,0,0,8.51,0.735939774857557,6.26284748403781
268,"Georgia",2015,0,0,0,12.65,0.889800056348736,11.2559707128115
288,"Ghana",2015,0,0,0,7.58,0.304779039283179,2.3102251177665
404,"Kenya",2015,0,0,0,8.28,0.435935022947916,3.60954199000874
51,"Armenia",2015,0,0,0,11.03,0.942382375490951,10.3944776016652
68,"Bolivia (Plurinational State of)",2015,0,0,0,9.53,0.536086617776508,5.10890546741012
704,"Viet Nam",2015,0,0,0,8.08,0.631960222388648,5.10623859690028
804,"Ukraine",2015,0,0,0,10.98,0.986866622307222,10.8357955129333
